rank,tickers,ema_fast,ema_slow,width,max_cost,tp,sl,entry,exit,n_trades,win_rate,final_bal,IS_ret_%,OOS_ret_%
1,"NVDA,TSLA,MSTR",5,20,5.0,50.0,0.8,0.5,10:00,14:30,81,28.4,3155.42,951.8,
2,"NVDA,TSLA,MSTR",5,20,5.0,50.0,0.6,0.5,10:00,14:30,81,28.4,2854.51,851.5,
3,"NVDA,TSLA",5,20,5.0,50.0,0.8,0.5,10:00,14:30,80,33.8,2467.54,722.5,
4,"NVDA,TSLA,MSTR",5,20,5.0,50.0,0.8,0.5,10:00,15:30,81,18.5,2277.7,659.2,
5,"NVDA,TSLA",5,20,5.0,50.0,0.6,0.5,10:00,14:30,80,33.8,2271.73,657.2,
6,"NVDA,TSLA",5,26,5.0,50.0,0.8,0.5,10:00,14:30,80,32.5,2066.88,589.0,
7,"NVDA,TSLA,MSTR",5,20,5.0,50.0,0.6,0.5,10:00,15:30,81,18.5,2042.31,580.8,
8,"AMD,TSLA,NVDA",5,20,5.0,50.0,0.8,0.4,10:00,15:30,81,16.0,2029.91,576.6,
9,SMCI,9,20,5.0,30.0,0.8,0.4,10:00,14:30,78,21.8,1997.96,566.0,
10,SMCI,9,20,5.0,50.0,0.8,0.4,10:00,14:30,78,20.5,1984.91,561.6,
11,"NVDA,TSLA",5,26,5.0,50.0,0.8,0.4,10:00,14:30,81,29.6,1983.04,561.0,
12,"NVDA,AMD",5,26,5.0,50.0,0.8,0.5,10:00,14:30,79,35.4,1968.0,556.0,
13,SMCI,9,20,5.0,50.0,0.6,0.4,10:00,14:30,78,20.5,1963.72,554.6,
14,SMCI,9,20,5.0,30.0,0.6,0.4,10:00,14:30,78,21.8,1949.83,549.9,
15,NVDA,5,20,5.0,50.0,0.8,0.5,10:00,14:30,79,32.9,1933.84,544.6,
16,"NVDA,TSLA",5,20,5.0,50.0,0.8,0.4,10:00,14:30,81,28.4,1930.36,543.5,
17,"AMD,TSLA,NVDA",5,20,5.0,50.0,0.8,0.4,10:00,14:30,81,24.7,1863.78,521.3,
18,NVDA,5,20,5.0,50.0,0.8,0.4,10:00,14:30,80,25.0,1861.4,520.5,
19,"NVDA,TSLA",5,26,5.0,50.0,0.8,0.5,10:00,15:30,81,17.3,1845.03,515.0,
20,"NVDA,TSLA",5,20,5.0,50.0,0.6,0.4,10:00,14:30,81,28.4,1839.07,513.0,
21,"NVDA,TSLA",5,26,5.0,50.0,0.6,0.5,10:00,14:30,80,33.8,1832.09,510.7,
22,"AMD,TSLA,NVDA",5,26,5.0,50.0,0.8,0.5,10:00,15:30,81,18.5,1830.57,510.2,
23,"NVDA,AMD",5,26,5.0,50.0,0.6,0.5,10:00,14:30,79,35.4,1811.02,503.7,
24,"NVDA,TSLA,MSTR",5,26,5.0,50.0,0.8,0.5,10:00,14:30,81,24.7,1807.55,502.5,
25,"NVDA,AMD",5,26,5.0,50.0,0.8,0.4,10:00,14:30,80,27.5,1775.93,492.0,
26,"NVDA,TSLA,MSTR",5,20,5.0,50.0,0.8,0.4,10:00,15:30,81,13.6,1765.07,488.4,
27,"NVDA,TSLA",5,20,5.0,50.0,0.8,0.5,10:00,15:30,81,19.8,1762.19,487.4,
28,"AMD,TSLA,NVDA",5,20,5.0,50.0,0.8,0.5,10:00,15:30,81,18.5,1760.86,487.0,
29,"NVDA,TSLA",5,26,5.0,50.0,0.6,0.4,10:00,14:30,81,30.9,1754.29,484.8,
30,SMCI,9,26,5.0,50.0,0.8,0.5,10:00,14:30,78,25.6,1739.66,479.9,
31,SMCI,9,26,5.0,50.0,0.6,0.5,10:00,14:30,78,25.6,1733.39,477.8,
32,NVDA,5,20,5.0,50.0,0.6,0.5,10:00,14:30,79,32.9,1706.58,468.9,
33,"AMD,TSLA,NVDA",5,20,5.0,50.0,0.6,0.4,10:00,14:30,81,24.7,1702.17,467.4,
34,"NVDA,TSLA",5,20,5.0,50.0,0.6,0.5,10:00,15:30,81,19.8,1696.32,465.4,
35,"NVDA,TSLA",9,20,5.0,50.0,0.8,0.5,10:00,15:30,81,18.5,1685.25,461.8,
36,"NVDA,TSLA",5,20,5.0,30.0,0.8,0.4,10:00,15:30,81,13.6,1674.98,458.3,
37,"NVDA,TSLA,MSTR",9,26,5.0,50.0,0.8,0.5,10:00,15:30,81,18.5,1673.51,457.8,
38,"NVDA,TSLA,MSTR",5,26,5.0,50.0,0.6,0.5,10:00,14:30,81,25.9,1668.54,456.2,
39,"AMD,TSLA,NVDA",5,26,5.0,50.0,0.8,0.4,10:00,15:30,81,14.8,1663.96,454.7,
40,"NVDA,TSLA",5,20,5.0,30.0,0.8,0.5,10:00,15:30,81,16.0,1644.43,448.1,
41,"AMD,TSLA,NVDA",5,20,5.0,50.0,0.6,0.4,10:00,15:30,81,16.0,1641.95,447.3,
42,"NVDA,AMD",5,26,5.0,50.0,0.8,0.5,10:00,15:30,79,22.8,1634.4,444.8,
43,"NVDA,TSLA",5,26,2.0,50.0,0.8,0.5,10:00,14:30,80,42.5,1631.15,443.7,
44,"NVDA,AMD",9,20,5.0,50.0,0.8,0.5,10:00,14:30,79,30.4,1627.88,442.6,
45,"AMD,TSLA,NVDA",5,26,5.0,30.0,0.8,0.5,10:00,15:30,81,16.0,1627.21,442.4,
46,"NVDA,TSLA",5,20,5.0,30.0,0.8,0.5,10:00,14:30,81,28.4,1622.87,441.0,
47,"NVDA,AMD",5,26,5.0,50.0,0.6,0.4,10:00,14:30,80,27.5,1621.35,440.5,
48,NVDA,5,20,5.0,30.0,0.8,0.5,10:00,14:30,80,26.2,1617.72,439.2,
49,"AMD,TSLA,NVDA",5,26,5.0,50.0,0.8,0.5,10:00,14:30,80,28.7,1608.93,436.3,
50,"NVDA,TSLA",9,26,5.0,50.0,0.8,0.5,10:00,15:30,81,23.5,1607.92,436.0,
51,"AMD,TSLA,NVDA",5,26,2.0,50.0,0.6,0.5,10:00,15:30,81,33.3,1607.1,435.7,
52,"NVDA,TSLA",5,26,2.0,50.0,0.6,0.5,10:00,14:30,80,42.5,1602.8,434.3,
53,"NVDA,TSLA",5,20,5.0,30.0,0.6,0.5,10:00,14:30,81,28.4,1601.99,434.0,
54,NVDA,5,20,5.0,30.0,0.8,0.4,10:00,14:30,80,20.0,1590.29,430.1,
55,"NVDA,TSLA,MSTR",5,26,5.0,50.0,0.6,0.4,10:00,14:30,81,24.7,1589.01,429.7,
56,"NVDA,TSLA",5,26,5.0,30.0,0.8,0.5,10:00,14:30,81,25.9,1580.66,426.9,
57,"AMD,TSLA,NVDA",9,20,5.0,50.0,0.8,0.5,10:00,15:30,81,19.8,1579.29,426.4,
58,"NVDA,TSLA",5,20,5.0,50.0,0.8,0.4,10:00,15:30,81,14.8,1576.03,425.3,
59,"AMD,TSLA,NVDA",9,20,5.0,50.0,0.8,0.5,10:00,14:30,80,30.0,1561.3,420.4,
60,"AMD,TSLA,NVDA",9,26,5.0,50.0,0.8,0.5,10:00,14:30,81,25.9,1558.93,419.6,
61,"NVDA,TSLA",5,20,2.0,50.0,0.8,0.5,10:00,14:30,80,41.2,1549.94,416.6,
62,"NVDA,TSLA",5,20,2.0,50.0,0.8,0.4,10:00,14:30,80,36.2,1545.87,415.3,
63,"NVDA,TSLA",5,26,5.0,30.0,0.8,0.5,10:00,15:30,81,12.3,1544.39,414.8,
64,"NVDA,TSLA",5,26,5.0,30.0,0.8,0.4,10:00,14:30,81,19.8,1541.8,413.9,
65,SMCI,9,20,5.0,50.0,0.6,0.5,10:00,14:30,78,21.8,1535.62,411.9,
66,"NVDA,AMD",5,26,5.0,30.0,0.8,0.5,10:00,14:30,80,27.5,1529.41,409.8,
67,"AMD,TSLA,NVDA",9,26,5.0,50.0,0.8,0.5,10:00,15:30,81,18.5,1527.18,409.1,
68,"NVDA,AMD",5,26,5.0,50.0,0.6,0.5,10:00,15:30,79,22.8,1526.81,408.9,
69,TSLA,9,26,5.0,50.0,0.8,0.4,10:00,15:30,81,17.3,1507.86,402.6,
70,"NVDA,AMD",5,20,5.0,50.0,0.8,0.4,10:00,15:30,80,15.0,1501.18,400.4,
71,"NVDA,TSLA",5,26,2.0,50.0,0.6,0.5,10:00,15:30,81,33.3,1496.75,398.9,
72,SMCI,9,20,2.0,50.0,0.8,0.5,10:00,15:30,79,22.8,1495.07,398.4,
73,"NVDA,AMD",5,26,2.0,50.0,0.6,0.5,10:00,15:30,79,32.9,1491.33,397.1,
74,"AMD,TSLA,NVDA",5,20,5.0,30.0,0.8,0.5,10:00,15:30,81,16.0,1488.14,396.0,
75,TSLA,5,20,5.0,50.0,0.8,0.4,10:00,14:30,79,21.5,1483.71,394.6,
76,SMCI,9,20,5.0,50.0,0.8,0.4,10:00,15:30,79,16.5,1473.29,391.1,
77,"NVDA,AMD",9,20,5.0,50.0,0.6,0.5,10:00,14:30,79,30.4,1472.93,391.0,
78,SMCI,9,20,5.0,50.0,0.8,0.5,10:00,14:30,78,21.8,1472.93,391.0,
79,"AMD,TSLA,NVDA",5,26,2.0,50.0,0.8,0.5,10:00,15:30,81,30.9,1472.79,390.9,
80,"NVDA,TSLA,MSTR",5,20,5.0,50.0,0.6,0.4,10:00,14:30,81,21.0,1470.61,390.2,
81,"NVDA,TSLA",5,26,5.0,30.0,0.6,0.5,10:00,14:30,81,25.9,1467.58,389.2,
82,TSLA,5,20,5.0,30.0,0.8,0.5,10:00,14:30,79,20.3,1461.8,387.3,
83,"AMD,TSLA,NVDA",9,20,5.0,50.0,0.6,0.5,10:00,14:30,80,30.0,1461.65,387.2,
84,"NVDA,TSLA,MSTR",5,26,5.0,50.0,0.8,0.4,10:00,14:30,81,21.0,1461.18,387.1,
85,NVDA,5,20,5.0,30.0,0.6,0.5,10:00,14:30,80,26.2,1452.27,384.1,
86,TSLA,5,20,5.0,30.0,0.8,0.5,10:00,15:30,80,13.8,1449.86,383.3,
87,"AMD,TSLA,NVDA",5,26,5.0,50.0,0.6,0.5,10:00,14:30,80,28.7,1447.31,382.4,
88,"NVDA,TSLA",9,20,2.0,50.0,0.6,0.5,10:00,15:30,81,37.0,1445.61,381.9,
89,"NVDA,AMD",9,26,5.0,50.0,0.6,0.5,10:00,15:30,79,21.5,1445.47,381.8,
90,"AMD,TSLA,NVDA",5,26,5.0,50.0,0.6,0.5,10:00,15:30,81,18.5,1442.61,380.9,
91,TSLA,9,20,5.0,50.0,0.8,0.5,10:00,15:30,80,17.5,1438.91,379.6,
92,NVDA,5,20,5.0,50.0,0.6,0.4,10:00,14:30,80,23.8,1434.83,378.3,
93,"AMD,TSLA,NVDA",9,26,5.0,50.0,0.6,0.5,10:00,15:30,81,18.5,1434.22,378.1,
94,"NVDA,TSLA",5,20,5.0,30.0,0.8,0.4,10:00,14:30,81,21.0,1434.03,378.0,
95,"AMD,TSLA,NVDA",9,20,5.0,50.0,0.6,0.5,10:00,15:30,81,19.8,1431.74,377.2,
96,SMCI,9,20,5.0,30.0,0.8,0.5,10:00,15:30,79,15.2,1429.48,376.5,
97,"NVDA,AMD",5,26,1.0,50.0,0.8,0.5,10:00,15:30,79,53.2,1429.33,376.4,
98,"NVDA,TSLA",5,26,5.0,30.0,0.6,0.4,10:00,14:30,81,19.8,1428.72,376.2,
99,"NVDA,AMD",5,26,5.0,30.0,0.6,0.5,10:00,14:30,80,27.5,1427.39,375.8,
100,"AMD,TSLA,NVDA",5,26,2.0,50.0,0.8,0.5,10:00,14:30,80,37.5,1426.36,375.5,
101,TSLA,5,26,5.0,30.0,0.8,0.4,10:00,15:30,80,12.5,1426.58,375.5,
102,NVDA,5,20,2.0,50.0,0.8,0.5,10:00,14:30,79,39.2,1425.97,375.3,
103,SMCI,9,20,5.0,30.0,0.8,0.5,10:00,14:30,78,20.5,1424.99,375.0,
104,NVDA,5,20,5.0,30.0,0.6,0.4,10:00,14:30,80,20.0,1424.84,374.9,
105,AMD,9,20,5.0,50.0,0.8,0.5,10:00,15:30,78,24.4,1424.43,374.8,
106,"NVDA,TSLA",9,20,5.0,50.0,0.8,0.5,10:00,14:30,80,27.5,1414.0,371.3,
107,"NVDA,TSLA",5,26,5.0,50.0,0.8,0.4,10:00,15:30,81,14.8,1413.68,371.2,
108,"NVDA,TSLA",5,20,5.0,30.0,0.6,0.4,10:00,14:30,81,21.0,1413.16,371.1,
109,"AMD,TSLA,NVDA",5,26,2.0,50.0,0.6,0.5,10:00,14:30,80,37.5,1409.85,369.9,
110,"NVDA,TSLA,MSTR",9,20,5.0,50.0,0.8,0.5,10:00,14:30,81,19.8,1407.68,369.2,
111,"NVDA,TSLA",5,20,2.0,50.0,0.6,0.5,10:00,14:30,80,41.2,1406.26,368.8,
112,SMCI,9,20,5.0,30.0,0.6,0.5,10:00,14:30,78,20.5,1400.92,367.0,
113,"NVDA,TSLA,MSTR",5,26,5.0,30.0,0.8,0.4,10:00,14:30,81,18.5,1399.29,366.4,
114,"AMD,TSLA,NVDA",5,26,5.0,50.0,0.8,0.4,10:00,14:30,81,23.5,1398.76,366.3,
115,"NVDA,TSLA,MSTR",5,20,5.0,50.0,0.8,0.4,10:00,14:30,81,21.0,1394.9,365.0,
116,SMCI,5,26,5.0,30.0,0.8,0.4,10:00,15:30,80,13.8,1390.8,363.6,
117,TSLA,5,26,5.0,30.0,0.8,0.5,10:00,15:30,80,11.2,1387.78,362.6,
118,"NVDA,AMD",5,20,5.0,50.0,0.8,0.4,10:00,14:30,80,22.5,1387.14,362.4,
119,"AMD,TSLA,NVDA",5,26,5.0,30.0,0.8,0.5,10:00,14:30,81,24.7,1378.2,359.4,
120,"AMD,TSLA,NVDA",9,26,5.0,50.0,0.6,0.5,10:00,14:30,81,25.9,1377.9,359.3,
121,TSLA,5,20,5.0,50.0,0.6,0.4,10:00,14:30,79,21.5,1376.13,358.7,
122,"NVDA,TSLA",5,26,5.0,30.0,0.8,0.4,10:00,15:30,81,9.9,1374.91,358.3,
123,SMCI,9,20,5.0,50.0,0.6,0.4,10:00,15:30,79,16.5,1370.92,357.0,
124,TSLA,9,20,5.0,50.0,0.8,0.4,10:00,15:30,80,16.2,1370.25,356.7,
125,TSLA,5,26,5.0,50.0,0.8,0.4,10:00,15:30,80,16.2,1368.22,356.1,
126,"NVDA,TSLA",5,20,2.0,50.0,0.6,0.4,10:00,14:30,80,35.0,1366.85,355.6,
127,"NVDA,TSLA",9,26,5.0,50.0,0.8,0.5,10:00,14:30,81,27.2,1363.9,354.6,
128,"PLTR,SMCI",5,20,5.0,50.0,0.6,0.5,10:00,15:30,81,17.3,1363.46,354.5,
129,"NVDA,TSLA",5,20,2.0,30.0,0.8,0.5,10:00,14:30,80,36.2,1358.87,353.0,
130,AMD,9,20,5.0,50.0,0.6,0.5,10:00,15:30,78,24.4,1358.27,352.8,
131,SMCI,9,20,5.0,30.0,0.6,0.5,10:00,15:30,79,15.2,1356.02,352.0,
132,"NVDA,TSLA,MSTR",9,26,5.0,50.0,0.8,0.4,10:00,15:30,81,14.8,1355.8,351.9,
133,"AMD,TSLA,NVDA",5,26,5.0,30.0,0.6,0.5,10:00,14:30,81,24.7,1355.29,351.8,
134,"NVDA,TSLA",5,20,5.0,50.0,0.6,0.4,10:00,15:30,81,14.8,1353.65,351.2,
135,"NVDA,TSLA",5,20,2.0,30.0,0.8,0.4,10:00,14:30,81,33.3,1345.67,348.6,
136,"NVDA,TSLA",5,26,2.0,50.0,0.8,0.5,10:00,15:30,81,29.6,1343.06,347.7,
137,NVDA,5,20,2.0,50.0,0.8,0.4,10:00,14:30,79,34.2,1339.81,346.6,
138,"NVDA,AMD",5,20,5.0,50.0,0.6,0.4,10:00,15:30,80,15.0,1336.08,345.4,
139,"NVDA,TSLA,MSTR",9,26,5.0,50.0,0.8,0.5,10:00,14:30,81,19.8,1335.88,345.3,
140,TSLA,9,20,5.0,30.0,0.8,0.5,10:00,15:30,80,13.8,1335.33,345.1,
141,"AMD,TSLA,NVDA",5,26,5.0,50.0,0.6,0.4,10:00,15:30,81,14.8,1330.59,343.5,
142,"NVDA,AMD",5,20,1.0,50.0,0.8,0.5,10:00,15:30,79,49.4,1326.01,342.0,
143,"NVDA,TSLA",5,26,2.0,50.0,0.8,0.4,10:00,14:30,80,33.8,1325.59,341.9,
144,"AMD,TSLA,NVDA",5,26,2.0,50.0,0.6,0.4,10:00,15:30,81,28.4,1322.81,340.9,
145,"NVDA,TSLA",5,26,2.0,50.0,0.6,0.4,10:00,14:30,80,32.5,1320.1,340.0,
146,SMCI,9,26,5.0,50.0,0.8,0.4,10:00,14:30,78,20.5,1318.93,339.6,
147,SMCI,5,26,5.0,30.0,0.6,0.4,10:00,15:30,80,13.8,1317.35,339.1,
148,"QQQ,TSLA",5,20,5.0,50.0,0.8,0.5,10:00,15:30,81,14.8,1314.13,338.0,
149,"NVDA,AMD",5,26,2.0,50.0,0.8,0.4,10:00,14:30,79,35.4,1312.24,337.4,
150,"NVDA,TSLA",5,26,1.0,50.0,0.6,0.5,10:00,15:30,81,64.2,1311.77,337.3,
151,"NVDA,TSLA,PLTR,COIN",5,20,5.0,50.0,0.8,0.5,10:00,15:30,81,17.3,1311.97,337.3,
152,"AMD,TSLA,NVDA",5,20,5.0,30.0,0.8,0.4,10:00,15:30,81,11.1,1310.89,337.0,
153,"NVDA,TSLA",5,26,5.0,50.0,0.6,0.5,10:00,15:30,81,17.3,1307.65,335.9,
154,TSLA,5,20,5.0,50.0,0.8,0.5,10:00,14:30,79,22.8,1306.71,335.6,
155,"NVDA,TSLA",9,26,5.0,50.0,0.6,0.5,10:00,15:30,81,23.5,1303.38,334.5,
156,"NVDA,AMD",9,26,5.0,50.0,0.8,0.5,10:00,15:30,79,21.5,1301.55,333.9,
157,"NVDA,TSLA",9,20,5.0,50.0,0.6,0.5,10:00,15:30,81,18.5,1301.39,333.8,
158,"NVDA,AMD",5,20,5.0,50.0,0.6,0.4,10:00,14:30,80,22.5,1299.99,333.3,
159,"NVDA,AMD",5,26,1.0,50.0,0.6,0.5,10:00,15:30,79,58.2,1299.45,333.2,
160,"NVDA,AMD",9,20,5.0,50.0,0.6,0.5,10:00,15:30,79,21.5,1296.22,332.1,
161,"NVDA,TSLA",5,20,2.0,30.0,0.6,0.5,10:00,14:30,80,36.2,1293.87,331.3,
162,TSLA,5,20,5.0,30.0,0.6,0.5,10:00,14:30,79,20.3,1293.1,331.0,
163,"NVDA,TSLA",9,26,5.0,50.0,0.8,0.4,10:00,15:30,81,19.8,1292.83,330.9,
164,"NVDA,AMD",9,20,5.0,50.0,0.8,0.5,10:00,15:30,79,21.5,1286.45,328.8,
165,"NVDA,TSLA,MSTR",5,26,5.0,30.0,0.6,0.4,10:00,14:30,81,18.5,1286.21,328.7,
166,NVDA,9,26,5.0,30.0,0.8,0.5,10:00,14:30,78,25.6,1285.07,328.4,
167,"PLTR,SMCI",5,20,5.0,50.0,0.8,0.5,10:00,15:30,81,17.3,1284.11,328.0,
168,"NVDA,TSLA",5,20,2.0,30.0,0.6,0.4,10:00,14:30,81,33.3,1280.67,326.9,
169,"NVDA,TSLA,MSTR",5,26,5.0,30.0,0.8,0.5,10:00,14:30,81,23.5,1280.18,326.7,
170,"QQQ,TSLA",5,20,5.0,50.0,0.8,0.4,10:00,15:30,81,11.1,1278.43,326.1,
171,SMCI,5,26,5.0,50.0,0.6,0.4,10:00,14:30,79,21.5,1276.1,325.4,
172,"AMD,TSLA,NVDA",5,20,5.0,50.0,0.8,0.5,10:00,14:30,80,25.0,1273.99,324.7,
173,SMCI,5,26,5.0,30.0,0.8,0.5,10:00,15:30,80,17.5,1272.21,324.1,
174,"NVDA,TSLA",5,26,1.0,50.0,0.8,0.5,10:00,15:30,81,56.8,1268.01,322.7,
175,SMCI,9,26,5.0,50.0,0.6,0.4,10:00,14:30,78,20.5,1266.8,322.3,
176,"QQQ,TSLA",5,20,5.0,30.0,0.8,0.4,10:00,15:30,81,9.9,1262.4,320.8,
177,SMCI,5,26,5.0,50.0,0.8,0.4,10:00,14:30,79,21.5,1260.99,320.3,
178,SMCI,5,26,5.0,50.0,0.8,0.4,10:00,15:30,80,16.2,1259.81,319.9,
179,"AMD,TSLA,NVDA",9,20,2.0,50.0,0.8,0.5,10:00,15:30,81,28.4,1257.46,319.2,
180,"NVDA,AMD",5,26,2.0,50.0,0.6,0.4,10:00,14:30,79,35.4,1253.0,317.7,
181,"NVDA,TSLA",5,20,5.0,30.0,0.6,0.4,10:00,15:30,81,13.6,1252.88,317.6,
182,"AMD,TSLA,NVDA",5,20,5.0,50.0,0.6,0.5,10:00,14:30,80,25.0,1249.88,316.6,
183,"NVDA,TSLA",9,20,2.0,50.0,0.8,0.5,10:00,15:30,81,33.3,1249.64,316.5,
184,"AMD,TSLA,NVDA",5,20,5.0,30.0,0.8,0.5,10:00,14:30,81,24.7,1247.22,315.7,
185,"NVDA,TSLA,MSTR",9,26,5.0,50.0,0.6,0.5,10:00,15:30,81,18.5,1246.97,315.7,
186,"NVDA,TSLA",9,20,5.0,50.0,0.6,0.5,10:00,14:30,80,28.7,1244.81,314.9,
187,"AMD,TSLA,NVDA",5,26,5.0,50.0,0.6,0.4,10:00,14:30,81,23.5,1239.56,313.2,
188,"NVDA,TSLA",5,20,1.0,50.0,0.6,0.5,10:00,15:30,81,58.0,1237.3,312.4,
189,"NVDA,TSLA",5,20,2.0,50.0,0.6,0.4,10:00,15:30,81,28.4,1235.51,311.8,
190,TSLA,5,20,5.0,30.0,0.6,0.5,10:00,15:30,80,13.8,1234.63,311.5,
191,"AMD,TSLA,NVDA",9,20,5.0,50.0,0.8,0.4,10:00,14:30,81,22.2,1233.98,311.3,
192,NVDA,5,20,2.0,50.0,0.6,0.5,10:00,14:30,79,39.2,1230.05,310.0,
193,"NVDA,AMD",9,26,5.0,50.0,0.8,0.5,10:00,14:30,79,27.8,1229.29,309.8,
194,"NVDA,TSLA",5,20,1.0,50.0,0.8,0.5,10:00,15:30,81,54.3,1226.76,308.9,
195,SMCI,9,26,5.0,30.0,0.8,0.4,10:00,14:30,78,20.5,1226.55,308.8,
196,"AMD,TSLA,NVDA",5,20,5.0,30.0,0.6,0.5,10:00,14:30,81,24.7,1226.35,308.8,
197,"AMD,TSLA,NVDA",5,26,5.0,30.0,0.6,0.5,10:00,15:30,81,16.0,1225.89,308.6,
198,"AMD,TSLA,NVDA",9,20,2.0,50.0,0.6,0.5,10:00,14:30,80,37.5,1225.33,308.4,
199,SMCI,5,20,5.0,50.0,0.6,0.4,10:00,14:30,80,21.2,1224.55,308.2,
200,"AMD,TSLA,NVDA",9,26,5.0,30.0,0.8,0.5,10:00,14:30,81,17.3,1224.74,308.2,
201,"NVDA,AMD",5,20,1.0,50.0,0.6,0.5,10:00,15:30,79,54.4,1223.71,307.9,
202,"NVDA,TSLA",5,20,5.0,30.0,0.6,0.5,10:00,15:30,81,16.0,1222.34,307.4,
203,"AMD,TSLA,NVDA",5,20,1.0,50.0,0.8,0.5,10:00,15:30,81,48.1,1221.43,307.1,
204,"NVDA,TSLA,MSTR",5,20,5.0,30.0,0.6,0.5,10:00,14:30,81,25.9,1220.21,306.7,
205,NVDA,5,26,1.0,50.0,0.6,0.5,10:00,15:30,79,59.5,1219.73,306.6,
206,"QQQ,TSLA",5,20,5.0,30.0,0.8,0.5,10:00,15:30,81,11.1,1219.39,306.5,
207,"NVDA,TSLA,MSTR",5,20,5.0,30.0,0.8,0.5,10:00,14:30,81,24.7,1219.22,306.4,
208,"AMD,TSLA,NVDA",9,20,2.0,50.0,0.6,0.5,10:00,15:30,81,29.6,1218.61,306.2,
209,"NVDA,TSLA",9,20,2.0,50.0,0.6,0.5,10:00,14:30,80,37.5,1211.99,304.0,
210,"AMD,TSLA,NVDA",5,26,1.0,50.0,0.6,0.5,10:00,15:30,81,55.6,1211.02,303.7,
211,TSLA,5,26,5.0,50.0,0.8,0.4,10:00,14:30,79,21.5,1209.55,303.2,
212,"AMD,TSLA,NVDA",9,20,2.0,50.0,0.8,0.4,10:00,14:30,80,36.2,1209.03,303.0,
213,"PLTR,COIN,SMCI",9,26,2.0,50.0,0.6,0.5,10:00,15:30,80,30.0,1208.43,302.8,
214,"NVDA,AMD",5,26,2.0,50.0,0.6,0.4,10:00,15:30,79,27.8,1207.5,302.5,
215,"AMD,TSLA,NVDA",5,26,2.0,50.0,0.8,0.4,10:00,15:30,81,24.7,1203.2,301.1,
216,TSLA,5,26,5.0,30.0,0.8,0.5,10:00,14:30,79,20.3,1201.7,300.6,
217,SMCI,5,26,5.0,30.0,0.6,0.5,10:00,15:30,80,17.5,1198.75,299.6,
218,"NVDA,AMD",9,26,5.0,30.0,0.8,0.5,10:00,14:30,79,24.1,1198.27,299.4,
219,SMCI,5,20,5.0,50.0,0.8,0.4,10:00,14:30,80,21.2,1197.61,299.2,
220,"NVDA,AMD",5,26,2.0,30.0,0.6,0.5,10:00,15:30,79,25.3,1189.82,296.6,
221,"NVDA,AMD",9,20,5.0,30.0,0.8,0.5,10:00,14:30,80,21.2,1186.35,295.4,
222,"NVDA,TSLA",5,26,2.0,30.0,0.8,0.5,10:00,14:30,80,35.0,1184.84,294.9,
223,"AMD,TSLA,NVDA",5,26,2.0,50.0,0.8,0.4,10:00,14:30,80,31.2,1184.22,294.7,
224,"NVDA,TSLA,PLTR,COIN",5,20,5.0,30.0,0.8,0.4,10:00,15:30,81,9.9,1183.45,294.5,
225,SMCI,9,20,2.0,50.0,0.8,0.4,10:00,15:30,79,19.0,1183.23,294.4,
226,"PLTR,COIN,SMCI",5,20,2.0,50.0,0.8,0.5,10:00,15:30,81,24.7,1181.38,293.8,
227,"AMD,TSLA,NVDA",5,26,2.0,50.0,0.6,0.4,10:00,14:30,80,31.2,1178.87,293.0,
228,"AMD,TSLA,NVDA",5,26,1.0,50.0,0.8,0.5,10:00,15:30,81,49.4,1176.0,292.0,
229,"NVDA,TSLA",5,20,1.0,50.0,0.6,0.4,10:00,15:30,81,53.1,1176.14,292.0,
230,TSLA,5,20,5.0,50.0,0.8,0.5,10:00,15:30,80,17.5,1176.06,292.0,
231,NVDA,5,20,1.0,50.0,0.6,0.5,10:00,15:30,79,59.5,1175.44,291.8,
232,"NVDA,TSLA",9,26,5.0,50.0,0.6,0.5,10:00,14:30,81,27.2,1172.3,290.8,
233,TSLA,5,20,5.0,50.0,0.6,0.5,10:00,14:30,79,22.8,1171.28,290.4,
234,AMD,5,26,5.0,50.0,0.8,0.5,10:00,15:30,78,23.1,1168.81,289.6,
235,"NVDA,TSLA,MSTR",5,26,5.0,30.0,0.6,0.5,10:00,14:30,81,23.5,1167.1,289.0,
236,"NVDA,TSLA,MSTR",9,26,5.0,50.0,0.8,0.4,10:00,14:30,81,16.0,1166.79,288.9,
237,"NVDA,AMD",5,26,2.0,50.0,0.8,0.4,10:00,15:30,79,25.3,1166.38,288.8,
238,"PLTR,COIN,SMCI",5,20,2.0,50.0,0.8,0.4,10:00,15:30,81,22.2,1162.38,287.5,
239,SMCI,9,20,5.0,30.0,0.6,0.4,10:00,15:30,79,16.5,1160.08,286.7,
240,SMCI,9,20,5.0,30.0,0.8,0.4,10:00,15:30,79,16.5,1160.08,286.7,
241,"NVDA,TSLA,MSTR",9,20,5.0,50.0,0.6,0.5,10:00,14:30,81,21.0,1159.94,286.6,
242,"NVDA,TSLA",9,20,2.0,50.0,0.8,0.5,10:00,14:30,80,38.8,1159.58,286.5,
243,SMCI,5,26,5.0,50.0,0.6,0.4,10:00,15:30,80,16.2,1157.45,285.8,
244,"AMD,TSLA,NVDA",9,26,2.0,50.0,0.8,0.5,10:00,14:30,80,38.8,1156.92,285.6,
245,"NVDA,TSLA,MSTR",5,20,5.0,30.0,0.8,0.4,10:00,15:30,81,9.9,1152.46,284.2,
246,NVDA,5,20,1.0,50.0,0.8,0.5,10:00,15:30,79,51.9,1150.37,283.5,
247,"AMD,TSLA,NVDA",9,26,5.0,50.0,0.8,0.4,10:00,14:30,81,19.8,1150.48,283.5,
248,"NVDA,TSLA,MSTR",5,26,5.0,50.0,0.8,0.5,10:00,15:30,81,13.6,1145.41,281.8,
249,"NVDA,AMD",9,26,5.0,50.0,0.6,0.5,10:00,14:30,79,27.8,1144.57,281.5,
250,"NVDA,TSLA",9,20,1.0,50.0,0.6,0.5,10:00,15:30,81,59.3,1142.44,280.8,
251,"NVDA,TSLA",5,26,1.0,50.0,0.6,0.4,10:00,15:30,81,56.8,1141.94,280.6,
252,"NVDA,TSLA,MSTR",5,20,2.0,50.0,0.8,0.5,10:00,14:30,81,30.9,1141.33,280.4,
253,SMCI,9,20,2.0,50.0,0.8,0.4,10:00,14:30,78,25.6,1141.08,280.4,
254,NVDA,5,20,2.0,50.0,0.6,0.4,10:00,14:30,79,34.2,1140.63,280.2,
255,"AMD,TSLA,NVDA",9,20,2.0,50.0,0.8,0.5,10:00,14:30,80,37.5,1139.22,279.7,
256,"NVDA,TSLA",5,20,1.0,50.0,0.8,0.4,10:00,15:30,81,46.9,1138.44,279.5,
257,AMD,9,20,5.0,30.0,0.6,0.5,10:00,15:30,78,21.8,1137.29,279.1,
258,SMCI,9,26,5.0,30.0,0.6,0.4,10:00,14:30,78,20.5,1137.38,279.1,
259,"AMD,TSLA,NVDA",9,20,5.0,50.0,0.6,0.4,10:00,14:30,81,22.2,1136.74,278.9,
260,"AMD,TSLA,NVDA",5,20,2.0,50.0,0.6,0.5,10:00,15:30,81,28.4,1136.84,278.9,
261,TSLA,9,26,5.0,50.0,0.8,0.5,10:00,15:30,81,14.8,1136.31,278.8,
262,AMD,9,26,5.0,30.0,0.6,0.5,10:00,14:30,78,17.9,1135.71,278.6,
263,SMCI,9,26,2.0,50.0,0.6,0.5,10:00,14:30,78,32.1,1135.52,278.5,
264,"NVDA,TSLA,MSTR",5,20,2.0,30.0,0.8,0.5,10:00,14:30,81,27.2,1135.14,278.4,
265,"NVDA,TSLA,MSTR",5,20,2.0,50.0,0.8,0.4,10:00,14:30,81,25.9,1131.21,277.1,
266,"AMD,TSLA,NVDA",5,26,1.0,50.0,0.6,0.5,10:00,14:30,81,58.0,1129.31,276.4,
267,"AMD,TSLA,NVDA",5,20,5.0,30.0,0.6,0.5,10:00,15:30,81,16.0,1128.93,276.3,
268,"NVDA,AMD",9,20,5.0,50.0,0.6,0.4,10:00,14:30,80,20.0,1127.36,275.8,
269,"NVDA,TSLA,MSTR",5,20,5.0,30.0,0.8,0.5,10:00,15:30,81,12.3,1127.08,275.7,
270,"PLTR,SMCI",9,20,2.0,50.0,0.8,0.5,10:00,15:30,79,20.3,1126.63,275.5,
271,TSLA,9,20,5.0,30.0,0.6,0.5,10:00,15:30,80,13.8,1125.49,275.2,
272,"NVDA,AMD",5,26,1.0,50.0,0.6,0.5,10:00,14:30,79,58.2,1125.37,275.1,
273,"NVDA,TSLA",5,26,5.0,30.0,0.6,0.5,10:00,15:30,81,12.3,1124.66,274.9,
274,"NVDA,TSLA",5,20,2.0,50.0,0.6,0.5,10:00,15:30,81,29.6,1122.97,274.3,
275,SMCI,9,20,5.0,50.0,0.8,0.5,10:00,15:30,79,15.2,1121.54,273.8,
276,NVDA,9,26,5.0,30.0,0.6,0.5,10:00,14:30,78,25.6,1119.62,273.2,
277,"AMD,TSLA,NVDA",5,26,1.0,50.0,0.6,0.4,10:00,15:30,81,50.6,1118.99,273.0,
278,"NVDA,AMD",9,26,2.0,50.0,0.8,0.5,10:00,15:30,79,27.8,1118.91,273.0,
279,"NVDA,TSLA",5,26,2.0,30.0,0.8,0.4,10:00,14:30,81,30.9,1113.37,271.1,
280,"NVDA,AMD",5,26,1.0,50.0,0.6,0.4,10:00,15:30,79,50.6,1111.79,270.6,
281,SMCI,9,20,2.0,50.0,0.8,0.5,10:00,14:30,78,26.9,1111.12,270.4,
282,"AMD,TSLA,NVDA",9,26,5.0,30.0,0.6,0.5,10:00,14:30,81,17.3,1110.14,270.0,
283,"QQQ,NVDA",5,20,5.0,30.0,0.8,0.5,10:00,15:30,81,16.0,1104.94,268.3,
284,"NVDA,AMD",5,26,1.0,50.0,0.8,0.5,10:00,14:30,79,55.7,1104.86,268.3,
285,SMCI,9,20,2.0,30.0,0.8,0.4,10:00,14:30,78,20.5,1104.14,268.0,
286,"AMD,TSLA,NVDA",5,26,1.0,50.0,0.8,0.5,10:00,14:30,80,55.0,1102.58,267.5,
287,AMD,9,26,5.0,30.0,0.8,0.5,10:00,14:30,78,17.9,1102.21,267.4,
288,TSLA,5,20,1.0,50.0,0.6,0.5,10:00,15:30,81,56.8,1101.8,267.3,
289,NVDA,9,20,2.0,50.0,0.8,0.5,10:00,15:30,79,32.9,1101.72,267.2,
290,"NVDA,AMD",9,26,5.0,30.0,0.6,0.5,10:00,14:30,79,24.1,1098.29,266.1,
291,NVDA,5,26,1.0,50.0,0.8,0.5,10:00,15:30,79,51.9,1098.14,266.0,
292,"QQQ,NVDA",5,26,1.0,50.0,0.6,0.5,10:00,15:30,80,58.8,1097.82,265.9,
293,"NVDA,AMD",5,26,1.0,30.0,0.8,0.4,10:00,15:30,79,34.2,1094.66,264.9,
294,"NVDA,AMD",9,20,5.0,30.0,0.6,0.5,10:00,14:30,80,21.2,1094.79,264.9,
295,"NVDA,TSLA",5,26,2.0,30.0,0.6,0.5,10:00,14:30,80,35.0,1094.54,264.8,
296,"NVDA,TSLA,PLTR,COIN",5,20,5.0,50.0,0.8,0.4,10:00,15:30,81,12.3,1092.86,264.3,
297,TSLA,5,26,5.0,30.0,0.6,0.5,10:00,15:30,80,11.2,1092.58,264.2,
298,"NVDA,TSLA,MSTR",5,20,2.0,50.0,0.6,0.5,10:00,14:30,81,30.9,1091.28,263.8,
299,"PLTR,COIN,SMCI",9,26,2.0,50.0,0.8,0.5,10:00,15:30,80,27.5,1091.48,263.8,
300,"PLTR,SMCI",5,20,2.0,50.0,0.8,0.5,10:00,15:30,81,22.2,1089.78,263.3,
301,AMD,9,20,5.0,30.0,0.8,0.5,10:00,15:30,78,21.8,1089.08,263.0,
302,"QQQ,NVDA",5,20,5.0,50.0,0.8,0.5,10:00,15:30,81,16.0,1087.18,262.4,
303,"NVDA,TSLA",9,20,1.0,50.0,0.8,0.5,10:00,15:30,81,54.3,1085.01,261.7,
304,SMCI,9,20,2.0,30.0,0.6,0.4,10:00,15:30,79,16.5,1084.88,261.6,
305,"AMD,TSLA,NVDA",5,20,1.0,50.0,0.6,0.5,10:00,14:30,81,56.8,1083.65,261.2,
306,"NVDA,AMD",9,26,5.0,50.0,0.6,0.4,10:00,15:30,79,17.7,1083.67,261.2,
307,"AMD,TSLA,NVDA",5,20,1.0,50.0,0.6,0.5,10:00,15:30,81,49.4,1081.54,260.5,
308,"SPY,NVDA",9,20,2.0,50.0,0.8,0.5,10:00,15:30,81,29.6,1081.31,260.4,
309,"QQQ,TSLA",5,20,5.0,50.0,0.8,0.4,10:00,14:30,79,19.0,1080.77,260.3,
310,"AMD,TSLA,NVDA",9,26,2.0,50.0,0.8,0.4,10:00,14:30,81,34.6,1078.0,259.3,
311,SMCI,9,20,2.0,50.0,0.6,0.5,10:00,15:30,79,20.3,1077.49,259.2,
312,"AMD,TSLA,NVDA",9,20,2.0,50.0,0.6,0.4,10:00,14:30,80,32.5,1076.92,259.0,
313,SMCI,9,26,2.0,50.0,0.8,0.5,10:00,14:30,78,32.1,1076.27,258.8,
314,"NVDA,TSLA,MSTR",5,20,2.0,50.0,0.6,0.4,10:00,14:30,81,25.9,1074.42,258.1,
315,AMD,5,26,5.0,50.0,0.6,0.5,10:00,15:30,78,23.1,1074.04,258.0,
316,"NVDA,AMD",5,26,2.0,30.0,0.8,0.5,10:00,15:30,79,24.1,1073.83,257.9,
317,"NVDA,TSLA,MSTR",9,26,5.0,50.0,0.6,0.5,10:00,14:30,81,19.8,1073.48,257.8,
318,"NVDA,TSLA",9,26,5.0,30.0,0.8,0.5,10:00,15:30,81,16.0,1070.9,257.0,
319,TSLA,5,26,5.0,30.0,0.6,0.4,10:00,15:30,80,12.5,1069.61,256.5,
320,"QQQ,NVDA",5,20,1.0,50.0,0.6,0.5,10:00,15:30,80,53.8,1068.35,256.1,
321,"NVDA,TSLA",5,26,1.0,50.0,0.8,0.5,10:00,14:30,80,53.8,1067.74,255.9,
322,NVDA,5,26,1.0,50.0,0.6,0.4,10:00,15:30,79,53.2,1067.22,255.7,
323,"NVDA,TSLA",5,20,1.0,50.0,0.6,0.5,10:00,14:30,81,56.8,1065.51,255.2,
324,TSLA,9,26,5.0,30.0,0.8,0.4,10:00,15:30,81,9.9,1064.9,255.0,
325,"NVDA,AMD",5,20,1.0,50.0,0.8,0.5,10:00,14:30,79,53.2,1064.68,254.9,
326,NVDA,5,20,2.0,30.0,0.6,0.5,10:00,14:30,79,34.2,1063.67,254.6,
327,"NVDA,TSLA",9,26,5.0,50.0,0.6,0.4,10:00,15:30,81,19.8,1062.36,254.1,
328,"NVDA,TSLA,MSTR",5,20,2.0,30.0,0.8,0.4,10:00,14:30,81,23.5,1062.25,254.1,
329,SMCI,5,26,5.0,30.0,0.8,0.5,10:00,14:30,79,20.3,1061.5,253.8,
330,"AMD,TSLA,NVDA",9,26,5.0,50.0,0.6,0.4,10:00,14:30,81,19.8,1060.92,253.6,
331,NVDA,5,20,2.0,30.0,0.8,0.5,10:00,14:30,79,34.2,1060.0,253.3,
332,"PLTR,SMCI",5,26,2.0,50.0,0.8,0.5,10:00,15:30,80,20.0,1059.04,253.0,
333,"AMD,TSLA,NVDA",5,20,5.0,50.0,0.6,0.5,10:00,15:30,81,16.0,1056.76,252.3,
334,"QQQ,NVDA",9,20,2.0,50.0,0.8,0.5,10:00,15:30,80,30.0,1055.98,252.0,
335,"NVDA,TSLA",9,26,5.0,30.0,0.8,0.5,10:00,14:30,81,19.8,1056.04,252.0,
336,TSLA,5,20,5.0,50.0,0.8,0.4,10:00,15:30,80,15.0,1055.22,251.7,
337,"AMD,TSLA,NVDA",5,26,1.0,50.0,0.6,0.4,10:00,14:30,81,51.9,1054.05,251.4,
338,"NVDA,TSLA",5,26,1.0,50.0,0.6,0.5,10:00,14:30,81,56.8,1050.65,250.2,
339,"NVDA,TSLA,MSTR",5,26,5.0,50.0,0.8,0.4,10:00,15:30,81,12.3,1050.27,250.1,
340,"AMD,TSLA,NVDA",9,26,2.0,50.0,0.8,0.5,10:00,15:30,81,28.4,1050.12,250.0,
341,"AMD,TSLA,NVDA",5,20,1.0,50.0,0.6,0.4,10:00,15:30,81,44.4,1049.82,249.9,
342,"SPY,QQQ,NVDA",5,20,2.0,30.0,0.8,0.5,10:00,15:30,81,17.3,1049.35,249.8,
343,"NVDA,TSLA,PLTR,COIN",5,20,5.0,30.0,0.8,0.5,10:00,15:30,81,11.1,1047.57,249.2,
344,"NVDA,AMD",9,20,1.0,50.0,0.8,0.5,10:00,15:30,79,46.8,1047.04,249.0,
345,"AMD,TSLA,NVDA",5,20,2.0,50.0,0.6,0.5,10:00,14:30,80,35.0,1046.77,248.9,
346,"NVDA,AMD",9,20,5.0,50.0,0.8,0.4,10:00,14:30,80,20.0,1046.79,248.9,
347,NVDA,5,26,2.0,50.0,0.6,0.5,10:00,15:30,79,31.6,1045.57,248.5,
348,"NVDA,AMD",9,20,5.0,30.0,0.8,0.4,10:00,14:30,80,16.2,1043.92,248.0,
349,"SPY,NVDA",5,20,1.0,50.0,0.8,0.5,10:00,15:30,81,48.1,1043.81,247.9,
350,"NVDA,TSLA",5,26,2.0,50.0,0.6,0.4,10:00,15:30,81,24.7,1043.2,247.7,
351,NVDA,5,20,1.0,50.0,0.6,0.4,10:00,15:30,79,51.9,1042.11,247.4,
352,SMCI,5,26,5.0,50.0,0.8,0.5,10:00,15:30,80,16.2,1038.74,246.2,
353,SMCI,5,26,5.0,30.0,0.6,0.5,10:00,14:30,79,20.3,1037.43,245.8,
354,"QQQ,TSLA",5,20,5.0,30.0,0.6,0.4,10:00,15:30,81,9.9,1034.62,244.9,
355,"NVDA,AMD",5,26,2.0,50.0,0.8,0.5,10:00,15:30,79,25.3,1033.42,244.5,
356,SMCI,5,26,2.0,50.0,0.8,0.5,10:00,15:30,80,20.0,1033.24,244.4,
357,TSLA,5,26,5.0,30.0,0.6,0.5,10:00,14:30,79,20.3,1033.0,244.3,
358,SMCI,9,26,5.0,30.0,0.8,0.5,10:00,14:30,78,19.2,1032.3,244.1,
359,SMCI,9,20,2.0,50.0,0.6,0.4,10:00,15:30,79,16.5,1031.73,243.9,
360,SMCI,5,20,2.0,50.0,0.8,0.4,10:00,15:30,81,17.3,1030.84,243.6,
361,"NVDA,TSLA",5,26,1.0,50.0,0.6,0.4,10:00,14:30,81,54.3,1030.44,243.5,
362,"NVDA,TSLA,MSTR",5,20,1.0,50.0,0.6,0.4,10:00,15:30,81,50.6,1029.62,243.2,
363,"AMD,TSLA,NVDA",5,20,5.0,30.0,0.8,0.4,10:00,14:30,81,16.0,1029.35,243.1,
364,"NVDA,AMD",5,26,5.0,30.0,0.8,0.5,10:00,15:30,80,17.5,1028.97,243.0,
365,SMCI,9,20,2.0,30.0,0.6,0.4,10:00,14:30,78,20.5,1028.34,242.8,
366,AMD,5,26,5.0,30.0,0.8,0.5,10:00,15:30,78,21.8,1025.97,242.0,
367,NVDA,9,20,2.0,50.0,0.6,0.5,10:00,15:30,79,32.9,1024.38,241.5,
368,"NVDA,AMD",5,26,1.0,30.0,0.8,0.5,10:00,15:30,79,35.4,1022.77,240.9,
369,"AMD,TSLA,NVDA",9,26,2.0,50.0,0.6,0.5,10:00,14:30,80,37.5,1021.88,240.6,
370,TSLA,5,20,5.0,50.0,0.6,0.5,10:00,15:30,80,16.2,1020.35,240.1,
371,TSLA,5,20,1.0,50.0,0.8,0.5,10:00,15:30,80,55.0,1019.31,239.8,
372,SMCI,9,20,5.0,50.0,0.6,0.5,10:00,15:30,79,15.2,1019.17,239.7,
373,"PLTR,SMCI",5,26,2.0,50.0,0.8,0.4,10:00,15:30,80,18.8,1018.38,239.5,
374,"NVDA,AMD",9,26,2.0,50.0,0.6,0.4,10:00,15:30,79,27.8,1017.75,239.2,
375,SMCI,9,20,2.0,30.0,0.8,0.5,10:00,14:30,78,21.8,1014.21,238.1,
376,"AMD,TSLA,NVDA",5,20,5.0,30.0,0.6,0.4,10:00,14:30,81,16.0,1014.21,238.1,
377,"SPY,NVDA",5,26,2.0,50.0,0.8,0.5,10:00,15:30,81,25.9,1013.62,237.9,
378,"AMD,TSLA,NVDA",9,26,2.0,50.0,0.6,0.4,10:00,14:30,81,34.6,1013.12,237.7,
379,NVDA,5,20,1.0,50.0,0.6,0.5,10:00,14:30,79,59.5,1012.82,237.6,
380,"AMD,TSLA,NVDA",9,20,2.0,50.0,0.8,0.4,10:00,15:30,81,23.5,1011.08,237.0,
381,NVDA,5,20,1.0,50.0,0.8,0.5,10:00,14:30,79,54.4,1010.65,236.9,
382,NVDA,5,20,2.0,30.0,0.6,0.4,10:00,14:30,80,28.7,1010.51,236.8,
383,NVDA,5,20,2.0,30.0,0.8,0.4,10:00,14:30,80,28.7,1010.2,236.7,
384,"NVDA,AMD",9,26,2.0,30.0,0.8,0.4,10:00,15:30,79,20.3,1008.86,236.3,
385,"AMD,TSLA,NVDA",5,26,1.0,50.0,0.8,0.4,10:00,15:30,81,43.2,1008.45,236.2,
386,"NVDA,TSLA",5,20,2.0,50.0,0.8,0.5,10:00,15:30,81,25.9,1008.58,236.2,
387,TSLA,5,26,5.0,50.0,0.8,0.5,10:00,15:30,80,16.2,1008.29,236.1,
388,"NVDA,AMD",5,20,1.0,50.0,0.8,0.4,10:00,15:30,79,38.0,1006.76,235.6,
389,TSLA,5,20,1.0,50.0,0.6,0.4,10:00,15:30,81,51.9,1006.91,235.6,
390,"NVDA,AMD",9,20,5.0,30.0,0.6,0.4,10:00,14:30,80,16.2,1006.71,235.6,
391,"NVDA,AMD",5,26,2.0,30.0,0.8,0.5,10:00,14:30,79,35.4,1006.6,235.5,
392,"SPY,NVDA",9,20,2.0,30.0,0.8,0.5,10:00,15:30,81,21.0,1005.32,235.1,
393,"NVDA,AMD",5,26,1.0,50.0,0.6,0.4,10:00,14:30,79,51.9,1005.29,235.1,
394,"NVDA,AMD",5,26,5.0,50.0,0.6,0.4,10:00,15:30,80,16.2,1004.73,234.9,
395,"NVDA,TSLA",5,20,1.0,50.0,0.8,0.5,10:00,14:30,80,50.0,1004.43,234.8,
396,SMCI,9,20,2.0,30.0,0.6,0.5,10:00,15:30,79,17.7,1003.76,234.6,
397,"NVDA,AMD",9,26,2.0,30.0,0.8,0.5,10:00,15:30,79,21.5,1002.01,234.0,
398,"AMD,TSLA,NVDA",5,20,1.0,50.0,0.8,0.5,10:00,14:30,80,52.5,999.93,233.3,
399,"NVDA,TSLA",5,26,2.0,30.0,0.6,0.4,10:00,14:30,81,29.6,999.65,233.2,
400,"NVDA,TSLA",9,20,2.0,50.0,0.6,0.4,10:00,14:30,80,32.5,999.69,233.2,
401,"SPY,NVDA",9,20,2.0,50.0,0.6,0.5,10:00,15:30,81,30.9,999.18,233.1,
402,SMCI,5,26,2.0,50.0,0.8,0.4,10:00,15:30,80,17.5,999.11,233.0,
403,SMCI,9,26,2.0,30.0,0.8,0.5,10:00,14:30,78,26.9,998.69,232.9,
404,NVDA,5,20,1.0,50.0,0.8,0.4,10:00,14:30,79,51.9,998.17,232.7,
405,"PLTR,SMCI",5,26,2.0,50.0,0.6,0.4,10:00,15:30,80,18.8,997.82,232.6,
406,"QQQ,TSLA",5,20,5.0,50.0,0.6,0.4,10:00,14:30,79,19.0,997.51,232.5,
407,AMD,9,20,5.0,50.0,0.8,0.5,10:00,14:30,78,29.5,997.04,232.3,
408,"NVDA,TSLA",5,20,2.0,30.0,0.6,0.5,10:00,15:30,81,21.0,995.74,231.9,
409,"NVDA,TSLA,MSTR",9,26,5.0,30.0,0.8,0.5,10:00,15:30,81,13.6,994.66,231.6,
410,"NVDA,AMD",9,20,1.0,50.0,0.6,0.5,10:00,15:30,79,49.4,994.51,231.5,
411,"PLTR,COIN,SMCI",5,20,2.0,50.0,0.6,0.5,10:00,15:30,81,25.9,993.91,231.3,
412,SMCI,5,26,5.0,30.0,0.8,0.4,10:00,14:30,79,16.5,991.55,230.5,
413,"NVDA,TSLA",5,20,1.0,30.0,0.8,0.4,10:00,14:30,80,41.2,991.07,230.4,
414,NVDA,5,20,1.0,50.0,0.6,0.4,10:00,14:30,79,57.0,986.92,229.0,
415,"NVDA,TSLA,MSTR",5,20,1.0,50.0,0.6,0.5,10:00,15:30,81,53.1,986.7,228.9,
416,TSLA,5,20,5.0,30.0,0.8,0.4,10:00,15:30,80,11.2,985.7,228.6,
417,"NVDA,TSLA",5,26,1.0,30.0,0.8,0.5,10:00,14:30,80,46.2,984.79,228.3,
418,"PLTR,SMCI",5,26,2.0,50.0,0.6,0.5,10:00,15:30,80,20.0,983.68,227.9,
419,"NVDA,AMD",9,26,2.0,50.0,0.8,0.4,10:00,15:30,79,25.3,982.63,227.5,
420,"NVDA,TSLA",9,26,2.0,50.0,0.8,0.5,10:00,14:30,80,36.2,982.32,227.4,
421,"NVDA,TSLA,MSTR",5,20,2.0,30.0,0.6,0.5,10:00,14:30,81,27.2,981.73,227.2,
422,"NVDA,TSLA",5,26,1.0,50.0,0.8,0.4,10:00,15:30,81,48.1,980.44,226.8,
423,"SPY,NVDA",5,26,2.0,30.0,0.6,0.5,10:00,15:30,81,22.2,979.99,226.7,
424,SPY,9,20,5.0,30.0,0.6,0.5,10:00,15:30,81,13.6,979.6,226.5,
425,"NVDA,AMD",5,26,1.0,50.0,0.8,0.4,10:00,15:30,79,40.5,979.58,226.5,
426,TSLA,9,26,5.0,50.0,0.6,0.4,10:00,15:30,81,17.3,978.98,226.3,
427,TSLA,9,26,5.0,30.0,0.8,0.5,10:00,15:30,81,12.3,977.01,225.7,
428,"NVDA,TSLA",5,20,2.0,30.0,0.6,0.4,10:00,15:30,81,18.5,976.23,225.4,
429,NVDA,5,20,1.0,50.0,0.8,0.4,10:00,15:30,79,44.3,975.97,225.3,
430,"NVDA,AMD",5,26,1.0,50.0,0.8,0.4,10:00,14:30,79,50.6,975.55,225.2,
431,"AMD,TSLA,NVDA",5,20,5.0,30.0,0.6,0.4,10:00,15:30,81,11.1,975.34,225.1,
432,NVDA,9,20,1.0,50.0,0.6,0.5,10:00,15:30,79,54.4,974.92,225.0,
433,"NVDA,AMD",5,26,1.0,30.0,0.6,0.4,10:00,15:30,79,35.4,974.62,224.9,
434,"AMD,TSLA,NVDA",5,20,1.0,50.0,0.8,0.4,10:00,15:30,81,39.5,974.39,224.8,
435,SPY,9,26,5.0,50.0,0.6,0.4,10:00,15:30,81,9.9,972.86,224.3,
436,TSLA,5,26,5.0,50.0,0.8,0.5,10:00,14:30,79,20.3,971.4,223.8,
437,SPY,9,26,5.0,50.0,0.8,0.4,10:00,15:30,81,9.9,971.42,223.8,
438,"QQQ,NVDA",5,20,1.0,50.0,0.8,0.5,10:00,15:30,80,46.2,970.94,223.6,
439,"NVDA,TSLA,PLTR,COIN",5,20,5.0,50.0,0.6,0.5,10:00,15:30,81,14.8,968.38,222.8,
440,TSLA,9,20,5.0,50.0,0.6,0.4,10:00,15:30,80,16.2,968.01,222.7,
441,SMCI,5,26,5.0,30.0,0.6,0.4,10:00,14:30,79,16.5,967.48,222.5,
442,"AMD,TSLA,NVDA",5,26,5.0,30.0,0.8,0.4,10:00,15:30,81,7.4,965.47,221.8,
443,SMCI,9,20,2.0,30.0,0.8,0.4,10:00,15:30,79,13.9,965.3,221.8,
444,"NVDA,TSLA",5,20,1.0,50.0,0.6,0.4,10:00,14:30,81,50.6,965.01,221.7,
445,"NVDA,TSLA",9,26,2.0,50.0,0.6,0.4,10:00,14:30,81,33.3,965.12,221.7,
446,"NVDA,AMD",9,26,2.0,50.0,0.6,0.5,10:00,15:30,79,27.8,964.75,221.6,
447,SMCI,5,26,5.0,50.0,0.6,0.5,10:00,14:30,79,19.0,962.29,220.8,
448,TSLA,5,26,5.0,50.0,0.6,0.4,10:00,14:30,79,21.5,962.51,220.8,
449,AMD,9,26,5.0,30.0,0.6,0.5,10:00,15:30,78,16.7,961.92,220.6,
450,SMCI,5,26,2.0,50.0,0.8,0.4,10:00,14:30,79,21.5,961.45,220.5,
451,"AMD,TSLA,NVDA",5,26,2.0,30.0,0.8,0.5,10:00,14:30,80,30.0,961.09,220.4,
452,TSLA,9,20,5.0,50.0,0.6,0.5,10:00,15:30,80,17.5,960.29,220.1,
453,"NVDA,TSLA",5,26,1.0,50.0,0.8,0.4,10:00,14:30,80,50.0,958.44,219.5,
454,"NVDA,AMD",5,26,2.0,30.0,0.6,0.5,10:00,14:30,79,35.4,956.58,218.9,
455,"NVDA,TSLA",5,26,5.0,30.0,0.6,0.4,10:00,15:30,81,9.9,955.18,218.4,
456,"NVDA,AMD",9,20,2.0,50.0,0.8,0.5,10:00,15:30,79,27.8,953.3,217.8,
457,SPY,9,20,5.0,30.0,0.8,0.5,10:00,15:30,81,13.6,953.23,217.7,
458,"QQQ,NVDA",5,26,2.0,50.0,0.8,0.5,10:00,15:30,81,28.4,952.5,217.5,
459,TSLA,9,20,1.0,50.0,0.8,0.5,10:00,15:30,80,52.5,951.69,217.2,
460,"NVDA,TSLA",5,20,1.0,30.0,0.8,0.5,10:00,14:30,80,43.8,950.82,216.9,
461,"PLTR,COIN,SMCI",5,20,2.0,50.0,0.6,0.4,10:00,15:30,81,23.5,948.75,216.3,
462,"NVDA,TSLA",5,26,1.0,30.0,0.8,0.4,10:00,14:30,80,41.2,946.5,215.5,
463,"NVDA,AMD",9,26,5.0,30.0,0.6,0.5,10:00,15:30,79,17.7,946.13,215.4,
464,"NVDA,TSLA,PLTR,COIN",5,20,1.0,30.0,0.6,0.5,10:00,15:30,81,37.0,944.1,214.7,
465,"NVDA,TSLA,PLTR,COIN",5,20,1.0,50.0,0.6,0.4,10:00,15:30,81,40.7,943.76,214.6,
466,"AMD,TSLA,NVDA",5,20,1.0,30.0,0.8,0.5,10:00,15:30,81,33.3,943.43,214.5,
467,SMCI,9,26,5.0,30.0,0.6,0.5,10:00,14:30,78,19.2,943.13,214.4,
468,"AMD,TSLA,NVDA",5,20,2.0,50.0,0.6,0.4,10:00,14:30,80,26.2,942.86,214.3,
469,"NVDA,TSLA",9,26,5.0,30.0,0.6,0.5,10:00,14:30,81,19.8,941.44,213.8,
470,"NVDA,AMD",5,20,1.0,50.0,0.6,0.4,10:00,15:30,79,41.8,940.87,213.6,
471,"SPY,QQQ,NVDA",9,20,2.0,50.0,0.8,0.5,10:00,15:30,81,24.7,940.52,213.5,
472,"QQQ,NVDA",9,20,2.0,50.0,0.6,0.5,10:00,15:30,80,31.2,940.05,213.3,
473,SMCI,9,20,2.0,30.0,0.6,0.5,10:00,14:30,78,21.8,938.41,212.8,
474,"AMD,TSLA,NVDA",9,26,5.0,30.0,0.8,0.5,10:00,15:30,81,12.3,938.01,212.7,
475,NVDA,5,20,2.0,30.0,0.6,0.4,10:00,15:30,80,18.8,936.54,212.2,
476,SMCI,5,26,5.0,50.0,0.6,0.5,10:00,15:30,80,16.2,936.37,212.1,
477,"AMD,TSLA,NVDA",5,26,1.0,30.0,0.8,0.4,10:00,15:30,81,32.1,935.84,211.9,
478,SPY,9,20,5.0,50.0,0.6,0.5,10:00,15:30,81,13.6,932.97,211.0,
479,"NVDA,TSLA,MSTR",5,20,2.0,50.0,0.6,0.5,10:00,15:30,81,28.4,932.59,210.9,
480,"NVDA,AMD",5,20,1.0,30.0,0.8,0.4,10:00,15:30,79,29.1,932.44,210.8,
481,"QQQ,NVDA",5,20,1.0,50.0,0.6,0.4,10:00,15:30,80,48.8,931.89,210.6,
482,SPY,9,20,5.0,50.0,0.8,0.5,10:00,15:30,81,13.6,931.53,210.5,
483,"AMD,TSLA,NVDA",5,20,1.0,50.0,0.6,0.4,10:00,14:30,81,48.1,929.51,209.8,
484,"PLTR,SMCI",5,20,2.0,50.0,0.6,0.4,10:00,15:30,81,19.8,929.22,209.7,
485,"AMD,TSLA,NVDA",5,26,1.0,50.0,0.8,0.4,10:00,14:30,80,47.5,928.28,209.4,
486,"PLTR,SMCI",5,20,2.0,50.0,0.8,0.4,10:00,15:30,81,19.8,926.63,208.9,
487,SMCI,9,26,2.0,30.0,0.8,0.4,10:00,14:30,78,21.8,925.49,208.5,
488,"NVDA,TSLA",5,26,1.0,30.0,0.6,0.5,10:00,15:30,81,40.7,924.88,208.3,
489,NVDA,9,20,1.0,50.0,0.8,0.5,10:00,15:30,79,49.4,925.05,208.3,
490,"NVDA,TSLA",5,20,2.0,50.0,0.8,0.4,10:00,15:30,81,23.5,924.03,208.0,
491,"NVDA,TSLA",5,20,1.0,50.0,0.8,0.4,10:00,14:30,80,46.2,923.75,207.9,
492,"NVDA,AMD",9,26,5.0,30.0,0.8,0.5,10:00,15:30,79,17.7,923.47,207.8,
493,"NVDA,TSLA,PLTR,COIN",5,20,1.0,50.0,0.6,0.5,10:00,15:30,81,44.4,923.22,207.7,
494,AMD,5,20,5.0,50.0,0.8,0.4,10:00,15:30,78,15.4,922.18,207.4,
495,"NVDA,TSLA,MSTR",5,26,5.0,30.0,0.8,0.4,10:00,15:30,81,8.6,921.43,207.1,
496,"QQQ,TSLA",5,20,5.0,30.0,0.6,0.5,10:00,15:30,81,11.1,921.01,207.0,
497,NVDA,5,20,1.0,30.0,0.8,0.5,10:00,14:30,79,44.3,920.99,207.0,
498,"SPY,QQQ,NVDA",5,20,2.0,50.0,0.8,0.5,10:00,15:30,81,21.0,920.44,206.8,
499,SMCI,5,26,2.0,50.0,0.6,0.5,10:00,15:30,80,20.0,919.96,206.7,
500,"SPY,NVDA",5,26,2.0,30.0,0.8,0.5,10:00,15:30,81,19.8,920.19,206.7,
501,SMCI,9,26,5.0,50.0,0.8,0.4,10:00,15:30,78,14.1,918.77,206.3,
502,"NVDA,AMD",5,20,1.0,50.0,0.6,0.5,10:00,14:30,79,50.6,918.73,206.2,
503,SMCI,5,26,2.0,50.0,0.6,0.4,10:00,15:30,80,17.5,918.27,206.1,
504,SMCI,9,20,2.0,50.0,0.6,0.5,10:00,14:30,78,26.9,918.15,206.1,
505,"NVDA,AMD",9,26,5.0,50.0,0.8,0.4,10:00,15:30,79,17.7,918.21,206.1,
506,"NVDA,TSLA,MSTR",5,20,5.0,30.0,0.8,0.4,10:00,14:30,81,17.3,917.57,205.9,
507,"AMD,TSLA,NVDA",5,20,2.0,50.0,0.6,0.4,10:00,15:30,81,22.2,917.34,205.8,
508,"SPY,NVDA",5,26,1.0,50.0,0.6,0.5,10:00,15:30,81,53.1,917.03,205.7,
509,AMD,9,20,5.0,50.0,0.6,0.5,10:00,14:30,78,29.5,917.18,205.7,
510,"NVDA,TSLA,MSTR",5,20,2.0,30.0,0.6,0.4,10:00,14:30,81,23.5,917.08,205.7,
511,"NVDA,TSLA",5,20,1.0,30.0,0.6,0.4,10:00,14:30,80,42.5,916.76,205.6,
512,"NVDA,TSLA",9,20,1.0,50.0,0.6,0.4,10:00,15:30,81,51.9,916.3,205.4,
513,"NVDA,TSLA",5,26,1.0,30.0,0.6,0.5,10:00,14:30,80,46.2,914.94,205.0,
514,"NVDA,TSLA",5,26,1.0,30.0,0.8,0.5,10:00,15:30,81,38.3,914.54,204.8,
515,"QQQ,TSLA",5,20,5.0,30.0,0.8,0.4,10:00,14:30,79,11.4,914.28,204.8,
516,"NVDA,AMD",5,20,2.0,30.0,0.6,0.5,10:00,15:30,79,19.0,914.11,204.7,
517,"SPY,QQQ,NVDA",5,20,2.0,30.0,0.6,0.5,10:00,15:30,81,18.5,913.88,204.6,
518,"NVDA,TSLA",5,20,1.0,30.0,0.8,0.5,10:00,15:30,81,35.8,913.89,204.6,
519,"SPY,NVDA",5,26,1.0,50.0,0.8,0.5,10:00,15:30,81,48.1,913.76,204.6,
520,"NVDA,AMD",9,26,2.0,30.0,0.8,0.4,10:00,14:30,79,25.3,912.44,204.1,
521,NVDA,5,26,2.0,30.0,0.6,0.5,10:00,15:30,79,24.1,911.6,203.9,
522,"AMD,TSLA,NVDA",9,20,2.0,30.0,0.8,0.5,10:00,14:30,80,30.0,911.17,203.7,
523,"NVDA,AMD",5,20,1.0,50.0,0.8,0.4,10:00,14:30,79,44.3,910.87,203.6,
524,"NVDA,TSLA",5,20,1.0,30.0,0.6,0.5,10:00,15:30,81,39.5,910.8,203.6,
525,"AMD,TSLA,NVDA",5,26,1.0,30.0,0.6,0.4,10:00,15:30,81,34.6,909.89,203.3,
526,"NVDA,AMD",5,26,2.0,50.0,0.8,0.5,10:00,14:30,79,35.4,909.15,203.0,
527,SMCI,9,26,2.0,50.0,0.8,0.4,10:00,14:30,78,25.6,909.03,203.0,
528,"SPY,NVDA",5,20,2.0,50.0,0.6,0.5,10:00,15:30,81,27.2,908.75,202.9,
529,"NVDA,TSLA,PLTR,COIN",5,20,1.0,50.0,0.6,0.5,10:00,14:30,81,48.1,908.68,202.9,
530,"NVDA,AMD",5,26,1.0,30.0,0.6,0.5,10:00,15:30,79,36.7,907.6,202.5,
531,"QQQ,NVDA",5,20,5.0,30.0,0.6,0.5,10:00,15:30,81,16.0,907.12,202.4,
532,"SPY,NVDA",5,20,2.0,30.0,0.6,0.5,10:00,15:30,81,21.0,905.56,201.9,
533,"SPY,NVDA",9,20,2.0,30.0,0.6,0.5,10:00,15:30,81,21.0,904.47,201.5,
534,"AMD,TSLA,NVDA",5,26,1.0,30.0,0.8,0.5,10:00,15:30,81,34.6,904.6,201.5,
535,"QQQ,TSLA",5,26,5.0,30.0,0.8,0.4,10:00,15:30,81,7.4,902.8,200.9,
536,NVDA,5,26,1.0,30.0,0.6,0.4,10:00,15:30,79,36.7,901.43,200.5,
537,"QQQ,NVDA",5,26,1.0,50.0,0.8,0.5,10:00,15:30,80,47.5,900.75,200.2,
538,"NVDA,TSLA",9,20,5.0,30.0,0.8,0.5,10:00,14:30,81,13.6,897.99,199.3,
539,"SPY,QQQ,NVDA",9,20,2.0,30.0,0.8,0.5,10:00,15:30,81,18.5,897.32,199.1,
540,"NVDA,TSLA,MSTR",5,20,5.0,30.0,0.6,0.4,10:00,14:30,81,17.3,896.7,198.9,
541,"NVDA,AMD",5,26,1.0,30.0,0.8,0.4,10:00,14:30,79,41.8,896.75,198.9,
542,"AMD,TSLA,NVDA",9,26,2.0,30.0,0.8,0.5,10:00,14:30,81,25.9,895.46,198.5,
543,"QQQ,NVDA",5,26,1.0,50.0,0.6,0.4,10:00,15:30,80,50.0,895.04,198.3,
544,"AMD,TSLA,NVDA",9,26,2.0,30.0,0.8,0.4,10:00,14:30,81,21.0,893.27,197.8,
545,"SPY,NVDA",5,20,1.0,50.0,0.6,0.5,10:00,15:30,81,49.4,892.34,197.4,
546,"SPY,NVDA",9,26,2.0,50.0,0.8,0.5,10:00,15:30,81,24.7,892.28,197.4,
547,NVDA,5,20,1.0,30.0,0.6,0.5,10:00,15:30,79,39.2,891.44,197.1,
548,NVDA,9,26,5.0,30.0,0.8,0.4,10:00,14:30,78,20.5,890.07,196.7,
549,"NVDA,AMD",5,20,2.0,50.0,0.6,0.4,10:00,15:30,79,21.5,885.94,195.3,
550,"NVDA,TSLA",5,26,1.0,30.0,0.6,0.4,10:00,14:30,80,41.2,885.09,195.0,
551,"NVDA,AMD",9,26,2.0,30.0,0.8,0.5,10:00,14:30,79,31.6,883.86,194.6,
552,TSLA,5,20,5.0,50.0,0.6,0.4,10:00,15:30,80,15.0,882.26,194.1,
553,TSLA,5,26,5.0,30.0,0.8,0.4,10:00,14:30,79,15.2,881.36,193.8,
554,"PLTR,COIN,SMCI",9,26,1.0,30.0,0.8,0.4,10:00,15:30,81,27.2,881.51,193.8,
555,"NVDA,TSLA",5,20,1.0,30.0,0.6,0.5,10:00,14:30,80,45.0,880.94,193.6,
556,"AMD,TSLA,NVDA",5,26,1.0,30.0,0.6,0.5,10:00,15:30,81,37.0,879.91,193.3,
557,"AMD,TSLA,NVDA",5,20,2.0,50.0,0.8,0.5,10:00,14:30,80,32.5,879.55,193.2,
558,"NVDA,TSLA",5,20,2.0,30.0,0.8,0.5,10:00,15:30,81,18.5,879.55,193.2,
559,SMCI,9,26,2.0,30.0,0.6,0.5,10:00,14:30,78,26.9,879.6,193.2,
560,TSLA,9,26,5.0,30.0,0.6,0.4,10:00,15:30,81,9.9,879.09,193.0,
561,"NVDA,TSLA,PLTR,COIN",5,20,1.0,50.0,0.6,0.4,10:00,14:30,81,42.0,878.94,193.0,
562,"AMD,TSLA,NVDA",9,20,1.0,50.0,0.6,0.5,10:00,15:30,81,48.1,878.69,192.9,
563,NVDA,9,20,1.0,30.0,0.6,0.4,10:00,15:30,79,35.4,878.46,192.8,
564,NVDA,9,26,5.0,50.0,0.8,0.5,10:00,14:30,78,26.9,877.98,192.7,
565,"NVDA,AMD",5,26,2.0,30.0,0.8,0.4,10:00,14:30,80,26.2,877.93,192.6,
566,"NVDA,TSLA,MSTR",5,20,1.0,50.0,0.6,0.4,10:00,14:30,81,46.9,877.58,192.5,
567,AMD,5,26,5.0,30.0,0.6,0.5,10:00,15:30,78,21.8,877.13,192.4,
568,NVDA,5,20,2.0,30.0,0.6,0.5,10:00,15:30,79,20.3,876.8,192.3,
569,NVDA,5,20,1.0,30.0,0.6,0.4,10:00,15:30,79,34.2,876.76,192.3,
570,TSLA,9,20,1.0,50.0,0.6,0.5,10:00,15:30,80,53.8,876.99,192.3,
571,"AMD,TSLA,NVDA",9,26,5.0,50.0,0.8,0.4,10:00,15:30,81,12.3,875.92,192.0,
572,"AMD,TSLA,NVDA",5,20,1.0,30.0,0.8,0.5,10:00,14:30,80,41.2,874.95,191.6,
573,NVDA,5,20,1.0,30.0,0.6,0.5,10:00,14:30,79,45.6,874.83,191.6,
574,"NVDA,TSLA,MSTR",5,26,5.0,50.0,0.6,0.5,10:00,15:30,81,13.6,873.25,191.1,
575,"NVDA,TSLA",5,20,1.0,30.0,0.8,0.4,10:00,15:30,81,29.6,872.61,190.9,
576,NVDA,5,20,2.0,50.0,0.6,0.5,10:00,15:30,79,26.6,871.43,190.5,
577,"NVDA,TSLA",5,20,2.0,30.0,0.8,0.4,10:00,15:30,81,16.0,871.26,190.4,
578,"NVDA,TSLA,MSTR",5,20,1.0,30.0,0.8,0.5,10:00,14:30,81,39.5,870.58,190.2,
579,"AMD,TSLA,NVDA",5,26,1.0,30.0,0.8,0.5,10:00,14:30,80,41.2,869.87,190.0,
580,"NVDA,TSLA,MSTR",5,20,2.0,50.0,0.6,0.4,10:00,15:30,81,24.7,869.84,189.9,
581,AMD,9,26,5.0,30.0,0.8,0.4,10:00,14:30,78,14.1,868.84,189.6,
582,NVDA,9,20,5.0,50.0,0.8,0.4,10:00,14:30,80,20.0,868.68,189.6,
583,"QQQ,NVDA",5,20,1.0,50.0,0.6,0.4,10:00,14:30,79,54.4,868.26,189.4,
584,NVDA,5,26,1.0,30.0,0.6,0.5,10:00,15:30,79,38.0,868.06,189.4,
585,"AMD,TSLA,NVDA",9,26,5.0,50.0,0.6,0.4,10:00,15:30,81,12.3,867.8,189.3,
586,NVDA,9,26,5.0,50.0,0.6,0.5,10:00,14:30,78,26.9,866.41,188.8,
587,"NVDA,AMD",5,26,1.0,30.0,0.8,0.5,10:00,14:30,79,45.6,866.43,188.8,
588,"NVDA,TSLA,PLTR,COIN",5,20,1.0,30.0,0.8,0.5,10:00,15:30,81,32.1,865.95,188.7,
589,"QQQ,TSLA",5,20,5.0,30.0,0.6,0.4,10:00,14:30,79,11.4,865.93,188.6,
590,AMD,9,20,5.0,30.0,0.6,0.4,10:00,15:30,78,15.4,865.67,188.6,
591,"AMD,TSLA,NVDA",9,26,2.0,30.0,0.8,0.5,10:00,15:30,81,18.5,865.25,188.4,
592,"AMD,TSLA,NVDA",5,26,2.0,30.0,0.8,0.5,10:00,15:30,81,19.8,864.66,188.2,
593,"PLTR,SMCI",5,20,2.0,50.0,0.6,0.5,10:00,15:30,81,22.2,863.95,188.0,
594,SMCI,5,26,2.0,30.0,0.8,0.4,10:00,14:30,79,20.3,863.1,187.7,
595,TSLA,9,26,1.0,50.0,0.6,0.5,10:00,14:30,77,57.1,863.17,187.7,
596,AMD,5,26,5.0,50.0,0.8,0.4,10:00,15:30,78,16.7,862.38,187.5,
597,NVDA,5,26,1.0,50.0,0.8,0.4,10:00,15:30,79,44.3,861.59,187.2,
598,AMD,9,26,5.0,30.0,0.6,0.4,10:00,14:30,78,14.1,861.11,187.0,
599,"NVDA,TSLA",5,20,1.0,30.0,0.6,0.4,10:00,15:30,81,33.3,860.35,186.8,
600,SMCI,9,20,2.0,50.0,0.6,0.4,10:00,14:30,78,25.6,859.46,186.5,
601,"NVDA,TSLA,PLTR,COIN",5,20,2.0,50.0,0.6,0.5,10:00,15:30,81,22.2,859.15,186.4,
602,"NVDA,TSLA",9,20,1.0,30.0,0.6,0.5,10:00,15:30,81,39.5,857.76,185.9,
603,"NVDA,TSLA,PLTR,COIN",5,20,5.0,30.0,0.6,0.4,10:00,15:30,81,9.9,857.62,185.9,
604,"AMD,TSLA,NVDA",9,20,5.0,30.0,0.8,0.5,10:00,14:30,81,17.3,857.07,185.7,
605,"AMD,TSLA,NVDA",5,26,2.0,30.0,0.6,0.5,10:00,14:30,80,30.0,856.05,185.4,
606,"AMD,TSLA,NVDA",5,20,2.0,30.0,0.6,0.5,10:00,15:30,81,21.0,856.13,185.4,
607,"AMD,TSLA,NVDA",5,20,1.0,50.0,0.8,0.4,10:00,14:30,80,43.8,856.05,185.3,
608,"AMD,TSLA,NVDA",5,20,2.0,50.0,0.8,0.4,10:00,14:30,80,26.2,855.04,185.0,
609,"PLTR,COIN,SMCI",9,20,1.0,50.0,0.8,0.4,10:00,15:30,81,32.1,854.39,184.8,
610,TSLA,9,26,5.0,50.0,0.8,0.4,10:00,14:30,80,16.2,853.35,184.5,
611,"NVDA,AMD",5,26,1.0,30.0,0.6,0.4,10:00,14:30,79,41.8,853.36,184.5,
612,NVDA,9,20,1.0,50.0,0.8,0.4,10:00,15:30,79,44.3,853.22,184.4,
613,"NVDA,TSLA,PLTR,COIN",5,20,1.0,50.0,0.8,0.4,10:00,15:30,81,33.3,852.29,184.1,
614,"NVDA,AMD",5,26,2.0,50.0,0.6,0.5,10:00,14:30,79,36.7,850.98,183.7,
615,"AMD,TSLA,NVDA",9,26,5.0,30.0,0.6,0.5,10:00,15:30,81,12.3,850.41,183.5,
616,"NVDA,AMD",9,20,1.0,50.0,0.6,0.4,10:00,15:30,79,44.3,849.9,183.3,
617,AMD,9,20,5.0,30.0,0.8,0.5,10:00,14:30,78,25.6,849.16,183.1,
618,"TSLA,RIVN",9,26,5.0,50.0,0.8,0.4,10:00,14:30,81,18.5,848.39,182.8,
619,AMD,9,20,2.0,50.0,0.8,0.4,10:00,15:30,78,21.8,848.23,182.7,
620,NVDA,9,20,1.0,30.0,0.6,0.5,10:00,15:30,79,36.7,846.29,182.1,
621,SMCI,5,26,2.0,30.0,0.6,0.5,10:00,15:30,80,18.8,846.08,182.0,
622,"AMD,TSLA,NVDA",5,26,1.0,30.0,0.6,0.5,10:00,14:30,80,41.2,845.04,181.7,
623,"QQQ,NVDA",5,20,1.0,50.0,0.8,0.4,10:00,15:30,80,40.0,844.84,181.6,
624,SMCI,5,26,5.0,50.0,0.8,0.5,10:00,14:30,79,17.7,844.56,181.5,
625,TSLA,9,26,1.0,50.0,0.8,0.5,10:00,14:30,77,55.8,843.97,181.3,
626,"AMD,TSLA,NVDA",9,20,1.0,50.0,0.8,0.5,10:00,15:30,81,44.4,843.12,181.0,
627,"AMD,TSLA,NVDA",9,20,1.0,50.0,0.8,0.4,10:00,15:30,81,43.2,842.3,180.8,
628,"SPY,NVDA",5,20,1.0,50.0,0.8,0.5,10:00,14:30,80,48.8,842.21,180.7,
629,SMCI,5,20,5.0,50.0,0.8,0.4,10:00,15:30,80,12.5,841.72,180.6,
630,NVDA,5,20,1.0,30.0,0.8,0.4,10:00,14:30,79,39.2,841.33,180.4,
631,"NVDA,TSLA,MSTR",5,20,2.0,50.0,0.8,0.5,10:00,15:30,81,21.0,840.81,180.3,
632,"NVDA,AMD",5,20,1.0,50.0,0.6,0.4,10:00,14:30,79,44.3,840.65,180.2,
633,"NVDA,TSLA,PLTR,COIN",5,26,5.0,30.0,0.8,0.4,10:00,15:30,81,7.4,840.14,180.0,
634,"NVDA,AMD",5,20,2.0,30.0,0.8,0.5,10:00,15:30,79,19.0,839.96,180.0,
635,"QQQ,TSLA",9,20,5.0,30.0,0.8,0.4,10:00,15:30,81,6.2,839.63,179.9,
636,"NVDA,TSLA",9,20,1.0,50.0,0.8,0.4,10:00,15:30,81,45.7,839.72,179.9,
637,"NVDA,AMD",9,20,2.0,30.0,0.8,0.4,10:00,14:30,80,25.0,839.84,179.9,
638,"AMD,TSLA,NVDA",5,20,2.0,30.0,0.8,0.5,10:00,14:30,80,28.7,837.01,179.0,
639,"NVDA,TSLA,MSTR",9,20,5.0,50.0,0.8,0.5,10:00,15:30,81,12.3,836.2,178.7,
640,TSLA,9,20,5.0,30.0,0.8,0.4,10:00,15:30,81,9.9,835.7,178.6,
641,"NVDA,TSLA,MSTR",5,20,1.0,30.0,0.6,0.5,10:00,14:30,81,40.7,835.58,178.5,
642,NVDA,5,26,1.0,30.0,0.8,0.4,10:00,15:30,79,32.9,835.12,178.4,
643,"AMD,TSLA,NVDA",9,20,5.0,30.0,0.6,0.5,10:00,14:30,81,17.3,834.68,178.2,
644,"SPY,NVDA",5,20,2.0,30.0,0.6,0.4,10:00,15:30,81,17.3,834.58,178.2,
645,"NVDA,TSLA,MSTR",5,20,1.0,50.0,0.8,0.4,10:00,15:30,81,39.5,834.16,178.1,
646,"TSLA,RIVN",9,26,5.0,50.0,0.6,0.4,10:00,14:30,81,18.5,833.84,177.9,
647,SMCI,5,20,2.0,50.0,0.6,0.4,10:00,15:30,81,17.3,833.79,177.9,
648,"NVDA,TSLA,MSTR",5,20,5.0,50.0,0.6,0.4,10:00,15:30,81,13.6,833.45,177.8,
649,"AMD,TSLA,NVDA",5,20,2.0,30.0,0.8,0.5,10:00,15:30,81,18.5,833.05,177.7,
650,"QQQ,NVDA",9,20,1.0,30.0,0.6,0.5,10:00,15:30,80,36.2,831.94,177.3,
651,"PLTR,SMCI",9,20,2.0,50.0,0.6,0.5,10:00,15:30,79,19.0,830.32,176.8,
652,"AMD,TSLA,NVDA",5,20,2.0,50.0,0.8,0.5,10:00,15:30,81,23.5,830.18,176.7,
653,"NVDA,TSLA,PLTR,COIN",5,20,1.0,50.0,0.8,0.5,10:00,15:30,81,38.3,829.37,176.5,
654,"QQQ,NVDA",9,20,1.0,50.0,0.8,0.5,10:00,15:30,80,46.2,828.46,176.2,
655,"AMD,TSLA,NVDA",5,20,1.0,30.0,0.8,0.4,10:00,15:30,81,28.4,828.24,176.1,
656,"QQQ,NVDA",5,20,1.0,50.0,0.6,0.5,10:00,14:30,79,55.7,828.34,176.1,
657,"NVDA,TSLA,MSTR",5,26,1.0,50.0,0.6,0.5,10:00,15:30,81,50.6,827.99,176.0,
658,"NVDA,TSLA",9,20,1.0,30.0,0.6,0.4,10:00,15:30,81,34.6,827.77,175.9,
659,"AMD,TSLA,NVDA",5,20,1.0,30.0,0.6,0.5,10:00,15:30,81,35.8,827.67,175.9,
660,"QQQ,NVDA",5,20,1.0,30.0,0.8,0.5,10:00,15:30,81,30.9,827.47,175.8,
661,"AMD,TSLA,NVDA",5,20,2.0,50.0,0.8,0.4,10:00,15:30,81,19.8,825.64,175.2,
662,"QQQ,TSLA",9,26,5.0,50.0,0.8,0.4,10:00,15:30,81,12.3,825.5,175.2,
663,SMCI,9,26,5.0,50.0,0.6,0.4,10:00,15:30,78,14.1,825.67,175.2,
664,NVDA,5,26,2.0,50.0,0.8,0.5,10:00,15:30,79,25.3,824.97,175.0,
665,NVDA,5,20,2.0,50.0,0.6,0.4,10:00,15:30,79,24.1,824.27,174.8,
666,"NVDA,AMD",5,26,1.0,30.0,0.6,0.5,10:00,14:30,79,45.6,823.05,174.3,
667,"NVDA,AMD",9,20,1.0,30.0,0.8,0.5,10:00,15:30,79,32.9,822.34,174.1,
668,NVDA,9,26,5.0,50.0,0.8,0.4,10:00,14:30,78,25.6,822.22,174.1,
669,"AMD,TSLA,NVDA",5,26,2.0,30.0,0.6,0.5,10:00,15:30,81,21.0,821.7,173.9,
670,"NVDA,TSLA",9,26,2.0,30.0,0.8,0.5,10:00,15:30,81,23.5,821.01,173.7,
671,"AMD,TSLA,NVDA",5,20,1.0,30.0,0.6,0.5,10:00,14:30,80,42.5,820.87,173.6,
672,"AMD,TSLA,NVDA",5,20,2.0,30.0,0.6,0.5,10:00,14:30,80,28.7,820.72,173.6,
673,"QQQ,NVDA",9,20,1.0,50.0,0.8,0.4,10:00,15:30,80,41.2,820.45,173.5,
674,"SPY,NVDA",5,20,1.0,50.0,0.8,0.4,10:00,15:30,81,40.7,820.1,173.4,
675,"NVDA,TSLA,MSTR",5,26,2.0,50.0,0.8,0.5,10:00,14:30,81,28.4,819.9,173.3,
676,"NVDA,AMD",9,20,1.0,30.0,0.8,0.4,10:00,15:30,79,31.6,819.43,173.1,
677,NVDA,5,26,1.0,50.0,0.6,0.4,10:00,14:30,79,53.2,818.99,173.0,
678,"NVDA,AMD",9,26,2.0,30.0,0.6,0.5,10:00,15:30,79,21.5,818.89,173.0,
679,GLD,5,20,2.0,50.0,0.6,0.4,10:00,15:30,80,20.0,818.6,172.9,
680,"SPY,QQQ,NVDA",5,20,1.0,50.0,0.8,0.5,10:00,15:30,81,40.7,817.98,172.7,
681,TSLA,5,20,2.0,30.0,0.8,0.4,10:00,14:30,79,25.3,817.86,172.6,
682,"NVDA,AMD",9,20,1.0,50.0,0.6,0.5,10:00,14:30,79,48.1,816.76,172.3,
683,"NVDA,TSLA",9,20,1.0,50.0,0.6,0.5,10:00,14:30,80,52.5,816.75,172.2,
684,"SPY,NVDA",5,20,2.0,30.0,0.8,0.5,10:00,15:30,81,18.5,816.23,172.1,
685,"NVDA,AMD",5,26,2.0,30.0,0.6,0.4,10:00,14:30,80,26.2,815.73,171.9,
686,"NVDA,TSLA,MSTR",5,20,2.0,50.0,0.8,0.4,10:00,15:30,81,18.5,814.52,171.5,
687,AMD,9,20,5.0,50.0,0.6,0.4,10:00,15:30,78,17.9,814.56,171.5,
688,SMCI,5,20,5.0,50.0,0.6,0.4,10:00,15:30,80,12.5,814.58,171.5,
689,"SPY,QQQ,NVDA",5,20,2.0,30.0,0.6,0.4,10:00,15:30,81,16.0,814.31,171.4,
690,"AMD,TSLA,NVDA",9,20,1.0,50.0,0.8,0.4,10:00,14:30,80,46.2,814.17,171.4,
691,"SPY,NVDA",5,26,2.0,50.0,0.6,0.4,10:00,14:30,81,27.2,814.03,171.3,
692,"SPY,NVDA",5,26,1.0,50.0,0.8,0.5,10:00,14:30,80,51.2,813.81,171.3,
693,"NVDA,TSLA,PLTR,COIN",5,26,5.0,50.0,0.6,0.5,10:00,15:30,81,11.1,813.25,171.1,
694,NVDA,9,26,2.0,50.0,0.8,0.4,10:00,14:30,78,33.3,813.15,171.1,
695,"NVDA,AMD",9,26,2.0,30.0,0.6,0.4,10:00,14:30,79,25.3,813.31,171.1,
696,"NVDA,AMD",5,20,1.0,30.0,0.8,0.5,10:00,14:30,79,40.5,812.29,170.8,
697,"NVDA,TSLA",9,26,2.0,50.0,0.6,0.5,10:00,14:30,80,35.0,812.13,170.7,
698,SMCI,5,26,2.0,30.0,0.6,0.4,10:00,14:30,79,20.3,811.27,170.4,
699,"NVDA,TSLA",9,26,1.0,50.0,0.8,0.5,10:00,14:30,80,52.5,810.69,170.2,
700,"NVDA,TSLA",5,26,1.0,30.0,0.6,0.4,10:00,15:30,81,33.3,810.12,170.0,
701,"NVDA,TSLA",5,26,1.0,30.0,0.8,0.4,10:00,15:30,81,30.9,809.62,169.9,
702,AMD,9,26,2.0,30.0,0.8,0.4,10:00,15:30,78,16.7,809.12,169.7,
703,AMD,9,20,5.0,30.0,0.6,0.5,10:00,14:30,78,25.6,807.93,169.3,
704,NVDA,5,26,2.0,30.0,0.8,0.5,10:00,15:30,79,20.3,807.73,169.2,
705,"AMD,TSLA,NVDA",9,20,1.0,50.0,0.6,0.4,10:00,14:30,80,48.8,807.47,169.2,
706,"NVDA,TSLA,PLTR,COIN",5,20,5.0,50.0,0.8,0.5,10:00,14:30,81,16.0,807.26,169.1,
707,"NVDA,AMD",9,26,2.0,30.0,0.6,0.4,10:00,15:30,79,20.3,806.88,169.0,
708,SMCI,9,26,2.0,30.0,0.6,0.4,10:00,14:30,78,21.8,806.4,168.8,
709,NVDA,5,20,1.0,30.0,0.6,0.4,10:00,14:30,79,40.5,805.17,168.4,
710,"NVDA,TSLA",9,20,2.0,30.0,0.8,0.4,10:00,14:30,81,23.5,805.05,168.3,
711,AMD,5,26,5.0,30.0,0.8,0.5,10:00,14:30,78,23.1,804.66,168.2,
712,"TSLA,RIVN",5,26,5.0,50.0,0.6,0.4,10:00,14:30,81,22.2,804.64,168.2,
713,"QQQ,NVDA",5,20,1.0,30.0,0.8,0.4,10:00,15:30,81,28.4,804.68,168.2,
714,"NVDA,AMD",5,20,1.0,30.0,0.8,0.5,10:00,15:30,79,27.8,804.39,168.1,
715,"AMD,TSLA,NVDA",9,26,2.0,50.0,0.8,0.4,10:00,15:30,81,23.5,803.98,168.0,
716,"PLTR,SMCI",5,26,2.0,30.0,0.6,0.4,10:00,15:30,80,16.2,804.06,168.0,
717,"NVDA,AMD",9,20,1.0,30.0,0.6,0.4,10:00,15:30,79,31.6,802.91,167.6,
718,"NVDA,TSLA",9,20,1.0,50.0,0.6,0.4,10:00,14:30,80,50.0,802.49,167.5,
719,"NVDA,TSLA,MSTR",9,20,5.0,30.0,0.8,0.5,10:00,14:30,81,13.6,802.0,167.3,
720,"NVDA,AMD",5,20,1.0,30.0,0.6,0.4,10:00,15:30,79,30.4,801.16,167.1,
721,"NVDA,TSLA,PLTR,COIN",5,20,5.0,30.0,0.8,0.4,10:00,14:30,81,14.8,800.32,166.8,
722,"PLTR,COIN,SMCI",9,26,1.0,30.0,0.8,0.5,10:00,15:30,80,28.7,800.27,166.8,
723,AMD,9,20,5.0,50.0,0.8,0.4,10:00,15:30,78,16.7,799.98,166.7,
724,"NVDA,TSLA,MSTR",5,20,1.0,30.0,0.8,0.4,10:00,14:30,81,34.6,800.02,166.7,
725,AMD,9,26,5.0,50.0,0.6,0.5,10:00,15:30,78,16.7,799.79,166.6,
726,"AMD,TSLA,NVDA",9,20,2.0,30.0,0.8,0.5,10:00,15:30,81,19.8,799.93,166.6,
727,"PLTR,COIN,SMCI",9,26,1.0,50.0,0.8,0.4,10:00,15:30,79,31.6,799.69,166.6,
728,SMCI,5,26,2.0,30.0,0.6,0.4,10:00,15:30,80,17.5,799.64,166.5,
729,TSLA,9,26,1.0,50.0,0.8,0.5,10:00,15:30,80,47.5,798.8,166.3,
730,"NVDA,TSLA,MSTR",5,26,5.0,30.0,0.6,0.5,10:00,15:30,81,11.1,798.96,166.3,
731,NVDA,5,26,1.0,50.0,0.6,0.5,10:00,14:30,79,54.4,798.43,166.1,
732,"QQQ,TSLA",9,20,5.0,50.0,0.8,0.4,10:00,15:30,81,11.1,798.01,166.0,
733,NVDA,9,20,1.0,50.0,0.6,0.4,10:00,15:30,79,46.8,797.42,165.8,
734,"SPY,NVDA",5,26,2.0,50.0,0.6,0.5,10:00,15:30,81,25.9,796.92,165.6,
735,"IWM,PLTR",5,20,2.0,50.0,0.6,0.5,10:00,15:30,81,19.8,795.29,165.1,
736,"NVDA,TSLA,MSTR",5,20,2.0,30.0,0.8,0.5,10:00,15:30,81,16.0,795.03,165.0,
737,"NVDA,TSLA",9,20,2.0,30.0,0.8,0.5,10:00,14:30,80,31.2,794.22,164.7,
738,NVDA,5,26,2.0,30.0,0.8,0.5,10:00,14:30,79,34.2,794.2,164.7,
739,"NVDA,TSLA,MSTR",5,20,5.0,30.0,0.6,0.4,10:00,15:30,81,9.9,793.24,164.4,
740,"NVDA,TSLA",9,26,2.0,30.0,0.8,0.4,10:00,15:30,81,21.0,792.67,164.2,
741,"QQQ,TSLA",5,20,5.0,30.0,0.8,0.5,10:00,14:30,79,13.9,792.32,164.1,
742,NVDA,9,26,5.0,50.0,0.6,0.4,10:00,14:30,78,24.4,791.38,163.8,
743,TSLA,9,26,5.0,30.0,0.6,0.5,10:00,15:30,81,12.3,791.21,163.7,
744,"NVDA,AMD",5,26,5.0,30.0,0.6,0.5,10:00,15:30,80,16.2,790.22,163.4,
745,"SPY,NVDA",5,26,1.0,50.0,0.6,0.5,10:00,14:30,80,51.2,790.03,163.3,
746,NVDA,5,20,1.0,30.0,0.8,0.5,10:00,15:30,79,34.2,789.75,163.2,
747,"NVDA,TSLA,PLTR,COIN",5,20,2.0,50.0,0.8,0.5,10:00,15:30,81,22.2,789.34,163.1,
748,NVDA,5,20,1.0,30.0,0.8,0.4,10:00,15:30,79,29.1,788.78,162.9,
749,"QQQ,NVDA",5,20,5.0,50.0,0.6,0.5,10:00,15:30,81,16.0,788.79,162.9,
750,TSLA,5,20,5.0,30.0,0.8,0.4,10:00,14:30,79,12.7,787.87,162.6,
751,"NVDA,TSLA,PLTR,COIN",5,20,5.0,50.0,0.6,0.5,10:00,14:30,81,16.0,787.28,162.4,
752,"AMD,TSLA,NVDA",5,20,1.0,30.0,0.6,0.4,10:00,15:30,81,30.9,787.07,162.4,
753,AMD,9,26,5.0,30.0,0.6,0.4,10:00,15:30,78,14.1,786.81,162.3,
754,SPY,9,26,5.0,50.0,0.6,0.5,10:00,15:30,81,8.6,786.55,162.2,
755,SPY,5,20,1.0,50.0,0.8,0.5,10:00,15:30,80,42.5,786.35,162.1,
756,"QQQ,NVDA",5,20,1.0,50.0,0.8,0.4,10:00,14:30,79,49.4,785.83,161.9,
757,"SPY,NVDA",5,20,1.0,50.0,0.6,0.5,10:00,14:30,80,51.2,785.56,161.9,
758,SMCI,5,20,2.0,50.0,0.8,0.5,10:00,15:30,81,17.3,785.53,161.8,
759,NVDA,9,20,5.0,30.0,0.8,0.4,10:00,14:30,80,20.0,784.68,161.6,
760,"NVDA,AMD",9,26,2.0,30.0,0.6,0.5,10:00,14:30,79,31.6,784.73,161.6,
761,"NVDA,TSLA",9,26,2.0,30.0,0.8,0.5,10:00,14:30,81,29.6,784.53,161.5,
762,"SPY,NVDA",9,20,1.0,50.0,0.8,0.5,10:00,15:30,81,42.0,784.1,161.4,
763,"NVDA,TSLA,MSTR",5,20,1.0,50.0,0.8,0.4,10:00,14:30,81,40.7,783.72,161.2,
764,"NVDA,TSLA,MSTR",5,20,1.0,50.0,0.8,0.5,10:00,14:30,81,43.2,783.15,161.1,
765,"PLTR,COIN,SMCI",9,20,1.0,50.0,0.8,0.5,10:00,15:30,80,35.0,782.97,161.0,
766,"QQQ,NVDA",5,20,2.0,30.0,0.6,0.5,10:00,15:30,81,19.8,781.96,160.7,
767,TSLA,5,26,5.0,50.0,0.6,0.4,10:00,15:30,80,15.0,781.97,160.7,
768,"AMD,TSLA,NVDA",9,20,1.0,30.0,0.6,0.4,10:00,14:30,80,40.0,781.92,160.6,
769,"QQQ,TSLA",5,20,5.0,50.0,0.6,0.4,10:00,15:30,81,11.1,781.77,160.6,
770,"QQQ,NVDA",9,20,1.0,50.0,0.6,0.4,10:00,15:30,80,46.2,781.22,160.4,
771,"NVDA,TSLA,MSTR",5,26,2.0,50.0,0.8,0.4,10:00,14:30,81,24.7,780.06,160.0,
772,SMCI,9,26,5.0,30.0,0.8,0.5,10:00,15:30,78,12.8,779.72,159.9,
773,"NVDA,TSLA,PLTR,COIN",5,20,5.0,30.0,0.6,0.4,10:00,14:30,81,14.8,779.45,159.8,
774,AMD,5,20,5.0,50.0,0.8,0.4,10:00,14:30,78,17.9,778.91,159.6,
775,"NVDA,TSLA",9,20,1.0,50.0,0.8,0.4,10:00,14:30,80,47.5,778.55,159.5,
776,AMD,9,26,5.0,50.0,0.8,0.4,10:00,14:30,78,14.1,778.06,159.4,
777,"NVDA,TSLA,MSTR",5,20,1.0,30.0,0.6,0.5,10:00,15:30,81,35.8,777.48,159.2,
778,"NVDA,TSLA",9,20,1.0,50.0,0.8,0.5,10:00,14:30,80,48.8,776.34,158.8,
779,NVDA,9,20,5.0,50.0,0.6,0.4,10:00,14:30,80,20.0,776.47,158.8,
780,"NVDA,TSLA",9,26,1.0,50.0,0.6,0.5,10:00,14:30,80,52.5,776.55,158.8,
781,"NVDA,AMD",5,20,2.0,50.0,0.8,0.5,10:00,15:30,79,20.3,775.74,158.6,
782,AMD,9,20,5.0,50.0,0.8,0.4,10:00,14:30,78,21.8,775.77,158.6,
783,"QQQ,NVDA",9,20,1.0,50.0,0.6,0.5,10:00,15:30,80,50.0,775.12,158.4,
784,SMCI,9,26,2.0,30.0,0.6,0.4,10:00,15:30,78,14.1,774.7,158.2,
785,"AMD,TSLA,NVDA",9,26,1.0,50.0,0.8,0.5,10:00,14:30,80,47.5,774.35,158.1,
786,TSLA,5,26,2.0,50.0,0.6,0.5,10:00,14:30,79,34.2,772.97,157.7,
787,"NVDA,AMD",9,26,2.0,50.0,0.6,0.5,10:00,14:30,79,35.4,772.68,157.6,
788,"NVDA,TSLA,MSTR",5,20,1.0,50.0,0.8,0.5,10:00,15:30,81,43.2,772.55,157.5,
789,"AMD,TSLA,NVDA",9,20,1.0,30.0,0.6,0.5,10:00,15:30,81,33.3,772.16,157.4,
790,"SPY,NVDA",5,26,2.0,50.0,0.8,0.4,10:00,14:30,81,27.2,771.82,157.3,
791,"NVDA,TSLA,MSTR",5,20,1.0,50.0,0.6,0.5,10:00,14:30,81,46.9,771.76,157.3,
792,TSLA,9,20,1.0,50.0,0.8,0.4,10:00,15:30,80,46.2,770.88,157.0,
793,"PLTR,SMCI",5,20,2.0,30.0,0.8,0.5,10:00,15:30,81,16.0,770.27,156.8,
794,"AMD,TSLA,NVDA",9,20,2.0,30.0,0.6,0.5,10:00,14:30,80,30.0,770.14,156.7,
795,"SPY,NVDA",5,20,2.0,50.0,0.6,0.4,10:00,15:30,81,21.0,769.09,156.4,
796,TSLA,5,26,2.0,50.0,0.8,0.5,10:00,14:30,79,34.2,768.86,156.3,
797,"NVDA,TSLA,MSTR",5,20,1.0,30.0,0.6,0.4,10:00,14:30,81,35.8,768.47,156.2,
798,"NVDA,TSLA,MSTR",5,20,5.0,30.0,0.6,0.5,10:00,15:30,81,12.3,767.87,156.0,
799,"NVDA,AMD",9,26,1.0,50.0,0.8,0.5,10:00,15:30,79,41.8,768.01,156.0,
800,SMCI,5,20,2.0,30.0,0.6,0.5,10:00,15:30,81,16.0,767.33,155.8,
801,"NVDA,TSLA",9,20,5.0,30.0,0.6,0.5,10:00,14:30,81,13.6,767.31,155.8,
802,"QQQ,TSLA",5,20,5.0,30.0,0.6,0.5,10:00,14:30,79,13.9,766.28,155.4,
803,"SPY,NVDA",5,20,2.0,50.0,0.8,0.5,10:00,15:30,81,22.2,766.09,155.4,
804,"NVDA,TSLA,MSTR",5,20,2.0,30.0,0.8,0.4,10:00,15:30,81,14.8,765.5,155.2,
805,"QQQ,NVDA",9,20,1.0,30.0,0.8,0.5,10:00,15:30,80,33.8,765.25,155.1,
806,"QQQ,NVDA",5,20,5.0,30.0,0.8,0.5,10:00,14:30,80,18.8,764.06,154.7,
807,"NVDA,TSLA,PLTR,COIN",5,20,1.0,30.0,0.8,0.4,10:00,15:30,81,24.7,763.81,154.6,
808,"NVDA,AMD",5,26,5.0,30.0,0.8,0.4,10:00,14:30,80,16.2,763.52,154.5,
809,"NVDA,TSLA,MSTR",5,26,2.0,30.0,0.8,0.5,10:00,14:30,81,23.5,763.36,154.5,
810,SPY,9,26,5.0,30.0,0.8,0.4,10:00,15:30,81,8.6,762.55,154.2,
811,"NVDA,TSLA",5,26,2.0,30.0,0.8,0.5,10:00,15:30,81,18.5,761.91,154.0,
812,"NVDA,AMD",5,26,2.0,30.0,0.6,0.4,10:00,15:30,80,17.5,761.58,153.9,
813,NVDA,5,26,1.0,30.0,0.8,0.5,10:00,15:30,79,34.2,761.34,153.8,
814,AMD,5,26,5.0,30.0,0.6,0.5,10:00,14:30,78,23.1,761.39,153.8,
815,TSLA,5,26,1.0,50.0,0.8,0.5,10:00,15:30,80,50.0,761.15,153.7,
816,"SPY,NVDA",5,26,2.0,30.0,0.8,0.4,10:00,14:30,81,24.7,760.44,153.5,
817,SPY,9,26,5.0,50.0,0.8,0.5,10:00,15:30,81,8.6,760.18,153.4,
818,"QQQ,TSLA",9,26,5.0,30.0,0.8,0.4,10:00,15:30,81,8.6,759.82,153.3,
819,"NVDA,TSLA,PLTR,COIN",5,20,5.0,50.0,0.6,0.4,10:00,15:30,81,11.1,759.19,153.1,
820,NVDA,5,26,2.0,30.0,0.6,0.5,10:00,14:30,79,34.2,759.13,153.0,
821,"NVDA,TSLA,MSTR",5,26,1.0,50.0,0.8,0.5,10:00,15:30,81,48.1,758.99,153.0,
822,NVDA,9,20,1.0,30.0,0.8,0.4,10:00,15:30,79,32.9,759.12,153.0,
823,"NVDA,AMD",9,20,1.0,50.0,0.8,0.4,10:00,15:30,79,40.5,757.92,152.6,
824,"NVDA,TSLA,MSTR",5,20,1.0,30.0,0.6,0.4,10:00,15:30,81,32.1,757.18,152.4,
825,"NVDA,TSLA",9,26,2.0,50.0,0.8,0.4,10:00,15:30,81,27.2,756.8,152.3,
826,SMCI,9,26,2.0,50.0,0.6,0.4,10:00,14:30,78,25.6,756.5,152.2,
827,SMCI,5,26,2.0,30.0,0.8,0.5,10:00,14:30,79,19.0,755.23,151.7,
828,"PLTR,SMCI",5,26,2.0,30.0,0.6,0.5,10:00,15:30,80,17.5,754.97,151.7,
829,"NVDA,AMD",9,26,1.0,30.0,0.8,0.4,10:00,14:30,79,34.2,755.14,151.7,
830,"SPY,QQQ,NVDA",5,20,2.0,50.0,0.6,0.4,10:00,15:30,81,18.5,754.28,151.4,
831,TSLA,5,26,5.0,30.0,0.6,0.4,10:00,14:30,79,15.2,753.76,151.3,
832,"AMD,TSLA,NVDA",9,20,1.0,50.0,0.6,0.5,10:00,14:30,80,50.0,753.64,151.2,
833,SPY,5,26,2.0,30.0,0.8,0.5,10:00,15:30,81,22.2,753.61,151.2,
834,"NVDA,AMD",9,20,1.0,30.0,0.6,0.5,10:00,15:30,79,32.9,753.42,151.1,
835,"PLTR,COIN,SMCI",9,20,2.0,50.0,0.8,0.5,10:00,15:30,81,21.0,753.43,151.1,
836,"NVDA,TSLA",9,26,2.0,50.0,0.8,0.5,10:00,15:30,81,29.6,753.3,151.1,
837,"PLTR,SMCI",9,20,1.0,50.0,0.8,0.5,10:00,15:30,79,31.6,752.81,150.9,
838,"NVDA,AMD",9,20,5.0,50.0,0.6,0.4,10:00,15:30,80,13.8,752.78,150.9,
839,"NVDA,TSLA,MSTR",9,20,5.0,30.0,0.6,0.5,10:00,14:30,81,13.6,752.55,150.8,
840,"NVDA,TSLA,MSTR",5,26,2.0,50.0,0.6,0.5,10:00,14:30,81,28.4,752.54,150.8,
841,"AMD,TSLA,NVDA",9,20,1.0,50.0,0.6,0.4,10:00,15:30,81,40.7,752.05,150.7,
842,"AMD,TSLA,NVDA",9,20,1.0,30.0,0.6,0.5,10:00,14:30,80,41.2,752.19,150.7,
843,"AMD,TSLA,NVDA",5,26,1.0,30.0,0.6,0.4,10:00,14:30,80,35.0,751.83,150.6,
844,"QQQ,NVDA",5,20,1.0,50.0,0.8,0.5,10:00,14:30,79,50.6,751.14,150.4,
845,"NVDA,TSLA",5,26,2.0,30.0,0.6,0.5,10:00,15:30,81,19.8,750.88,150.3,
846,"NVDA,TSLA",9,20,1.0,30.0,0.8,0.4,10:00,15:30,81,32.1,750.54,150.2,
847,"PLTR,COIN,SMCI",9,26,1.0,30.0,0.6,0.4,10:00,15:30,81,28.4,750.21,150.1,
848,"PLTR,SMCI",5,26,1.0,30.0,0.8,0.4,10:00,15:30,80,21.2,750.08,150.0,
849,SMCI,5,20,2.0,50.0,0.6,0.5,10:00,15:30,81,16.0,750.02,150.0,
850,"NVDA,TSLA,PLTR,COIN",5,20,2.0,50.0,0.6,0.4,10:00,15:30,81,18.5,749.45,149.8,
851,"PLTR,COIN,SMCI",5,20,1.0,30.0,0.8,0.4,10:00,15:30,81,24.7,749.25,149.8,
852,SMCI,5,26,2.0,30.0,0.6,0.5,10:00,14:30,79,19.0,749.49,149.8,
853,AMD,9,26,2.0,30.0,0.8,0.5,10:00,15:30,78,17.9,748.84,149.6,
854,NVDA,5,26,1.0,50.0,0.8,0.5,10:00,14:30,79,49.4,747.64,149.2,
855,"AMD,TSLA,NVDA",9,26,2.0,30.0,0.6,0.5,10:00,14:30,81,25.9,747.33,149.1,
856,"AMD,TSLA,NVDA",5,26,1.0,30.0,0.8,0.4,10:00,14:30,80,35.0,746.9,149.0,
857,"AMD,TSLA,NVDA",5,26,5.0,30.0,0.8,0.4,10:00,14:30,81,13.6,746.66,148.9,
858,"PLTR,COIN,SMCI",5,20,2.0,30.0,0.6,0.4,10:00,15:30,81,17.3,746.73,148.9,
859,"NVDA,TSLA",9,26,1.0,30.0,0.8,0.5,10:00,14:30,80,37.5,746.34,148.8,
860,"PLTR,COIN,SMCI",9,20,1.0,30.0,0.8,0.5,10:00,15:30,81,25.9,746.35,148.8,
861,"PLTR,COIN,SMCI",9,26,1.0,50.0,0.8,0.5,10:00,15:30,79,32.9,745.99,148.7,
862,SMCI,5,26,2.0,50.0,0.8,0.5,10:00,14:30,79,21.5,745.91,148.6,
863,"QQQ,NVDA",5,20,5.0,30.0,0.6,0.5,10:00,14:30,80,18.8,745.35,148.5,
864,"AMD,TSLA,NVDA",9,26,2.0,30.0,0.6,0.4,10:00,14:30,81,21.0,745.13,148.4,
865,SMCI,9,26,1.0,30.0,0.8,0.5,10:00,14:30,78,34.6,744.77,148.3,
866,TSLA,5,20,1.0,30.0,0.6,0.5,10:00,15:30,80,40.0,743.79,147.9,
867,"SPY,QQQ,NVDA",9,20,1.0,50.0,0.8,0.5,10:00,15:30,81,40.7,743.53,147.8,
868,"AMD,TSLA,NVDA",9,26,1.0,50.0,0.6,0.4,10:00,14:30,80,50.0,743.08,147.7,
869,"NVDA,AMD",5,20,2.0,30.0,0.8,0.5,10:00,14:30,79,29.1,742.5,147.5,
870,AMD,5,20,5.0,50.0,0.6,0.4,10:00,15:30,78,15.4,742.37,147.5,
871,"IWM,PLTR",5,20,2.0,50.0,0.8,0.5,10:00,15:30,81,18.5,741.99,147.3,
872,"SPY,QQQ,NVDA",9,20,2.0,50.0,0.6,0.5,10:00,15:30,81,24.7,741.99,147.3,
873,NVDA,9,26,5.0,30.0,0.6,0.4,10:00,14:30,78,20.5,741.16,147.1,
874,AMD,9,20,5.0,50.0,0.6,0.4,10:00,14:30,78,21.8,741.37,147.1,
875,"AMD,TSLA,NVDA",9,26,1.0,30.0,0.8,0.4,10:00,14:30,80,35.0,740.75,146.9,
876,AMD,9,20,2.0,50.0,0.6,0.4,10:00,15:30,78,20.5,740.53,146.8,
877,NVDA,9,20,1.0,50.0,0.6,0.5,10:00,14:30,79,53.2,739.65,146.5,
878,"NVDA,AMD",9,20,1.0,50.0,0.6,0.4,10:00,14:30,79,44.3,739.21,146.4,
879,"NVDA,TSLA,PLTR,COIN",5,20,1.0,50.0,0.8,0.5,10:00,14:30,81,43.2,738.94,146.3,
880,"PLTR,COIN,SMCI",9,26,1.0,30.0,0.6,0.5,10:00,15:30,80,30.0,738.46,146.2,
881,"SPY,QQQ,NVDA",9,20,2.0,30.0,0.6,0.5,10:00,15:30,81,18.5,738.3,146.1,
882,"NVDA,TSLA",9,26,2.0,50.0,0.8,0.4,10:00,14:30,81,32.1,737.95,146.0,
883,AMD,9,20,5.0,30.0,0.8,0.4,10:00,15:30,78,14.1,737.95,146.0,
884,"NVDA,AMD",9,26,2.0,50.0,0.8,0.5,10:00,14:30,79,32.9,737.0,145.7,
885,"NVDA,TSLA",9,26,1.0,50.0,0.8,0.4,10:00,14:30,80,46.2,736.38,145.5,
886,"NVDA,TSLA,MSTR",5,20,1.0,30.0,0.8,0.5,10:00,15:30,81,30.9,736.16,145.4,
887,"PLTR,COIN,SMCI",9,20,1.0,50.0,0.6,0.4,10:00,15:30,81,34.6,735.85,145.3,
888,"PLTR,COIN,SMCI",5,26,1.0,30.0,0.8,0.4,10:00,15:30,81,22.2,735.2,145.1,
889,"NVDA,TSLA",9,26,2.0,30.0,0.6,0.5,10:00,14:30,81,29.6,734.83,144.9,
890,"NVDA,TSLA,MSTR",9,20,5.0,50.0,0.8,0.4,10:00,15:30,81,11.1,733.69,144.6,
891,"PLTR,COIN,SMCI",5,20,1.0,30.0,0.6,0.5,10:00,15:30,81,28.4,733.57,144.5,
892,SMCI,9,20,2.0,30.0,0.8,0.5,10:00,15:30,79,13.9,733.44,144.5,
893,"NVDA,TSLA,PLTR,COIN",5,20,1.0,30.0,0.6,0.5,10:00,14:30,81,40.7,733.19,144.4,
894,"AMD,TSLA,NVDA",9,20,1.0,30.0,0.8,0.4,10:00,14:30,80,40.0,731.8,143.9,
895,"AMD,TSLA,NVDA",5,26,5.0,30.0,0.6,0.4,10:00,14:30,81,13.6,731.51,143.8,
896,"AMD,TSLA,NVDA",9,26,2.0,50.0,0.6,0.4,10:00,15:30,81,23.5,730.33,143.4,
897,"QQQ,NVDA",5,20,2.0,50.0,0.6,0.5,10:00,15:30,81,24.7,729.94,143.3,
898,"PLTR,COIN,SMCI",5,20,5.0,50.0,0.6,0.5,10:00,15:30,81,16.0,729.95,143.3,
899,SMCI,5,26,2.0,30.0,0.8,0.4,10:00,15:30,80,15.0,729.69,143.2,
900,TSLA,5,20,2.0,30.0,0.6,0.4,10:00,14:30,79,25.3,729.08,143.0,
901,TSLA,9,26,5.0,50.0,0.6,0.4,10:00,14:30,80,16.2,728.31,142.8,
902,NVDA,9,26,1.0,50.0,0.6,0.5,10:00,15:30,79,45.6,728.08,142.7,
903,"NVDA,TSLA,PLTR,COIN",5,20,5.0,30.0,0.6,0.5,10:00,15:30,81,11.1,728.0,142.7,
904,"NVDA,TSLA",9,20,1.0,30.0,0.8,0.4,10:00,14:30,80,40.0,727.89,142.6,
905,"PLTR,COIN,SMCI",5,20,1.0,30.0,0.8,0.5,10:00,15:30,81,27.2,727.76,142.6,
906,"NVDA,AMD",9,26,1.0,30.0,0.8,0.4,10:00,15:30,79,29.1,727.42,142.5,
907,NVDA,9,26,2.0,30.0,0.8,0.5,10:00,14:30,78,33.3,727.39,142.5,
908,"NVDA,TSLA",9,26,2.0,30.0,0.8,0.4,10:00,14:30,81,22.2,726.94,142.3,
909,"AMD,TSLA,NVDA",5,20,1.0,30.0,0.8,0.4,10:00,14:30,80,33.8,725.85,142.0,
910,"NVDA,TSLA,MSTR",5,26,5.0,30.0,0.8,0.5,10:00,15:30,81,9.9,726.05,142.0,
911,"QQQ,NVDA",5,26,2.0,50.0,0.6,0.5,10:00,15:30,81,28.4,725.15,141.7,
912,"SPY,QQQ,NVDA",9,20,1.0,30.0,0.8,0.5,10:00,15:30,81,30.9,724.58,141.5,
913,TSLA,5,26,5.0,50.0,0.6,0.5,10:00,14:30,79,20.3,724.36,141.5,
914,"QQQ,NVDA",9,20,2.0,30.0,0.8,0.5,10:00,15:30,80,18.8,724.07,141.4,
915,"AMD,TSLA,NVDA",9,20,1.0,30.0,0.8,0.5,10:00,15:30,81,29.6,724.0,141.3,
916,"PLTR,SMCI",5,20,2.0,30.0,0.6,0.5,10:00,15:30,81,17.3,723.46,141.2,
917,"AMD,TSLA,NVDA",9,20,1.0,30.0,0.8,0.4,10:00,15:30,81,29.6,723.75,141.2,
918,"NVDA,TSLA",5,26,5.0,50.0,0.6,0.4,10:00,15:30,81,13.6,722.86,141.0,
919,"SPY,NVDA",5,26,1.0,30.0,0.6,0.4,10:00,14:30,81,39.5,722.69,140.9,
920,TSLA,5,26,1.0,50.0,0.8,0.5,10:00,14:30,79,49.4,722.53,140.8,
921,NVDA,9,26,2.0,30.0,0.6,0.5,10:00,14:30,78,33.3,722.24,140.7,
922,"NVDA,TSLA",9,20,1.0,30.0,0.6,0.4,10:00,14:30,80,40.0,721.83,140.6,
923,"SPY,QQQ,NVDA",5,20,2.0,50.0,0.6,0.5,10:00,15:30,81,22.2,720.75,140.3,
924,"NVDA,TSLA,PLTR,COIN",5,20,1.0,30.0,0.6,0.4,10:00,15:30,81,28.4,720.43,140.1,
925,TSLA,5,20,2.0,50.0,0.8,0.4,10:00,14:30,79,30.4,720.32,140.1,
926,SMCI,9,26,1.0,30.0,0.8,0.4,10:00,14:30,78,30.8,719.9,140.0,
927,AMD,5,26,5.0,50.0,0.8,0.5,10:00,14:30,78,25.6,719.64,139.9,
928,"AMD,TSLA,NVDA",9,20,5.0,30.0,0.6,0.5,10:00,15:30,81,12.3,719.74,139.9,
929,AMD,9,20,2.0,30.0,0.8,0.4,10:00,15:30,78,17.9,718.3,139.4,
930,"QQQ,TSLA",5,20,5.0,50.0,0.6,0.5,10:00,15:30,81,11.1,717.82,139.3,
931,"QQQ,NVDA",5,20,1.0,30.0,0.6,0.5,10:00,15:30,81,32.1,717.59,139.2,
932,"AMD,TSLA,NVDA",9,26,2.0,30.0,0.8,0.4,10:00,15:30,81,14.8,717.26,139.1,
933,"NVDA,AMD",5,20,2.0,50.0,0.6,0.5,10:00,15:30,79,20.3,716.89,139.0,
934,"PLTR,COIN,SMCI",5,26,2.0,50.0,0.8,0.5,10:00,15:30,81,19.8,716.26,138.8,
935,"PLTR,COIN,SMCI",9,20,1.0,50.0,0.6,0.5,10:00,15:30,80,37.5,715.78,138.6,
936,"NVDA,AMD",9,26,2.0,50.0,0.8,0.4,10:00,14:30,79,29.1,715.91,138.6,
937,"AMD,TSLA,NVDA",9,26,1.0,50.0,0.8,0.4,10:00,14:30,80,46.2,714.89,138.3,
938,NVDA,5,26,1.0,30.0,0.6,0.5,10:00,14:30,79,44.3,714.43,138.1,
939,AMD,9,26,5.0,50.0,0.8,0.5,10:00,14:30,78,17.9,713.61,137.9,
940,SPY,9,26,5.0,30.0,0.6,0.4,10:00,15:30,81,8.6,713.32,137.8,
941,"AMD,TSLA,NVDA",9,20,2.0,30.0,0.6,0.5,10:00,15:30,81,19.8,713.25,137.8,
942,"IWM,PLTR",9,26,1.0,50.0,0.8,0.5,10:00,15:30,80,33.8,713.18,137.7,
943,SMCI,5,26,2.0,50.0,0.6,0.4,10:00,14:30,79,21.5,712.91,137.6,
944,NVDA,9,26,1.0,50.0,0.6,0.5,10:00,14:30,77,48.1,712.83,137.6,
945,NVDA,9,20,1.0,50.0,0.8,0.5,10:00,14:30,79,50.6,712.06,137.4,
946,"NVDA,TSLA",9,20,1.0,30.0,0.8,0.5,10:00,15:30,81,35.8,711.26,137.1,
947,"NVDA,TSLA,PLTR,COIN",5,20,2.0,30.0,0.6,0.5,10:00,15:30,81,18.5,710.26,136.8,
948,NVDA,5,20,5.0,30.0,0.6,0.4,10:00,15:30,80,11.2,710.22,136.7,
949,"NVDA,AMD",9,26,1.0,50.0,0.8,0.4,10:00,14:30,79,44.3,710.0,136.7,
950,NVDA,9,20,1.0,30.0,0.8,0.5,10:00,15:30,79,34.2,709.92,136.6,
951,AMD,5,26,5.0,50.0,0.8,0.4,10:00,14:30,78,23.1,709.88,136.6,
952,"NVDA,AMD",5,20,1.0,30.0,0.6,0.5,10:00,14:30,79,40.5,708.89,136.3,
953,NVDA,5,26,1.0,30.0,0.6,0.4,10:00,14:30,79,40.5,708.92,136.3,
954,"NVDA,AMD",5,20,1.0,30.0,0.8,0.4,10:00,14:30,79,32.9,708.29,136.1,
955,"QQQ,NVDA",5,20,1.0,30.0,0.6,0.4,10:00,15:30,81,29.6,707.73,135.9,
956,"PLTR,SMCI",5,20,5.0,30.0,0.6,0.5,10:00,15:30,81,13.6,707.09,135.7,
957,"PLTR,SMCI",5,20,5.0,30.0,0.8,0.5,10:00,15:30,81,13.6,707.09,135.7,
958,NVDA,5,26,1.0,30.0,0.8,0.5,10:00,14:30,79,43.0,706.31,135.4,
959,SMCI,9,26,5.0,30.0,0.6,0.5,10:00,15:30,78,12.8,706.27,135.4,
960,"QQQ,NVDA",5,26,1.0,30.0,0.8,0.4,10:00,15:30,81,28.4,706.18,135.4,
961,"QQQ,NVDA",5,20,5.0,50.0,0.8,0.5,10:00,14:30,79,19.0,704.78,134.9,
962,"SPY,NVDA",5,20,1.0,50.0,0.6,0.4,10:00,15:30,81,42.0,703.46,134.5,
963,NVDA,5,26,2.0,50.0,0.8,0.5,10:00,14:30,79,32.9,703.6,134.5,
964,"QQQ,NVDA",9,20,1.0,30.0,0.8,0.4,10:00,15:30,80,28.7,703.21,134.4,
965,"QQQ,NVDA",5,20,1.0,30.0,0.8,0.5,10:00,14:30,79,41.8,702.74,134.2,
966,"NVDA,AMD",9,20,1.0,30.0,0.6,0.5,10:00,14:30,79,39.2,702.22,134.1,
967,"PLTR,COIN,SMCI",5,20,2.0,30.0,0.6,0.5,10:00,15:30,81,19.8,702.06,134.0,
968,"NVDA,AMD",9,20,2.0,30.0,0.8,0.5,10:00,14:30,79,27.8,701.97,134.0,
969,"SPY,NVDA",9,20,1.0,30.0,0.8,0.5,10:00,15:30,81,30.9,701.85,134.0,
970,NVDA,5,26,1.0,30.0,0.8,0.4,10:00,14:30,79,39.2,701.48,133.8,
971,"NVDA,TSLA,PLTR,COIN",5,20,5.0,50.0,0.8,0.4,10:00,14:30,81,13.6,701.27,133.8,
972,"NVDA,TSLA",9,20,1.0,30.0,0.8,0.5,10:00,14:30,80,42.5,701.48,133.8,
973,"PLTR,COIN,SMCI",5,20,1.0,50.0,0.8,0.4,10:00,15:30,81,29.6,700.73,133.6,
974,"NVDA,TSLA,PLTR,COIN",5,20,2.0,50.0,0.8,0.4,10:00,15:30,81,18.5,700.27,133.4,
975,"NVDA,TSLA",9,20,1.0,30.0,0.6,0.5,10:00,14:30,80,42.5,699.43,133.1,
976,"NVDA,AMD",9,20,2.0,30.0,0.6,0.4,10:00,14:30,80,25.0,698.55,132.9,
977,TSLA,5,26,1.0,50.0,0.6,0.5,10:00,14:30,80,51.2,698.26,132.8,
978,"NVDA,TSLA,PLTR,COIN",5,20,2.0,30.0,0.8,0.4,10:00,15:30,81,14.8,698.09,132.7,
979,COIN,5,20,2.0,50.0,0.6,0.4,10:00,15:30,80,22.5,697.9,132.6,
980,NVDA,9,26,1.0,30.0,0.8,0.5,10:00,14:30,77,40.3,697.71,132.6,
981,TSLA,5,20,2.0,50.0,0.8,0.5,10:00,14:30,79,35.4,697.64,132.5,
982,"AMD,TSLA,NVDA",9,20,1.0,30.0,0.6,0.4,10:00,15:30,81,29.6,697.54,132.5,
983,AMD,5,20,5.0,50.0,0.6,0.4,10:00,14:30,78,17.9,697.0,132.3,
984,TSLA,5,20,5.0,30.0,0.6,0.4,10:00,15:30,80,11.2,696.14,132.0,
985,"PLTR,COIN,SMCI",9,26,1.0,50.0,0.8,0.4,10:00,14:30,79,36.7,695.71,131.9,
986,"NVDA,AMD",5,20,2.0,50.0,0.8,0.5,10:00,14:30,79,30.4,693.5,131.2,
987,"PLTR,COIN,SMCI",5,20,5.0,50.0,0.8,0.5,10:00,15:30,81,16.0,692.8,130.9,
988,NVDA,9,20,5.0,30.0,0.6,0.4,10:00,14:30,80,20.0,692.47,130.8,
989,"NVDA,TSLA,MSTR",5,26,1.0,50.0,0.6,0.5,10:00,14:30,81,44.4,692.42,130.8,
990,"IWM,PLTR",9,26,1.0,30.0,0.8,0.5,10:00,15:30,80,26.2,691.66,130.6,
991,"NVDA,AMD",9,20,5.0,30.0,0.6,0.4,10:00,15:30,80,10.0,691.92,130.6,
992,"NVDA,TSLA,MSTR",5,20,1.0,30.0,0.8,0.4,10:00,15:30,81,27.2,691.77,130.6,
993,TSLA,5,20,1.0,50.0,0.8,0.4,10:00,15:30,80,42.5,691.44,130.5,
994,PLTR,9,26,1.0,30.0,0.8,0.4,10:00,15:30,78,26.9,691.62,130.5,
995,"QQQ,TSLA",9,20,5.0,30.0,0.8,0.5,10:00,15:30,81,8.6,690.76,130.3,
996,"AMD,TSLA,NVDA",9,20,2.0,30.0,0.8,0.4,10:00,14:30,81,19.8,690.16,130.1,
997,AMD,9,26,2.0,30.0,0.6,0.5,10:00,15:30,78,17.9,689.53,129.8,
998,"NVDA,TSLA,MSTR",5,20,2.0,30.0,0.6,0.5,10:00,15:30,81,17.3,688.99,129.7,
999,NVDA,9,26,2.0,30.0,0.8,0.4,10:00,14:30,78,28.2,688.76,129.6,
1000,NVDA,9,26,2.0,50.0,0.8,0.5,10:00,14:30,78,34.6,688.07,129.4,
1001,"NVDA,TSLA,MSTR",5,26,1.0,50.0,0.8,0.5,10:00,14:30,81,43.2,688.03,129.3,
1002,"SPY,NVDA",5,26,2.0,30.0,0.6,0.4,10:00,14:30,81,24.7,687.54,129.2,
1003,"SPY,NVDA",5,26,1.0,50.0,0.8,0.4,10:00,15:30,81,39.5,687.24,129.1,
1004,"SPY,NVDA",9,26,2.0,30.0,0.8,0.5,10:00,15:30,81,18.5,686.56,128.9,
1005,"QQQ,TSLA",5,26,5.0,50.0,0.8,0.4,10:00,15:30,81,9.9,686.72,128.9,
1006,"NVDA,AMD",9,20,1.0,30.0,0.8,0.5,10:00,14:30,79,39.2,686.15,128.7,
1007,"NVDA,AMD",9,20,5.0,30.0,0.6,0.5,10:00,15:30,80,13.8,685.9,128.6,
1008,TSLA,9,20,1.0,50.0,0.6,0.4,10:00,15:30,80,45.0,685.56,128.5,
1009,"QQQ,NVDA",5,20,2.0,30.0,0.6,0.4,10:00,15:30,81,16.0,685.35,128.5,
1010,TSLA,5,26,2.0,30.0,0.8,0.4,10:00,14:30,79,21.5,685.09,128.4,
1011,"PLTR,COIN,SMCI",9,26,1.0,50.0,0.6,0.4,10:00,15:30,79,32.9,685.24,128.4,
1012,"NVDA,TSLA,PLTR,COIN",5,20,1.0,50.0,0.8,0.4,10:00,14:30,81,35.8,684.88,128.3,
1013,NVDA,9,26,1.0,50.0,0.6,0.4,10:00,14:30,78,42.3,684.6,128.2,
1014,"SPY,NVDA",5,20,1.0,30.0,0.8,0.5,10:00,15:30,81,28.4,684.47,128.2,
1015,NVDA,9,26,2.0,30.0,0.6,0.4,10:00,14:30,78,28.2,683.61,127.9,
1016,AMD,5,26,5.0,50.0,0.6,0.5,10:00,14:30,78,25.6,683.2,127.7,
1017,"NVDA,TSLA,PLTR,COIN",5,26,5.0,30.0,0.8,0.5,10:00,15:30,81,8.6,682.69,127.6,
1018,"NVDA,AMD",9,26,1.0,30.0,0.6,0.4,10:00,14:30,79,34.2,682.9,127.6,
1019,"AMD,TSLA,NVDA",9,20,1.0,30.0,0.8,0.5,10:00,14:30,80,41.2,682.42,127.5,
1020,"MSTR,COIN",5,20,1.0,50.0,0.6,0.4,10:00,15:30,81,38.3,682.31,127.4,
1021,NVDA,9,26,1.0,30.0,0.8,0.4,10:00,14:30,78,39.7,681.82,127.3,
1022,TSLA,9,26,5.0,50.0,0.8,0.5,10:00,14:30,80,17.5,681.17,127.1,
1023,"NVDA,TSLA,PLTR,COIN",5,20,1.0,30.0,0.8,0.5,10:00,14:30,81,38.3,681.35,127.1,
1024,"AMD,TSLA,NVDA",9,26,5.0,30.0,0.6,0.4,10:00,15:30,81,9.9,680.72,126.9,
1025,"QQQ,TSLA",5,20,1.0,50.0,0.6,0.5,10:00,15:30,81,39.5,678.44,126.1,
1026,"QQQ,NVDA",5,20,2.0,50.0,0.6,0.4,10:00,15:30,81,21.0,677.93,126.0,
1027,"QQQ,TSLA",9,20,5.0,30.0,0.6,0.4,10:00,15:30,81,6.2,677.65,125.9,
1028,"SPY,NVDA",5,26,2.0,30.0,0.6,0.5,10:00,14:30,81,29.6,677.45,125.8,
1029,"NVDA,TSLA,MSTR",5,26,1.0,30.0,0.8,0.5,10:00,14:30,81,37.0,677.07,125.7,
1030,"NVDA,AMD",9,20,2.0,50.0,0.8,0.4,10:00,14:30,79,25.3,676.77,125.6,
1031,AMD,9,26,5.0,50.0,0.6,0.4,10:00,14:30,78,14.1,676.59,125.5,
1032,"QQQ,NVDA",5,26,1.0,50.0,0.6,0.5,10:00,14:30,79,48.1,676.5,125.5,
1033,"QQQ,TSLA",9,26,5.0,30.0,0.6,0.4,10:00,15:30,81,8.6,676.32,125.4,
1034,"PLTR,COIN,SMCI",5,26,2.0,50.0,0.6,0.5,10:00,15:30,81,19.8,675.56,125.2,
1035,"NVDA,AMD",9,26,1.0,50.0,0.6,0.4,10:00,14:30,79,44.3,675.72,125.2,
1036,"AMD,TSLA,NVDA",9,26,1.0,50.0,0.8,0.4,10:00,15:30,81,39.5,674.67,124.9,
1037,"NVDA,TSLA",9,20,2.0,30.0,0.8,0.5,10:00,15:30,81,19.8,673.57,124.5,
1038,SMCI,9,20,1.0,30.0,0.8,0.4,10:00,14:30,78,29.5,673.56,124.5,
1039,"SPY,NVDA",9,20,1.0,30.0,0.8,0.4,10:00,15:30,81,27.2,673.55,124.5,
1040,"QQQ,NVDA",9,20,1.0,30.0,0.6,0.4,10:00,15:30,80,30.0,672.6,124.2,
1041,"NVDA,TSLA,MSTR",9,26,5.0,50.0,0.6,0.4,10:00,14:30,81,14.8,672.64,124.2,
1042,"NVDA,TSLA,MSTR",5,20,2.0,30.0,0.6,0.4,10:00,15:30,81,16.0,672.33,124.1,
1043,"MSTR,COIN",5,20,2.0,50.0,0.8,0.4,10:00,15:30,81,21.0,670.9,123.6,
1044,AMD,5,26,2.0,50.0,0.8,0.4,10:00,15:30,78,20.5,670.11,123.4,
1045,"NVDA,TSLA",9,20,2.0,30.0,0.6,0.4,10:00,14:30,81,23.5,670.23,123.4,
1046,"PLTR,COIN,SMCI",9,20,2.0,50.0,0.6,0.5,10:00,15:30,81,21.0,670.06,123.4,
1047,"SPY,NVDA",5,26,1.0,30.0,0.6,0.5,10:00,14:30,81,44.4,669.91,123.3,
1048,"NVDA,AMD",9,20,1.0,50.0,0.8,0.5,10:00,14:30,79,44.3,669.48,123.2,
1049,NVDA,5,26,1.0,50.0,0.8,0.4,10:00,14:30,79,44.3,669.67,123.2,
1050,"NVDA,TSLA,MSTR",5,26,5.0,50.0,0.6,0.4,10:00,15:30,81,12.3,669.61,123.2,
1051,"SPY,NVDA",5,26,1.0,30.0,0.8,0.5,10:00,15:30,81,30.9,669.72,123.2,
1052,"AMD,TSLA,NVDA",9,26,1.0,30.0,0.6,0.4,10:00,14:30,80,35.0,669.66,123.2,
1053,"AMD,TSLA,NVDA",9,26,5.0,30.0,0.8,0.4,10:00,15:30,81,9.9,669.17,123.1,
1054,"NVDA,AMD",5,26,5.0,30.0,0.6,0.4,10:00,14:30,80,16.2,669.27,123.1,
1055,"QQQ,NVDA",5,26,1.0,50.0,0.8,0.4,10:00,15:30,80,38.8,668.8,122.9,
1056,"PLTR,SMCI",5,26,5.0,50.0,0.8,0.5,10:00,15:30,80,15.0,668.38,122.8,
1057,"NVDA,TSLA",9,20,2.0,30.0,0.6,0.5,10:00,14:30,80,31.2,667.93,122.6,
1058,NVDA,9,20,2.0,30.0,0.8,0.5,10:00,15:30,79,19.0,667.3,122.4,
1059,"SPY,QQQ,NVDA",5,20,1.0,50.0,0.8,0.4,10:00,15:30,81,34.6,666.89,122.3,
1060,"NVDA,AMD",5,26,2.0,30.0,0.8,0.4,10:00,15:30,80,16.2,664.29,121.4,
1061,"NVDA,AMD",9,20,1.0,30.0,0.8,0.4,10:00,14:30,79,35.4,663.75,121.3,
1062,"NVDA,TSLA",9,26,1.0,50.0,0.6,0.4,10:00,14:30,80,47.5,663.9,121.3,
1063,NVDA,9,20,1.0,50.0,0.6,0.4,10:00,14:30,79,45.6,663.5,121.2,
1064,"AMD,TSLA,NVDA",5,26,5.0,30.0,0.6,0.4,10:00,15:30,81,7.4,663.3,121.1,
1065,"PLTR,COIN,SMCI",9,26,2.0,50.0,0.6,0.5,10:00,14:30,80,30.0,663.29,121.1,
1066,"SPY,NVDA",5,26,1.0,50.0,0.8,0.4,10:00,14:30,80,45.0,662.82,120.9,
1067,TSLA,5,20,2.0,30.0,0.8,0.5,10:00,14:30,79,25.3,661.63,120.5,
1068,AMD,5,26,5.0,50.0,0.6,0.4,10:00,15:30,78,15.4,660.79,120.3,
1069,COIN,5,20,2.0,50.0,0.6,0.4,10:00,14:30,80,27.5,660.87,120.3,
1070,"NVDA,AMD",9,20,1.0,30.0,0.6,0.4,10:00,14:30,79,35.4,660.89,120.3,
1071,"AMD,TSLA,NVDA",9,26,1.0,50.0,0.6,0.5,10:00,14:30,80,45.0,660.47,120.2,
1072,"NVDA,TSLA,PLTR,COIN",5,20,2.0,30.0,0.6,0.5,10:00,14:30,81,23.5,660.66,120.2,
1073,TSLA,5,20,5.0,30.0,0.6,0.4,10:00,14:30,79,12.7,660.28,120.1,
1074,"NVDA,AMD",5,20,1.0,30.0,0.6,0.5,10:00,15:30,79,29.1,660.3,120.1,
1075,"NVDA,TSLA",9,26,1.0,30.0,0.8,0.4,10:00,15:30,81,32.1,660.39,120.1,
1076,AMD,5,26,2.0,50.0,0.6,0.4,10:00,15:30,78,20.5,659.35,119.8,
1077,"PLTR,COIN,SMCI",9,26,1.0,50.0,0.6,0.4,10:00,14:30,79,36.7,658.48,119.5,
1078,AMD,5,20,5.0,30.0,0.8,0.4,10:00,15:30,78,12.8,658.51,119.5,
1079,NVDA,9,26,1.0,30.0,0.6,0.4,10:00,14:30,78,39.7,658.13,119.4,
1080,"PLTR,COIN,SMCI",5,20,2.0,30.0,0.8,0.5,10:00,15:30,81,18.5,657.02,119.0,
1081,"TSLA,RIVN",5,26,5.0,30.0,0.8,0.4,10:00,14:30,81,16.0,656.93,119.0,
1082,"SPY,NVDA",5,26,1.0,30.0,0.8,0.4,10:00,15:30,81,25.9,656.89,119.0,
1083,"PLTR,SMCI",9,20,1.0,30.0,0.8,0.5,10:00,15:30,79,24.1,656.62,118.9,
1084,TSLA,9,20,1.0,50.0,0.8,0.5,10:00,14:30,79,48.1,656.52,118.8,
1085,"AMD,TSLA,NVDA",5,26,2.0,30.0,0.8,0.4,10:00,14:30,81,21.0,656.27,118.8,
1086,"QQQ,NVDA",5,20,2.0,30.0,0.8,0.4,10:00,15:30,81,14.8,655.85,118.6,
1087,SMCI,5,26,2.0,30.0,0.8,0.5,10:00,15:30,80,16.2,655.47,118.5,
1088,NVDA,9,26,1.0,30.0,0.6,0.5,10:00,14:30,77,40.3,655.61,118.5,
1089,"SPY,NVDA",5,20,1.0,30.0,0.6,0.5,10:00,15:30,81,32.1,655.17,118.4,
1090,"NVDA,TSLA,PLTR,COIN",9,26,1.0,50.0,0.8,0.5,10:00,15:30,81,30.9,654.55,118.2,
1091,"NVDA,TSLA",9,26,1.0,50.0,0.8,0.5,10:00,15:30,81,43.2,652.76,117.6,
1092,"SPY,NVDA",5,26,1.0,30.0,0.8,0.5,10:00,14:30,81,44.4,652.83,117.6,
1093,AMD,5,20,1.0,50.0,0.8,0.5,10:00,15:30,78,33.3,652.37,117.5,
1094,"SPY,NVDA",5,20,1.0,30.0,0.6,0.4,10:00,15:30,81,28.4,652.32,117.4,
1095,TSLA,9,20,2.0,30.0,0.8,0.4,10:00,15:30,80,18.8,651.91,117.3,
1096,NVDA,9,26,2.0,50.0,0.8,0.5,10:00,15:30,79,25.3,650.95,117.0,
1097,"QQQ,TSLA",5,26,5.0,30.0,0.8,0.5,10:00,15:30,81,6.2,650.82,116.9,
1098,NVDA,9,26,2.0,30.0,0.8,0.5,10:00,15:30,79,24.1,650.38,116.8,
1099,"QQQ,TSLA",9,26,5.0,30.0,0.8,0.5,10:00,15:30,81,11.1,650.16,116.7,
1100,"PLTR,SMCI",5,26,5.0,50.0,0.6,0.5,10:00,15:30,80,15.0,649.72,116.6,
1101,"AMD,TSLA,NVDA",5,20,2.0,30.0,0.6,0.4,10:00,14:30,81,22.2,649.85,116.6,
1102,"QQQ,NVDA",5,20,5.0,50.0,0.6,0.5,10:00,14:30,80,18.8,649.16,116.4,
1103,SMCI,9,26,2.0,30.0,0.8,0.4,10:00,15:30,78,11.5,649.17,116.4,
1104,TSLA,5,26,2.0,50.0,0.6,0.4,10:00,14:30,79,30.4,648.87,116.3,
1105,"NVDA,TSLA,PLTR,COIN",5,20,2.0,30.0,0.8,0.5,10:00,15:30,81,18.5,648.15,116.0,
1106,"NVDA,TSLA,PLTR,COIN",5,20,2.0,30.0,0.8,0.5,10:00,14:30,81,23.5,647.63,115.9,
1107,TSLA,5,26,5.0,50.0,0.6,0.5,10:00,15:30,80,17.5,647.44,115.8,
1108,"SPY,NVDA",9,20,1.0,30.0,0.6,0.5,10:00,15:30,81,32.1,647.44,115.8,
1109,"SPY,NVDA",5,20,1.0,30.0,0.8,0.4,10:00,15:30,81,25.9,646.85,115.6,
1110,"TSLA,RIVN",9,26,2.0,50.0,0.8,0.5,10:00,14:30,80,28.7,646.02,115.3,
1111,SPY,5,26,2.0,30.0,0.6,0.5,10:00,15:30,81,22.2,645.51,115.2,
1112,"AMD,TSLA,NVDA",5,20,2.0,30.0,0.8,0.4,10:00,14:30,81,22.2,644.69,114.9,
1113,"TSLA,RIVN",9,20,5.0,50.0,0.8,0.5,10:00,14:30,80,23.8,644.42,114.8,
1114,"TSLA,RIVN",5,26,5.0,30.0,0.6,0.4,10:00,14:30,81,16.0,643.82,114.6,
1115,"SPY,NVDA",9,20,2.0,30.0,0.8,0.5,10:00,14:30,81,28.4,643.07,114.4,
1116,"QQQ,NVDA",5,26,2.0,30.0,0.8,0.5,10:00,15:30,81,19.8,642.78,114.3,
1117,"SPY,QQQ,NVDA",5,20,1.0,50.0,0.6,0.4,10:00,15:30,81,38.3,641.74,113.9,
1118,"PLTR,COIN,SMCI",5,20,1.0,30.0,0.6,0.4,10:00,15:30,81,25.9,640.7,113.6,
1119,NVDA,5,20,2.0,30.0,0.8,0.5,10:00,15:30,79,17.7,640.1,113.4,
1120,"NVDA,TSLA,MSTR",5,26,1.0,30.0,0.6,0.5,10:00,14:30,81,37.0,639.82,113.3,
1121,SMCI,5,26,2.0,50.0,0.6,0.5,10:00,14:30,79,22.8,639.64,113.2,
1122,"QQQ,NVDA",5,26,2.0,30.0,0.6,0.5,10:00,15:30,81,21.0,639.56,113.2,
1123,"SPY,QQQ,NVDA",5,20,1.0,50.0,0.6,0.5,10:00,14:30,80,45.0,639.4,113.1,
1124,"IWM,PLTR",5,26,1.0,30.0,0.8,0.4,10:00,15:30,80,20.0,639.27,113.1,
1125,"NVDA,TSLA",9,26,2.0,30.0,0.6,0.5,10:00,15:30,81,23.5,638.85,113.0,
1126,"SPY,NVDA",5,26,1.0,50.0,0.6,0.4,10:00,14:30,80,45.0,639.07,113.0,
1127,TSLA,5,26,2.0,50.0,0.6,0.5,10:00,15:30,80,26.2,638.68,112.9,
1128,"TSLA,RIVN",9,20,5.0,50.0,0.6,0.5,10:00,14:30,80,23.8,638.81,112.9,
1129,"IWM,PLTR",9,26,1.0,50.0,0.6,0.5,10:00,15:30,80,33.8,638.45,112.8,
1130,"TSLA,RIVN",9,26,1.0,50.0,0.8,0.4,10:00,14:30,80,31.2,637.98,112.7,
1131,"AMD,TSLA,NVDA",5,20,1.0,30.0,0.6,0.4,10:00,14:30,80,33.8,637.42,112.5,
1132,"QQQ,TSLA",9,26,5.0,30.0,0.6,0.5,10:00,15:30,81,11.1,637.12,112.4,
1133,TSLA,5,20,1.0,50.0,0.8,0.5,10:00,14:30,79,44.3,637.11,112.4,
1134,"SPY,QQQ,NVDA",5,20,1.0,50.0,0.6,0.5,10:00,15:30,81,42.0,637.18,112.4,
1135,"QQQ,TSLA",5,26,5.0,30.0,0.6,0.4,10:00,15:30,81,7.4,636.84,112.3,
1136,"SPY,NVDA",5,20,1.0,30.0,0.8,0.5,10:00,14:30,80,40.0,636.2,112.1,
1137,SMCI,9,26,1.0,30.0,0.6,0.5,10:00,14:30,78,34.6,635.52,111.8,
1138,"NVDA,TSLA,PLTR,COIN",5,20,2.0,50.0,0.8,0.4,10:00,14:30,81,21.0,635.19,111.7,
1139,"NVDA,AMD",5,20,2.0,30.0,0.6,0.5,10:00,14:30,79,29.1,634.65,111.6,
1140,"SPY,QQQ,NVDA",5,20,1.0,30.0,0.8,0.5,10:00,15:30,81,27.2,634.53,111.5,
1141,TSLA,5,26,1.0,50.0,0.8,0.4,10:00,14:30,79,43.0,634.08,111.4,
1142,"NVDA,TSLA",9,26,2.0,30.0,0.6,0.4,10:00,14:30,81,22.2,634.29,111.4,
1143,"QQQ,NVDA",5,20,2.0,30.0,0.8,0.5,10:00,15:30,81,17.3,633.38,111.1,
1144,TSLA,9,20,2.0,30.0,0.8,0.5,10:00,15:30,80,18.8,633.3,111.1,
1145,"NVDA,TSLA,PLTR,COIN",5,20,5.0,30.0,0.8,0.5,10:00,14:30,81,14.8,633.21,111.1,
1146,AMD,5,20,2.0,50.0,0.8,0.5,10:00,15:30,78,20.5,633.22,111.1,
1147,"NVDA,TSLA,MSTR",9,26,2.0,50.0,0.6,0.5,10:00,14:30,81,28.4,633.43,111.1,
1148,"QQQ,NVDA",9,20,2.0,30.0,0.6,0.5,10:00,15:30,80,18.8,633.08,111.0,
1149,"QQQ,NVDA",5,20,1.0,30.0,0.8,0.4,10:00,14:30,79,36.7,631.73,110.6,
1150,AMD,9,20,2.0,30.0,0.6,0.4,10:00,15:30,78,16.7,630.58,110.2,
1151,SPY,5,20,2.0,50.0,0.8,0.5,10:00,15:30,80,21.2,629.94,110.0,
1152,"QQQ,NVDA",5,26,1.0,30.0,0.6,0.4,10:00,15:30,81,29.6,629.18,109.7,
1153,"NVDA,TSLA,PLTR,COIN",5,20,2.0,50.0,0.6,0.5,10:00,14:30,81,25.9,629.01,109.7,
1154,"SPY,NVDA",9,20,2.0,50.0,0.8,0.5,10:00,14:30,81,28.4,628.82,109.6,
1155,"SPY,NVDA",5,20,1.0,50.0,0.8,0.4,10:00,14:30,80,40.0,628.6,109.5,
1156,TSLA,5,26,2.0,50.0,0.8,0.4,10:00,14:30,79,30.4,628.28,109.4,
1157,"SPY,NVDA",5,26,2.0,30.0,0.8,0.5,10:00,14:30,81,29.6,628.02,109.3,
1158,AMD,5,26,5.0,50.0,0.6,0.4,10:00,14:30,78,23.1,627.98,109.3,
1159,"SPY,QQQ,NVDA",5,26,1.0,50.0,0.8,0.5,10:00,15:30,81,39.5,627.52,109.2,
1160,"NVDA,TSLA",9,20,2.0,30.0,0.6,0.5,10:00,15:30,81,19.8,627.27,109.1,
1161,"NVDA,TSLA",9,26,1.0,50.0,0.6,0.5,10:00,15:30,81,43.2,626.94,109.0,
1162,NVDA,5,26,2.0,50.0,0.6,0.5,10:00,14:30,79,32.9,626.68,108.9,
1163,SMCI,5,20,5.0,50.0,0.6,0.5,10:00,14:30,80,16.2,626.83,108.9,
1164,"SPY,NVDA",9,20,1.0,30.0,0.6,0.4,10:00,15:30,81,28.4,626.37,108.8,
1165,"NVDA,AMD",9,20,2.0,50.0,0.8,0.5,10:00,14:30,79,27.8,626.03,108.7,
1166,"QQQ,NVDA",5,20,1.0,30.0,0.6,0.5,10:00,14:30,79,41.8,626.02,108.7,
1167,NVDA,5,26,2.0,50.0,0.6,0.4,10:00,14:30,79,29.1,625.44,108.5,
1168,"PLTR,COIN,SMCI",9,20,1.0,30.0,0.8,0.4,10:00,15:30,81,22.2,625.48,108.5,
1169,"NVDA,TSLA,PLTR,COIN",5,20,2.0,50.0,0.8,0.5,10:00,14:30,81,25.9,625.47,108.5,
1170,"NVDA,AMD",9,20,1.0,50.0,0.8,0.4,10:00,14:30,79,40.5,623.68,107.9,
1171,"PLTR,COIN,SMCI",5,20,2.0,30.0,0.6,0.4,10:00,14:30,81,21.0,623.49,107.8,
1172,TSLA,5,26,2.0,50.0,0.6,0.4,10:00,15:30,80,25.0,623.1,107.7,
1173,"PLTR,COIN,SMCI",5,20,2.0,30.0,0.8,0.4,10:00,15:30,81,16.0,622.88,107.6,
1174,"NVDA,TSLA,PLTR,COIN",5,20,5.0,50.0,0.6,0.4,10:00,14:30,81,13.6,622.47,107.5,
1175,"SPY,NVDA",5,26,1.0,30.0,0.8,0.4,10:00,14:30,81,38.3,621.98,107.3,
1176,"NVDA,TSLA",9,26,1.0,30.0,0.8,0.4,10:00,14:30,80,35.0,621.17,107.1,
1177,TSLA,9,26,5.0,30.0,0.8,0.4,10:00,14:30,80,13.8,621.09,107.0,
1178,AMD,5,20,5.0,30.0,0.8,0.4,10:00,14:30,78,14.1,620.99,107.0,
1179,"IWM,PLTR",5,20,1.0,30.0,0.8,0.5,10:00,15:30,81,24.7,620.5,106.8,
1180,"AMD,TSLA,NVDA",9,20,1.0,50.0,0.8,0.5,10:00,14:30,80,45.0,620.39,106.8,
1181,"SPY,QQQ,NVDA",9,26,2.0,50.0,0.8,0.5,10:00,15:30,81,19.8,620.02,106.7,
1182,"NVDA,AMD",5,20,2.0,30.0,0.6,0.4,10:00,15:30,80,15.0,620.1,106.7,
1183,"PLTR,COIN,SMCI",5,26,1.0,50.0,0.8,0.4,10:00,15:30,81,27.2,619.82,106.6,
1184,AMD,9,20,1.0,50.0,0.8,0.4,10:00,15:30,78,32.1,619.92,106.6,
1185,"SPY,QQQ,NVDA",9,20,1.0,50.0,0.8,0.4,10:00,15:30,81,34.6,619.46,106.5,
1186,"NVDA,TSLA,PLTR,COIN",9,26,5.0,50.0,0.8,0.5,10:00,15:30,81,12.3,619.6,106.5,
1187,"PLTR,COIN,SMCI",9,26,1.0,50.0,0.6,0.5,10:00,15:30,79,34.2,618.8,106.3,
1188,NVDA,5,20,5.0,50.0,0.6,0.4,10:00,15:30,80,12.5,618.45,106.2,
1189,TSLA,9,20,2.0,50.0,0.8,0.5,10:00,14:30,79,31.6,617.96,106.0,
1190,AMD,5,20,2.0,30.0,0.8,0.5,10:00,15:30,78,19.2,617.04,105.7,
1191,COIN,5,20,2.0,30.0,0.6,0.4,10:00,14:30,81,25.9,615.7,105.2,
1192,"SPY,NVDA",5,26,1.0,30.0,0.6,0.4,10:00,15:30,81,27.2,615.16,105.1,
1193,"SPY,QQQ,NVDA",5,20,1.0,30.0,0.8,0.4,10:00,15:30,81,24.7,615.26,105.1,
1194,"IWM,PLTR",5,26,1.0,50.0,0.8,0.5,10:00,15:30,80,32.5,615.35,105.1,
1195,"TSLA,RIVN",9,26,5.0,50.0,0.8,0.5,10:00,14:30,81,19.8,614.97,105.0,
1196,"SPY,NVDA",9,20,1.0,50.0,0.6,0.4,10:00,14:30,80,43.8,614.76,104.9,
1197,SMCI,9,26,2.0,50.0,0.6,0.4,10:00,15:30,78,15.4,614.62,104.9,
1198,"AMD,TSLA,NVDA",9,26,2.0,30.0,0.6,0.5,10:00,15:30,81,18.5,614.27,104.8,
1199,"NVDA,AMD",9,26,1.0,30.0,0.8,0.5,10:00,14:30,79,32.9,613.87,104.6,
1200,"SPY,NVDA",9,20,1.0,30.0,0.8,0.5,10:00,14:30,80,40.0,613.16,104.4,
1201,"SPY,NVDA",5,20,1.0,30.0,0.8,0.4,10:00,14:30,80,35.0,613.19,104.4,
1202,AMD,9,20,5.0,30.0,0.8,0.4,10:00,14:30,78,17.9,612.46,104.2,
1203,"IWM,PLTR",5,20,1.0,30.0,0.8,0.4,10:00,15:30,81,22.2,612.68,104.2,
1204,AMD,9,26,5.0,50.0,0.6,0.5,10:00,14:30,78,17.9,612.14,104.0,
1205,"NVDA,TSLA,MSTR",5,26,1.0,50.0,0.8,0.4,10:00,14:30,81,38.3,611.78,103.9,
1206,NVDA,9,26,2.0,50.0,0.6,0.4,10:00,14:30,78,30.8,611.54,103.8,
1207,"NVDA,TSLA,PLTR,COIN",5,20,5.0,30.0,0.6,0.5,10:00,14:30,81,14.8,610.81,103.6,
1208,"SPY,QQQ,NVDA",5,20,1.0,30.0,0.8,0.5,10:00,14:30,80,36.2,610.61,103.5,
1209,TSLA,9,26,5.0,50.0,0.6,0.5,10:00,15:30,81,14.8,610.32,103.4,
1210,"NVDA,TSLA",9,20,2.0,50.0,0.8,0.4,10:00,14:30,80,28.7,609.92,103.3,
1211,SMCI,9,26,1.0,30.0,0.6,0.4,10:00,14:30,78,30.8,608.63,102.9,
1212,"PLTR,COIN,SMCI",9,20,1.0,30.0,0.6,0.5,10:00,15:30,81,27.2,608.74,102.9,
1213,"NVDA,AMD",9,26,2.0,50.0,0.6,0.4,10:00,14:30,79,29.1,608.6,102.9,
1214,"NVDA,TSLA,PLTR,COIN",5,26,5.0,50.0,0.8,0.4,10:00,15:30,81,8.6,608.49,102.8,
1215,"PLTR,COIN,SMCI",9,20,2.0,50.0,0.8,0.4,10:00,15:30,81,18.5,607.71,102.6,
1216,TSLA,5,26,1.0,50.0,0.6,0.4,10:00,14:30,80,43.8,607.82,102.6,
1217,"NVDA,AMD",9,26,1.0,30.0,0.6,0.4,10:00,15:30,79,29.1,607.05,102.3,
1218,"AMD,TSLA,NVDA",9,26,1.0,50.0,0.8,0.5,10:00,15:30,81,37.0,606.32,102.1,
1219,"NVDA,AMD",9,26,1.0,50.0,0.6,0.5,10:00,14:30,79,39.2,606.07,102.0,
1220,"IWM,PLTR",9,26,1.0,50.0,0.8,0.4,10:00,15:30,81,25.9,606.07,102.0,
1221,"SPY,NVDA",5,20,1.0,50.0,0.6,0.4,10:00,14:30,80,42.5,605.79,101.9,
1222,"TSLA,RIVN",5,26,5.0,30.0,0.8,0.5,10:00,14:30,81,19.8,605.73,101.9,
1223,SMCI,5,20,5.0,30.0,0.6,0.5,10:00,14:30,80,16.2,605.22,101.7,
1224,SMCI,5,20,5.0,30.0,0.8,0.5,10:00,14:30,80,16.2,605.22,101.7,
1225,"NVDA,AMD",9,26,1.0,50.0,0.8,0.5,10:00,14:30,79,38.0,604.76,101.6,
1226,NVDA,9,26,1.0,50.0,0.8,0.5,10:00,14:30,77,45.5,603.81,101.3,
1227,"PLTR,COIN,SMCI",9,26,2.0,30.0,0.8,0.5,10:00,15:30,81,18.5,604.0,101.3,
1228,"PLTR,SMCI",9,20,5.0,30.0,0.8,0.4,10:00,15:30,79,11.4,602.9,101.0,
1229,"AMD,TSLA,NVDA",9,26,1.0,30.0,0.8,0.5,10:00,14:30,80,33.8,603.06,101.0,
1230,"PLTR,SMCI",9,20,5.0,30.0,0.6,0.4,10:00,15:30,79,11.4,602.9,101.0,
1231,"PLTR,SMCI",9,20,2.0,30.0,0.8,0.5,10:00,15:30,79,13.9,602.55,100.9,
1232,AMD,9,26,1.0,50.0,0.8,0.5,10:00,15:30,78,32.1,601.66,100.6,
1233,SPY,5,20,1.0,30.0,0.8,0.5,10:00,15:30,80,26.2,601.91,100.6,
1234,"SPY,QQQ,NVDA",9,20,1.0,50.0,0.6,0.4,10:00,15:30,81,35.8,601.37,100.5,
1235,"PLTR,SMCI",9,26,1.0,50.0,0.8,0.4,10:00,15:30,78,26.9,600.49,100.2,
1236,"SPY,NVDA",9,20,2.0,30.0,0.6,0.5,10:00,14:30,81,28.4,600.74,100.2,
1237,"NVDA,AMD",9,26,5.0,50.0,0.6,0.4,10:00,14:30,79,21.5,599.93,100.0,
1238,"NVDA,AMD",9,26,5.0,50.0,0.8,0.4,10:00,14:30,79,21.5,599.93,100.0,
1239,TSLA,9,20,5.0,50.0,0.8,0.4,10:00,14:30,79,17.7,599.53,99.8,
1240,SPY,5,20,2.0,50.0,0.6,0.5,10:00,15:30,80,23.8,599.38,99.8,
1241,SMCI,9,20,1.0,30.0,0.8,0.5,10:00,15:30,79,21.5,599.1,99.7,
1242,TSLA,5,20,2.0,50.0,0.6,0.4,10:00,14:30,79,29.1,598.66,99.6,
1243,"PLTR,SMCI",5,26,2.0,30.0,0.8,0.4,10:00,15:30,80,13.8,597.27,99.1,
1244,"AMD,TSLA,NVDA",9,26,5.0,30.0,0.8,0.4,10:00,14:30,81,13.6,597.04,99.0,
1245,SPY,9,20,2.0,30.0,0.8,0.5,10:00,15:30,81,18.5,597.05,99.0,
1246,TSLA,5,26,1.0,30.0,0.8,0.5,10:00,14:30,79,39.2,596.61,98.9,
1247,TSLA,9,20,1.0,30.0,0.6,0.4,10:00,14:30,79,36.7,596.6,98.9,
1248,TSLA,5,26,2.0,30.0,0.6,0.4,10:00,14:30,79,21.5,595.8,98.6,
1249,AMD,9,26,2.0,30.0,0.8,0.4,10:00,14:30,78,20.5,595.39,98.5,
1250,"NVDA,TSLA,MSTR",5,26,5.0,30.0,0.6,0.4,10:00,15:30,81,8.6,595.6,98.5,
1251,TSLA,9,26,5.0,50.0,0.6,0.5,10:00,14:30,80,17.5,595.36,98.5,
1252,TSLA,5,20,1.0,30.0,0.6,0.5,10:00,14:30,79,39.2,595.16,98.4,
1253,"SPY,QQQ,NVDA",9,20,1.0,30.0,0.8,0.4,10:00,15:30,81,24.7,595.12,98.4,
1254,TSLA,5,20,2.0,30.0,0.8,0.4,10:00,15:30,80,16.2,595.14,98.4,
1255,"PLTR,COIN,SMCI",5,20,1.0,50.0,0.6,0.4,10:00,15:30,81,32.1,594.98,98.3,
1256,"PLTR,COIN,SMCI",9,26,2.0,30.0,0.6,0.5,10:00,15:30,81,18.5,594.98,98.3,
1257,"AMD,TSLA,NVDA",9,26,1.0,50.0,0.6,0.4,10:00,15:30,81,37.0,593.94,98.0,
1258,NVDA,9,20,1.0,30.0,0.6,0.4,10:00,14:30,79,38.0,594.07,98.0,
1259,"SPY,NVDA",9,20,1.0,30.0,0.6,0.4,10:00,14:30,81,35.8,593.77,97.9,
1260,TSLA,5,20,1.0,30.0,0.8,0.5,10:00,15:30,80,35.0,593.36,97.8,
1261,TSLA,5,20,1.0,50.0,0.6,0.4,10:00,14:30,80,41.2,593.34,97.8,
1262,TSLA,5,20,1.0,50.0,0.6,0.5,10:00,14:30,80,45.0,593.02,97.7,
1263,"NVDA,AMD",5,20,2.0,50.0,0.8,0.4,10:00,15:30,79,15.2,592.69,97.6,
1264,"QQQ,TSLA",5,20,2.0,30.0,0.8,0.4,10:00,15:30,81,13.6,592.36,97.5,
1265,"TSLA,RIVN",5,26,5.0,30.0,0.6,0.5,10:00,14:30,81,19.8,592.63,97.5,
1266,"SPY,QQQ,NVDA",5,20,1.0,50.0,0.8,0.5,10:00,14:30,80,43.8,592.34,97.4,
1267,SMCI,9,26,5.0,30.0,0.8,0.4,10:00,15:30,78,12.8,591.19,97.1,
1268,SMCI,9,26,5.0,30.0,0.6,0.4,10:00,15:30,78,12.8,591.19,97.1,
1269,"MSTR,COIN",5,20,2.0,30.0,0.8,0.4,10:00,15:30,81,17.3,591.27,97.1,
1270,TSLA,5,20,2.0,50.0,0.6,0.4,10:00,15:30,80,20.0,591.16,97.1,
1271,"NVDA,TSLA",5,26,2.0,30.0,0.8,0.4,10:00,15:30,81,13.6,589.71,96.6,
1272,SMCI,5,20,5.0,50.0,0.8,0.5,10:00,14:30,80,16.2,589.94,96.6,
1273,SMCI,5,20,2.0,30.0,0.8,0.5,10:00,15:30,81,13.6,589.71,96.6,
1274,MSTR,9,20,1.0,50.0,0.6,0.5,10:00,14:30,78,47.4,589.82,96.6,
1275,"MSTR,COIN",5,20,2.0,30.0,0.8,0.5,10:00,15:30,81,21.0,589.62,96.5,
1276,"NVDA,AMD",9,26,1.0,50.0,0.8,0.4,10:00,15:30,79,31.6,588.85,96.3,
1277,"PLTR,COIN,SMCI",5,20,1.0,50.0,0.8,0.5,10:00,15:30,81,30.9,588.58,96.2,
1278,"SPY,QQQ,NVDA",9,20,1.0,30.0,0.6,0.5,10:00,15:30,81,30.9,587.77,95.9,
1279,NVDA,9,20,1.0,30.0,0.6,0.5,10:00,14:30,79,39.2,587.31,95.8,
1280,"SPY,QQQ,NVDA",5,20,1.0,50.0,0.6,0.4,10:00,14:30,80,40.0,587.33,95.8,
1281,"NVDA,TSLA",9,26,1.0,30.0,0.6,0.5,10:00,14:30,80,36.2,585.99,95.3,
1282,SMCI,9,20,1.0,50.0,0.8,0.4,10:00,14:30,78,32.1,583.97,94.7,
1283,"NVDA,AMD",9,26,1.0,30.0,0.8,0.5,10:00,15:30,79,27.8,583.66,94.6,
1284,"PLTR,SMCI",9,26,1.0,50.0,0.8,0.5,10:00,15:30,78,26.9,583.42,94.5,
1285,TSLA,9,20,5.0,50.0,0.8,0.5,10:00,14:30,79,19.0,583.11,94.4,
1286,"AMD,TSLA,NVDA",9,26,5.0,30.0,0.6,0.4,10:00,14:30,81,13.6,582.42,94.1,
1287,NVDA,5,26,2.0,30.0,0.6,0.4,10:00,14:30,80,26.2,581.62,93.9,
1288,"PLTR,COIN,SMCI",9,20,1.0,30.0,0.6,0.4,10:00,15:30,81,23.5,581.83,93.9,
1289,AMD,5,26,2.0,30.0,0.8,0.4,10:00,15:30,78,17.9,581.11,93.7,
1290,"IWM,PLTR",5,26,1.0,30.0,0.8,0.5,10:00,15:30,80,21.2,580.46,93.5,
1291,AMD,9,26,5.0,50.0,0.6,0.4,10:00,15:30,78,14.1,580.64,93.5,
1292,AMD,5,26,1.0,50.0,0.6,0.5,10:00,15:30,78,29.5,579.87,93.3,
1293,NVDA,9,26,2.0,50.0,0.6,0.5,10:00,14:30,78,33.3,579.69,93.2,
1294,"AMD,TSLA,NVDA",5,20,2.0,30.0,0.6,0.4,10:00,15:30,81,13.6,579.29,93.1,
1295,"SPY,NVDA",5,20,1.0,30.0,0.6,0.4,10:00,14:30,80,35.0,578.44,92.8,
1296,"PLTR,SMCI",9,26,1.0,50.0,0.8,0.4,10:00,14:30,78,30.8,577.14,92.4,
1297,TSLA,9,20,1.0,30.0,0.8,0.4,10:00,14:30,79,36.7,577.2,92.4,
1298,"SPY,QQQ,NVDA",9,26,2.0,30.0,0.8,0.5,10:00,15:30,81,16.0,576.48,92.2,
1299,"QQQ,NVDA",5,26,1.0,30.0,0.8,0.5,10:00,15:30,81,28.4,576.15,92.1,
1300,"NVDA,AMD",5,20,2.0,50.0,0.6,0.5,10:00,14:30,79,30.4,576.21,92.1,
1301,"SPY,NVDA",9,20,1.0,50.0,0.8,0.4,10:00,14:30,80,42.5,575.99,92.0,
1302,"IWM,PLTR",9,26,1.0,30.0,0.8,0.4,10:00,15:30,81,23.5,575.95,92.0,
1303,NVDA,9,20,1.0,30.0,0.8,0.4,10:00,14:30,79,36.7,575.6,91.9,
1304,"NVDA,AMD",9,20,2.0,30.0,0.6,0.5,10:00,14:30,79,27.8,575.53,91.8,
1305,AMD,9,20,1.0,30.0,0.8,0.4,10:00,15:30,78,23.1,574.9,91.6,
1306,"SPY,NVDA",5,20,1.0,30.0,0.6,0.5,10:00,14:30,80,40.0,574.88,91.6,
1307,"SPY,NVDA",5,26,2.0,50.0,0.6,0.5,10:00,14:30,81,30.9,574.85,91.6,
1308,"NVDA,TSLA,MSTR",9,26,5.0,30.0,0.8,0.4,10:00,14:30,81,14.8,574.88,91.6,
1309,TSLA,5,20,2.0,30.0,0.6,0.4,10:00,15:30,80,17.5,574.0,91.3,
1310,PLTR,9,26,1.0,50.0,0.8,0.4,10:00,15:30,78,29.5,573.67,91.2,
1311,NVDA,9,26,1.0,30.0,0.6,0.5,10:00,15:30,79,35.4,573.43,91.1,
1312,"AMD,TSLA,NVDA",5,26,2.0,30.0,0.6,0.4,10:00,14:30,81,21.0,573.26,91.1,
1313,TSLA,5,20,2.0,30.0,0.6,0.5,10:00,14:30,79,25.3,572.85,90.9,
1314,"SPY,NVDA",9,20,1.0,30.0,0.6,0.5,10:00,14:30,80,38.8,572.05,90.7,
1315,NVDA,5,26,2.0,30.0,0.8,0.4,10:00,14:30,80,23.8,571.99,90.7,
1316,"SPY,NVDA",5,26,2.0,50.0,0.8,0.5,10:00,14:30,81,30.9,572.0,90.7,
1317,"NVDA,AMD",9,20,2.0,50.0,0.6,0.4,10:00,14:30,79,25.3,571.92,90.6,
1318,"SPY,QQQ,NVDA",9,20,1.0,50.0,0.6,0.4,10:00,14:30,80,38.8,571.34,90.4,
1319,AMD,9,26,2.0,30.0,0.8,0.5,10:00,14:30,78,20.5,571.32,90.4,
1320,AMD,9,20,5.0,30.0,0.6,0.4,10:00,14:30,78,17.9,571.23,90.4,
1321,AMD,5,20,2.0,30.0,0.6,0.5,10:00,15:30,78,19.2,571.25,90.4,
1322,AMD,9,26,5.0,30.0,0.8,0.5,10:00,15:30,78,12.8,570.78,90.3,
1323,"PLTR,COIN,SMCI",5,26,1.0,50.0,0.6,0.4,10:00,15:30,81,32.1,570.94,90.3,
1324,"PLTR,COIN,SMCI",9,26,2.0,50.0,0.8,0.5,10:00,14:30,80,30.0,570.64,90.2,
1325,"MSTR,COIN",5,20,2.0,30.0,0.6,0.5,10:00,15:30,81,21.0,570.22,90.1,
1326,"AMD,TSLA,NVDA",9,20,5.0,30.0,0.8,0.5,10:00,15:30,81,12.3,570.4,90.1,
1327,SPY,9,26,5.0,30.0,0.8,0.5,10:00,15:30,81,7.4,569.69,89.9,
1328,NVDA,9,20,2.0,30.0,0.6,0.5,10:00,15:30,79,19.0,569.54,89.8,
1329,"PLTR,SMCI",5,20,1.0,30.0,0.8,0.4,10:00,15:30,81,22.2,569.54,89.8,
1330,"NVDA,AMD",5,20,5.0,30.0,0.8,0.4,10:00,15:30,80,8.8,568.65,89.6,
1331,"SPY,NVDA",9,20,1.0,30.0,0.8,0.4,10:00,14:30,81,35.8,568.55,89.5,
1332,SMCI,9,26,1.0,50.0,0.8,0.4,10:00,14:30,78,32.1,568.64,89.5,
1333,TSLA,9,20,2.0,50.0,0.6,0.5,10:00,14:30,79,30.4,568.35,89.5,
1334,AMD,9,26,5.0,50.0,0.8,0.5,10:00,15:30,78,12.8,568.12,89.4,
1335,NVDA,9,20,1.0,30.0,0.8,0.5,10:00,14:30,79,38.0,568.16,89.4,
1336,"NVDA,TSLA,MSTR",9,26,5.0,30.0,0.6,0.4,10:00,14:30,81,14.8,568.14,89.4,
1337,"QQQ,NVDA",9,20,2.0,30.0,0.8,0.4,10:00,15:30,81,14.8,567.87,89.3,
1338,SMCI,9,20,1.0,30.0,0.8,0.4,10:00,15:30,79,21.5,567.61,89.2,
1339,"SPY,NVDA",9,20,1.0,50.0,0.8,0.4,10:00,15:30,81,33.3,567.64,89.2,
1340,"PLTR,SMCI",5,26,1.0,30.0,0.6,0.4,10:00,15:30,80,21.2,567.73,89.2,
1341,"QQQ,NVDA",5,20,1.0,30.0,0.6,0.4,10:00,14:30,79,36.7,567.16,89.1,
1342,"IWM,PLTR",5,20,1.0,50.0,0.8,0.5,10:00,15:30,81,34.6,565.37,88.5,
1343,"NVDA,TSLA,MSTR",9,20,5.0,50.0,0.8,0.4,10:00,14:30,81,14.8,565.45,88.5,
1344,"TSLA,RIVN",5,26,1.0,50.0,0.6,0.5,10:00,14:30,81,30.9,565.01,88.3,
1345,"NVDA,TSLA,MSTR",5,26,2.0,30.0,0.6,0.5,10:00,14:30,81,22.2,564.85,88.3,
1346,MSTR,9,20,1.0,50.0,0.8,0.5,10:00,14:30,78,48.7,564.8,88.3,
1347,MSTR,9,20,1.0,50.0,0.6,0.4,10:00,14:30,78,44.9,564.48,88.2,
1348,"MSTR,COIN",5,20,1.0,50.0,0.6,0.4,10:00,14:30,81,38.3,564.53,88.2,
1349,TSLA,5,26,1.0,50.0,0.6,0.4,10:00,15:30,81,35.8,564.41,88.1,
1350,"QQQ,NVDA",5,26,1.0,50.0,0.8,0.5,10:00,14:30,79,44.3,564.07,88.0,
1351,"PLTR,COIN,SMCI",5,20,1.0,50.0,0.8,0.4,10:00,14:30,81,32.1,563.66,87.9,
1352,"PLTR,COIN,SMCI",5,26,1.0,30.0,0.6,0.4,10:00,15:30,81,23.5,563.37,87.8,
1353,"SPY,QQQ,NVDA",5,20,1.0,30.0,0.6,0.4,10:00,15:30,81,25.9,563.47,87.8,
1354,SPY,9,26,2.0,30.0,0.8,0.4,10:00,15:30,81,11.1,563.25,87.7,
1355,"NVDA,AMD",5,20,1.0,30.0,0.6,0.4,10:00,14:30,79,31.6,562.94,87.6,
1356,TSLA,5,20,2.0,50.0,0.6,0.5,10:00,15:30,80,23.8,562.09,87.4,
1357,"PLTR,SMCI",9,20,1.0,50.0,0.6,0.5,10:00,15:30,79,29.1,561.82,87.3,
1358,"NVDA,TSLA,MSTR",5,26,1.0,30.0,0.8,0.4,10:00,14:30,81,32.1,561.64,87.2,
1359,"SPY,NVDA",5,26,1.0,50.0,0.6,0.4,10:00,15:30,81,38.3,561.04,87.0,
1360,AMD,9,20,1.0,50.0,0.6,0.4,10:00,15:30,78,32.1,560.91,87.0,
1361,AMD,5,26,1.0,50.0,0.8,0.5,10:00,15:30,78,29.5,560.39,86.8,
1362,TSLA,5,20,1.0,30.0,0.8,0.5,10:00,14:30,79,36.7,560.3,86.8,
1363,"QQQ,TSLA",9,20,5.0,30.0,0.6,0.5,10:00,15:30,81,8.6,560.01,86.7,
1364,"PLTR,COIN,SMCI",5,26,1.0,50.0,0.8,0.5,10:00,15:30,81,28.4,559.85,86.6,
1365,NVDA,5,26,2.0,50.0,0.8,0.4,10:00,14:30,80,25.0,559.9,86.6,
1366,TSLA,9,20,5.0,30.0,0.6,0.4,10:00,15:30,81,9.9,559.38,86.5,
1367,SPY,9,20,2.0,30.0,0.8,0.4,10:00,15:30,81,12.3,558.55,86.2,
1368,"NVDA,TSLA",9,26,2.0,30.0,0.6,0.4,10:00,15:30,81,21.0,558.53,86.2,
1369,"PLTR,SMCI",5,26,1.0,30.0,0.8,0.5,10:00,15:30,80,18.8,558.44,86.1,
1370,"NVDA,TSLA",9,26,5.0,30.0,0.8,0.4,10:00,14:30,81,13.6,558.43,86.1,
1371,"QQQ,TSLA",5,20,2.0,30.0,0.8,0.4,10:00,14:30,79,20.3,557.78,85.9,
1372,"MSTR,COIN",5,20,2.0,30.0,0.6,0.4,10:00,15:30,81,17.3,557.58,85.9,
1373,"SPY,NVDA",9,20,2.0,50.0,0.6,0.5,10:00,14:30,81,28.4,556.71,85.6,
1374,"SPY,NVDA",5,26,1.0,30.0,0.6,0.5,10:00,15:30,81,30.9,556.39,85.5,
1375,"PLTR,SMCI",5,20,2.0,30.0,0.6,0.5,10:00,14:30,81,21.0,555.07,85.0,
1376,"TSLA,RIVN",5,26,1.0,50.0,0.6,0.4,10:00,14:30,81,29.6,554.74,84.9,
1377,"NVDA,AMD",9,20,2.0,30.0,0.8,0.4,10:00,15:30,80,15.0,554.34,84.8,
1378,SPY,9,26,2.0,50.0,0.8,0.4,10:00,15:30,80,11.2,554.34,84.8,
1379,"PLTR,COIN,SMCI",9,26,2.0,30.0,0.6,0.5,10:00,14:30,81,23.5,553.43,84.5,
1380,"NVDA,TSLA,PLTR,COIN",5,20,1.0,30.0,0.8,0.4,10:00,14:30,81,28.4,553.48,84.5,
1381,SMCI,9,20,1.0,50.0,0.8,0.4,10:00,15:30,79,24.1,553.16,84.4,
1382,"PLTR,SMCI",9,26,1.0,50.0,0.6,0.4,10:00,15:30,78,28.2,553.26,84.4,
1383,"QQQ,TSLA",9,20,5.0,30.0,0.8,0.4,10:00,14:30,80,8.8,552.59,84.2,
1384,"NVDA,AMD",9,26,5.0,30.0,0.6,0.4,10:00,15:30,79,12.7,552.64,84.2,
1385,"NVDA,TSLA",9,26,5.0,30.0,0.6,0.4,10:00,14:30,81,13.6,552.48,84.2,
1386,NVDA,9,20,2.0,30.0,0.8,0.5,10:00,14:30,79,29.1,552.7,84.2,
1387,"QQQ,NVDA",5,20,2.0,50.0,0.8,0.4,10:00,15:30,81,16.0,552.4,84.1,
1388,"SPY,QQQ,NVDA",5,20,1.0,30.0,0.6,0.5,10:00,14:30,80,36.2,551.24,83.7,
1389,"PLTR,SMCI",5,26,2.0,30.0,0.8,0.5,10:00,15:30,80,15.0,550.87,83.6,
1390,NVDA,9,20,2.0,50.0,0.8,0.4,10:00,14:30,80,22.5,550.44,83.5,
1391,"PLTR,SMCI",9,26,1.0,30.0,0.8,0.4,10:00,15:30,78,20.5,550.54,83.5,
1392,SMCI,9,20,1.0,50.0,0.6,0.4,10:00,15:30,79,24.1,550.11,83.4,
1393,"PLTR,COIN,SMCI",9,26,1.0,50.0,0.6,0.5,10:00,14:30,79,36.7,549.87,83.3,
1394,"AMD,TSLA,NVDA",9,26,1.0,30.0,0.8,0.5,10:00,15:30,81,27.2,549.77,83.3,
1395,"PLTR,COIN,SMCI",5,26,1.0,30.0,0.8,0.5,10:00,15:30,81,22.2,549.91,83.3,
1396,"NVDA,TSLA",9,26,1.0,30.0,0.6,0.4,10:00,15:30,81,32.1,549.78,83.3,
1397,TSLA,5,26,1.0,30.0,0.6,0.5,10:00,14:30,79,38.0,549.66,83.2,
1398,COIN,5,20,1.0,50.0,0.8,0.4,10:00,15:30,79,30.4,549.36,83.1,
1399,SMCI,9,20,1.0,30.0,0.6,0.4,10:00,14:30,78,29.5,549.26,83.1,
1400,NVDA,9,20,1.0,50.0,0.8,0.4,10:00,14:30,79,40.5,549.18,83.1,
1401,TSLA,9,20,2.0,50.0,0.6,0.4,10:00,14:30,79,27.8,548.98,83.0,
1402,"QQQ,NVDA",9,26,2.0,30.0,0.8,0.4,10:00,15:30,80,15.0,548.83,82.9,
1403,"QQQ,TSLA",5,20,1.0,50.0,0.6,0.4,10:00,15:30,81,32.1,548.52,82.8,
1404,PLTR,9,26,1.0,30.0,0.6,0.4,10:00,15:30,78,26.9,547.9,82.6,
1405,"PLTR,COIN,SMCI",5,20,1.0,50.0,0.6,0.4,10:00,14:30,81,33.3,546.87,82.3,
1406,"NVDA,TSLA,PLTR,COIN",5,20,2.0,30.0,0.6,0.4,10:00,15:30,81,13.6,545.98,82.0,
1407,"SPY,NVDA",9,26,1.0,30.0,0.8,0.4,10:00,15:30,81,25.9,545.97,82.0,
1408,"PLTR,COIN,SMCI",5,20,2.0,50.0,0.6,0.4,10:00,14:30,81,23.5,545.75,81.9,
1409,SPY,5,26,1.0,50.0,0.8,0.5,10:00,15:30,80,40.0,544.66,81.6,
1410,"IWM,PLTR",5,26,1.0,50.0,0.8,0.4,10:00,15:30,80,26.2,544.81,81.6,
1411,"PLTR,COIN,SMCI",9,26,1.0,30.0,0.8,0.4,10:00,14:30,81,29.6,544.94,81.6,
1412,"AMD,TSLA,NVDA",9,26,1.0,30.0,0.8,0.4,10:00,15:30,81,24.7,544.23,81.4,
1413,SMCI,5,26,1.0,30.0,0.8,0.4,10:00,15:30,80,20.0,543.79,81.3,
1414,"PLTR,COIN,SMCI",5,20,1.0,50.0,0.6,0.5,10:00,14:30,81,37.0,543.58,81.2,
1415,TSLA,9,20,2.0,30.0,0.8,0.5,10:00,14:30,79,22.8,542.65,80.9,
1416,NVDA,9,20,2.0,30.0,0.8,0.4,10:00,14:30,80,21.2,542.75,80.9,
1417,"PLTR,COIN,SMCI",5,20,1.0,50.0,0.6,0.5,10:00,15:30,81,34.6,542.49,80.8,
1418,TSLA,5,26,1.0,50.0,0.6,0.5,10:00,15:30,81,37.0,542.19,80.7,
1419,"PLTR,COIN,SMCI",9,26,1.0,50.0,0.8,0.5,10:00,14:30,79,34.2,542.11,80.7,
1420,TSLA,9,20,2.0,50.0,0.6,0.5,10:00,15:30,80,26.2,541.58,80.5,
1421,"NVDA,TSLA,MSTR",5,26,2.0,50.0,0.8,0.5,10:00,15:30,81,18.5,541.44,80.5,
1422,"AMD,TSLA,NVDA",9,20,2.0,30.0,0.6,0.4,10:00,14:30,81,19.8,540.61,80.2,
1423,AMD,5,20,2.0,50.0,0.6,0.5,10:00,15:30,78,19.2,539.93,80.0,
1424,"MSTR,COIN",5,20,1.0,30.0,0.6,0.5,10:00,15:30,81,30.9,538.84,79.6,
1425,AMD,5,26,5.0,30.0,0.8,0.4,10:00,15:30,78,10.3,538.68,79.6,
1426,"SPY,NVDA",9,26,2.0,30.0,0.6,0.5,10:00,15:30,81,18.5,538.69,79.6,
1427,SMCI,9,26,5.0,50.0,0.6,0.5,10:00,15:30,78,11.5,537.71,79.2,
1428,"PLTR,COIN,SMCI",9,26,1.0,30.0,0.8,0.5,10:00,14:30,80,33.8,537.18,79.1,
1429,"NVDA,AMD",9,20,2.0,30.0,0.8,0.5,10:00,15:30,79,19.0,537.15,79.1,
1430,"NVDA,TSLA",5,26,2.0,30.0,0.6,0.4,10:00,15:30,81,14.8,537.02,79.0,
1431,SMCI,9,26,2.0,50.0,0.6,0.5,10:00,15:30,78,15.4,536.23,78.7,
1432,"NVDA,TSLA,MSTR",5,26,1.0,30.0,0.6,0.4,10:00,14:30,81,32.1,536.04,78.7,
1433,"PLTR,SMCI",5,26,1.0,50.0,0.8,0.5,10:00,15:30,80,26.2,535.96,78.7,
1434,"NVDA,TSLA,PLTR,COIN",9,26,2.0,50.0,0.8,0.5,10:00,15:30,81,18.5,535.81,78.6,
1435,"AMD,TSLA,NVDA",5,26,2.0,30.0,0.8,0.4,10:00,15:30,81,12.3,535.39,78.5,
1436,"NVDA,TSLA,MSTR",9,26,2.0,50.0,0.8,0.5,10:00,14:30,81,27.2,535.48,78.5,
1437,SMCI,9,20,1.0,50.0,0.6,0.5,10:00,15:30,79,22.8,535.2,78.4,
1438,"SPY,QQQ,NVDA",5,20,2.0,30.0,0.8,0.4,10:00,15:30,81,13.6,535.18,78.4,
1439,TSLA,5,26,2.0,30.0,0.8,0.5,10:00,14:30,79,24.1,534.22,78.1,
1440,AMD,5,20,1.0,30.0,0.8,0.5,10:00,15:30,78,24.4,533.9,78.0,
1441,PLTR,9,26,1.0,30.0,0.8,0.5,10:00,15:30,78,26.9,533.33,77.8,
1442,"PLTR,SMCI",9,20,2.0,30.0,0.6,0.5,10:00,15:30,79,15.2,533.09,77.7,
1443,NVDA,9,20,2.0,50.0,0.8,0.5,10:00,14:30,79,29.1,532.8,77.6,
1444,TSLA,5,26,1.0,50.0,0.8,0.4,10:00,15:30,80,36.2,532.79,77.6,
1445,"PLTR,COIN,SMCI",5,26,2.0,30.0,0.6,0.4,10:00,15:30,81,13.6,532.51,77.5,
1446,AMD,5,20,5.0,30.0,0.6,0.4,10:00,14:30,78,14.1,532.25,77.4,
1447,TSLA,9,26,5.0,30.0,0.8,0.5,10:00,14:30,80,15.0,531.77,77.3,
1448,NVDA,9,26,1.0,50.0,0.8,0.5,10:00,15:30,79,36.7,531.47,77.2,
1449,"MSTR,COIN",5,20,1.0,50.0,0.6,0.5,10:00,15:30,81,34.6,531.15,77.1,
1450,"NVDA,TSLA,PLTR,COIN",5,20,1.0,30.0,0.6,0.4,10:00,14:30,81,28.4,531.31,77.1,
1451,"SPY,QQQ,NVDA",5,20,1.0,30.0,0.6,0.5,10:00,15:30,81,28.4,531.16,77.1,
1452,"PLTR,SMCI",9,26,2.0,50.0,0.8,0.5,10:00,15:30,78,17.9,531.02,77.0,
1453,"NVDA,TSLA",9,26,1.0,50.0,0.6,0.4,10:00,15:30,81,37.0,530.98,77.0,
1454,"PLTR,SMCI",9,20,5.0,30.0,0.8,0.5,10:00,15:30,79,12.7,530.55,76.9,
1455,"PLTR,SMCI",9,20,5.0,30.0,0.6,0.5,10:00,15:30,79,12.7,530.55,76.9,
1456,"PLTR,COIN,SMCI",5,26,2.0,50.0,0.8,0.4,10:00,15:30,81,16.0,530.39,76.8,
1457,"NVDA,AMD",9,26,1.0,30.0,0.6,0.5,10:00,14:30,79,32.9,530.43,76.8,
1458,"NVDA,TSLA,MSTR",9,26,5.0,30.0,0.8,0.5,10:00,14:30,81,16.0,530.0,76.7,
1459,"NVDA,TSLA",9,26,1.0,50.0,0.8,0.4,10:00,15:30,81,35.8,528.75,76.2,
1460,"NVDA,TSLA,MSTR",5,26,1.0,50.0,0.6,0.4,10:00,14:30,81,35.8,527.71,75.9,
1461,"NVDA,TSLA,PLTR,COIN",9,26,1.0,50.0,0.6,0.5,10:00,14:30,81,37.0,527.82,75.9,
1462,TSLA,9,26,5.0,30.0,0.6,0.4,10:00,14:30,80,13.8,527.33,75.8,
1463,"SPY,NVDA",9,26,1.0,50.0,0.8,0.4,10:00,15:30,81,29.6,527.37,75.8,
1464,"PLTR,SMCI",5,26,5.0,30.0,0.6,0.5,10:00,15:30,80,12.5,527.01,75.7,
1465,"PLTR,SMCI",5,26,5.0,30.0,0.8,0.5,10:00,15:30,80,12.5,527.01,75.7,
1466,NVDA,5,20,2.0,30.0,0.8,0.4,10:00,15:30,80,12.5,526.14,75.4,
1467,"NVDA,AMD",5,20,5.0,30.0,0.8,0.4,10:00,14:30,80,13.8,525.85,75.3,
1468,TSLA,5,20,1.0,50.0,0.8,0.4,10:00,14:30,79,39.2,525.84,75.3,
1469,"TSLA,RIVN",9,20,5.0,50.0,0.8,0.4,10:00,15:30,81,13.6,525.72,75.2,
1470,"NVDA,TSLA,MSTR",9,20,2.0,30.0,0.8,0.5,10:00,14:30,81,21.0,524.98,75.0,
1471,AMD,5,26,2.0,30.0,0.6,0.4,10:00,15:30,78,17.9,524.79,74.9,
1472,"NVDA,TSLA",9,26,1.0,30.0,0.8,0.5,10:00,15:30,81,30.9,523.97,74.7,
1473,"NVDA,TSLA",9,26,1.0,30.0,0.6,0.4,10:00,14:30,80,33.8,523.88,74.6,
1474,"NVDA,AMD",5,20,5.0,30.0,0.6,0.4,10:00,14:30,80,13.8,523.81,74.6,
1475,COIN,5,20,1.0,50.0,0.8,0.4,10:00,14:30,79,35.4,523.04,74.3,
1476,"PLTR,COIN,SMCI",5,20,1.0,50.0,0.8,0.5,10:00,14:30,81,34.6,522.73,74.2,
1477,NVDA,5,26,2.0,50.0,0.6,0.4,10:00,15:30,80,21.2,522.44,74.1,
1478,TSLA,5,20,2.0,50.0,0.6,0.5,10:00,14:30,79,32.9,522.1,74.0,
1479,"IWM,PLTR",5,20,1.0,30.0,0.6,0.4,10:00,15:30,81,22.2,521.73,73.9,
1480,"PLTR,SMCI",5,20,2.0,30.0,0.8,0.5,10:00,14:30,81,21.0,521.46,73.8,
1481,NVDA,9,26,1.0,30.0,0.6,0.4,10:00,15:30,79,30.4,521.26,73.8,
1482,NVDA,5,20,2.0,50.0,0.8,0.5,10:00,15:30,79,19.0,520.99,73.7,
1483,SMCI,5,20,5.0,30.0,0.6,0.4,10:00,14:30,80,16.2,520.62,73.5,
1484,SPY,9,26,5.0,30.0,0.6,0.5,10:00,15:30,81,7.4,520.46,73.5,
1485,SMCI,5,20,5.0,30.0,0.8,0.4,10:00,14:30,80,16.2,520.62,73.5,
1486,SMCI,5,20,2.0,30.0,0.6,0.4,10:00,15:30,80,12.5,520.55,73.5,
1487,"NVDA,AMD",9,20,2.0,50.0,0.6,0.5,10:00,14:30,79,27.8,520.0,73.3,
1488,"NVDA,TSLA,MSTR",9,20,5.0,50.0,0.6,0.5,10:00,15:30,81,12.3,519.55,73.2,
1489,"MSTR,COIN",5,20,1.0,50.0,0.8,0.4,10:00,15:30,81,29.6,518.51,72.8,
1490,"QQQ,NVDA",9,20,2.0,50.0,0.8,0.4,10:00,15:30,81,18.5,517.75,72.6,
1491,TSLA,9,20,1.0,30.0,0.6,0.4,10:00,15:30,80,32.5,517.48,72.5,
1492,"SPY,QQQ,NVDA",5,20,1.0,30.0,0.6,0.4,10:00,14:30,80,30.0,517.13,72.4,
1493,MSTR,5,20,1.0,50.0,0.6,0.5,10:00,14:30,78,43.6,516.83,72.3,
1494,MSTR,9,20,1.0,30.0,0.8,0.5,10:00,14:30,78,37.2,516.17,72.1,
1495,"NVDA,TSLA,PLTR,COIN",9,26,2.0,50.0,0.6,0.5,10:00,15:30,81,18.5,515.3,71.8,
1496,"NVDA,TSLA,PLTR,COIN",9,26,1.0,30.0,0.8,0.5,10:00,15:30,81,23.5,515.18,71.7,
1497,AMD,5,26,1.0,30.0,0.8,0.4,10:00,15:30,78,21.8,514.57,71.5,
1498,"NVDA,TSLA,PLTR,COIN",5,26,5.0,30.0,0.6,0.4,10:00,15:30,81,7.4,514.32,71.4,
1499,TSLA,5,26,1.0,30.0,0.8,0.5,10:00,15:30,80,33.8,513.53,71.2,
1500,"AMD,TSLA,NVDA",5,20,2.0,30.0,0.8,0.4,10:00,15:30,81,12.3,513.01,71.0,
1501,"TSLA,RIVN",5,20,5.0,50.0,0.8,0.4,10:00,15:30,81,13.6,513.04,71.0,
1502,TSLA,9,26,2.0,30.0,0.8,0.4,10:00,15:30,81,17.3,511.57,70.5,
1503,"SPY,NVDA",5,20,2.0,30.0,0.8,0.4,10:00,15:30,81,13.6,511.25,70.4,
1504,SMCI,9,26,5.0,50.0,0.8,0.5,10:00,15:30,78,11.5,511.04,70.3,
1505,NVDA,9,26,1.0,50.0,0.8,0.4,10:00,14:30,78,38.5,510.38,70.1,
1506,"SPY,QQQ,NVDA",5,20,1.0,30.0,0.8,0.4,10:00,14:30,80,30.0,510.14,70.0,
1507,MSTR,9,20,1.0,50.0,0.8,0.4,10:00,14:30,78,44.9,508.52,69.5,
1508,SMCI,9,26,1.0,50.0,0.8,0.5,10:00,14:30,78,32.1,508.41,69.5,
1509,"TSLA,RIVN",9,20,1.0,50.0,0.6,0.4,10:00,14:30,80,30.0,508.59,69.5,
1510,"PLTR,COIN,SMCI",5,26,2.0,50.0,0.6,0.4,10:00,15:30,81,16.0,508.32,69.4,
1511,"SPY,NVDA",9,26,1.0,30.0,0.6,0.4,10:00,14:30,80,31.2,507.99,69.3,
1512,"PLTR,SMCI",5,20,2.0,50.0,0.6,0.5,10:00,14:30,81,24.7,508.04,69.3,
1513,SMCI,9,26,2.0,50.0,0.8,0.4,10:00,15:30,78,11.5,506.56,68.9,
1514,AMD,9,26,1.0,50.0,0.6,0.5,10:00,15:30,78,23.1,506.62,68.9,
1515,"SPY,QQQ,NVDA",9,20,1.0,30.0,0.6,0.5,10:00,14:30,80,36.2,505.85,68.6,
1516,"AMD,TSLA,NVDA",9,26,1.0,30.0,0.6,0.5,10:00,14:30,80,33.8,505.6,68.5,
1517,NVDA,9,26,1.0,30.0,0.8,0.5,10:00,15:30,79,34.2,505.52,68.5,
1518,SPY,9,26,1.0,50.0,0.6,0.5,10:00,14:30,78,44.9,505.02,68.3,
1519,NVDA,9,20,2.0,30.0,0.6,0.4,10:00,14:30,80,21.2,504.68,68.2,
1520,PLTR,5,20,1.0,50.0,0.8,0.4,10:00,15:30,79,29.1,504.66,68.2,
1521,"SPY,QQQ,NVDA",9,20,1.0,30.0,0.8,0.5,10:00,14:30,80,36.2,504.42,68.1,
1522,"NVDA,AMD",9,26,5.0,30.0,0.8,0.4,10:00,14:30,79,16.5,504.11,68.0,
1523,"QQQ,NVDA",5,26,1.0,30.0,0.6,0.5,10:00,15:30,81,29.6,504.02,68.0,
1524,"NVDA,AMD",9,26,5.0,30.0,0.6,0.4,10:00,14:30,79,16.5,504.11,68.0,
1525,SMCI,5,20,5.0,30.0,0.6,0.4,10:00,15:30,80,8.8,503.57,67.9,
1526,"PLTR,COIN,SMCI",5,20,1.0,30.0,0.8,0.4,10:00,14:30,81,27.2,503.72,67.9,
1527,SMCI,5,20,5.0,30.0,0.8,0.4,10:00,15:30,80,8.8,503.57,67.9,
1528,AMD,5,20,1.0,50.0,0.6,0.5,10:00,15:30,78,28.2,503.45,67.8,
1529,AMD,5,26,1.0,30.0,0.8,0.5,10:00,15:30,78,26.9,502.8,67.6,
1530,"QQQ,TSLA",9,20,5.0,30.0,0.6,0.4,10:00,14:30,80,8.8,502.72,67.6,
1531,"QQQ,TSLA",5,20,2.0,30.0,0.8,0.5,10:00,15:30,81,14.8,502.63,67.5,
1532,AMD,5,26,1.0,30.0,0.6,0.4,10:00,15:30,78,21.8,502.34,67.4,
1533,SMCI,9,26,1.0,50.0,0.6,0.5,10:00,14:30,78,35.9,501.83,67.3,
1534,"PLTR,COIN,SMCI",5,26,1.0,50.0,0.6,0.5,10:00,15:30,81,28.4,501.5,67.2,
1535,SMCI,9,20,1.0,30.0,0.8,0.5,10:00,14:30,78,29.5,501.61,67.2,
1536,"TSLA,RIVN",9,26,1.0,30.0,0.8,0.4,10:00,14:30,80,27.5,501.63,67.2,
1537,"NVDA,TSLA,MSTR",9,26,5.0,30.0,0.6,0.5,10:00,14:30,81,16.0,501.56,67.2,
1538,TSLA,5,20,1.0,30.0,0.6,0.4,10:00,14:30,79,34.2,501.14,67.0,
1539,"MSTR,COIN",5,20,1.0,50.0,0.8,0.5,10:00,15:30,81,30.9,500.34,66.8,
1540,"NVDA,AMD",9,26,1.0,50.0,0.6,0.4,10:00,15:30,79,32.9,500.45,66.8,
1541,"SPY,NVDA",9,20,1.0,50.0,0.6,0.5,10:00,14:30,80,43.8,500.45,66.8,
1542,"SPY,QQQ,NVDA",9,20,1.0,50.0,0.6,0.5,10:00,15:30,81,35.8,500.24,66.7,
1543,SPY,9,26,2.0,30.0,0.8,0.5,10:00,15:30,80,12.5,499.94,66.6,
1544,"TSLA,RIVN",5,20,5.0,50.0,0.8,0.4,10:00,14:30,81,18.5,499.44,66.5,
1545,"PLTR,COIN,SMCI",5,20,2.0,50.0,0.6,0.5,10:00,14:30,81,25.9,499.36,66.5,
1546,PLTR,9,26,1.0,50.0,0.8,0.5,10:00,15:30,78,29.5,499.51,66.5,
1547,"PLTR,COIN,SMCI",5,20,1.0,30.0,0.8,0.5,10:00,14:30,81,30.9,499.52,66.5,
1548,SPY,5,26,5.0,30.0,0.8,0.5,10:00,15:30,81,14.8,499.23,66.4,
1549,SPY,9,26,5.0,50.0,0.8,0.5,10:00,14:30,80,18.8,498.75,66.3,
1550,SPY,9,26,5.0,50.0,0.6,0.5,10:00,14:30,80,18.8,498.75,66.3,
1551,MSTR,9,20,1.0,50.0,0.6,0.5,10:00,15:30,79,46.8,498.43,66.1,
1552,"SPY,QQQ,NVDA",5,26,1.0,30.0,0.8,0.5,10:00,15:30,81,25.9,497.91,66.0,
1553,"PLTR,SMCI",5,20,2.0,50.0,0.8,0.5,10:00,14:30,81,23.5,497.77,65.9,
1554,SPY,9,20,2.0,30.0,0.6,0.5,10:00,15:30,81,18.5,496.79,65.6,
1555,AMD,5,20,5.0,30.0,0.6,0.4,10:00,15:30,78,12.8,496.32,65.4,
1556,"SPY,NVDA",9,20,1.0,50.0,0.8,0.5,10:00,14:30,80,43.8,495.53,65.2,
1557,"NVDA,TSLA,MSTR",5,26,2.0,30.0,0.8,0.4,10:00,14:30,81,19.8,495.71,65.2,
1558,"PLTR,SMCI",9,20,1.0,50.0,0.8,0.4,10:00,15:30,79,24.1,494.54,64.8,
1559,AMD,5,26,5.0,30.0,0.8,0.4,10:00,14:30,78,14.1,494.0,64.7,
1560,"IWM,PLTR",5,20,1.0,30.0,0.6,0.5,10:00,15:30,81,24.7,493.87,64.6,
1561,"PLTR,COIN,SMCI",5,20,2.0,50.0,0.8,0.4,10:00,14:30,81,22.2,493.62,64.5,
1562,NVDA,9,20,2.0,50.0,0.6,0.4,10:00,14:30,80,22.5,493.19,64.4,
1563,AMD,5,20,5.0,50.0,0.6,0.5,10:00,15:30,78,16.7,492.33,64.1,
1564,"QQQ,NVDA",9,20,2.0,30.0,0.6,0.4,10:00,15:30,81,14.8,489.74,63.2,
1565,"PLTR,COIN,SMCI",9,26,1.0,30.0,0.6,0.4,10:00,14:30,81,29.6,489.47,63.2,
1566,"PLTR,SMCI",9,20,2.0,30.0,0.6,0.5,10:00,14:30,78,21.8,489.43,63.1,
1567,"PLTR,COIN,SMCI",9,26,1.0,30.0,0.6,0.5,10:00,14:30,80,33.8,488.86,63.0,
1568,PLTR,5,20,1.0,30.0,0.8,0.4,10:00,15:30,80,21.2,488.95,63.0,
1569,"PLTR,SMCI",9,20,5.0,50.0,0.8,0.4,10:00,15:30,79,11.4,489.14,63.0,
1570,"PLTR,SMCI",9,20,5.0,50.0,0.6,0.4,10:00,15:30,79,11.4,489.14,63.0,
1571,TSLA,9,20,1.0,30.0,0.6,0.5,10:00,15:30,80,35.0,488.63,62.9,
1572,SPY,5,20,2.0,30.0,0.8,0.5,10:00,15:30,80,18.8,488.71,62.9,
1573,"QQQ,TSLA",9,26,5.0,50.0,0.6,0.4,10:00,15:30,81,9.9,488.0,62.7,
1574,AMD,5,26,1.0,30.0,0.6,0.5,10:00,15:30,78,25.6,488.2,62.7,
1575,"PLTR,SMCI",9,20,1.0,30.0,0.6,0.5,10:00,15:30,79,24.1,487.82,62.6,
1576,MSTR,5,20,1.0,30.0,0.6,0.5,10:00,14:30,78,37.2,487.58,62.5,
1577,SMCI,9,20,1.0,50.0,0.8,0.5,10:00,15:30,79,20.3,487.42,62.5,
1578,AMD,5,26,2.0,50.0,0.8,0.4,10:00,14:30,78,24.4,487.23,62.4,
1579,SMCI,5,26,1.0,30.0,0.8,0.5,10:00,15:30,80,20.0,487.13,62.4,
1580,"PLTR,SMCI",5,20,1.0,50.0,0.8,0.4,10:00,15:30,81,27.2,486.8,62.3,
1581,TSLA,9,20,2.0,50.0,0.8,0.5,10:00,15:30,80,25.0,486.53,62.2,
1582,"AMD,TSLA,NVDA",9,26,1.0,30.0,0.6,0.4,10:00,15:30,81,25.9,486.19,62.1,
1583,"PLTR,SMCI",9,20,1.0,30.0,0.8,0.4,10:00,15:30,79,21.5,486.25,62.1,
1584,"PLTR,SMCI",9,26,1.0,50.0,0.8,0.5,10:00,14:30,78,29.5,486.32,62.1,
1585,"IWM,PLTR",5,20,1.0,50.0,0.8,0.4,10:00,15:30,81,28.4,485.82,61.9,
1586,"QQQ,NVDA",9,26,2.0,30.0,0.8,0.5,10:00,15:30,80,17.5,485.35,61.8,
1587,NVDA,5,20,2.0,50.0,0.8,0.4,10:00,15:30,80,13.8,484.83,61.6,
1588,NVDA,9,20,2.0,30.0,0.6,0.5,10:00,14:30,79,29.1,484.55,61.5,
1589,"SPY,QQQ,NVDA",9,20,1.0,30.0,0.6,0.4,10:00,15:30,81,24.7,482.62,60.9,
1590,"PLTR,COIN,SMCI",9,26,2.0,30.0,0.8,0.5,10:00,14:30,81,22.2,482.78,60.9,
1591,AMD,9,20,1.0,30.0,0.6,0.4,10:00,15:30,78,24.4,482.43,60.8,
1592,"IWM,PLTR",9,26,1.0,30.0,0.6,0.5,10:00,15:30,80,25.0,482.48,60.8,
1593,"PLTR,SMCI",5,26,1.0,50.0,0.6,0.5,10:00,15:30,80,22.5,482.51,60.8,
1594,TSLA,9,20,1.0,50.0,0.8,0.4,10:00,14:30,79,40.5,481.98,60.7,
1595,"QQQ,TSLA",5,20,2.0,30.0,0.6,0.4,10:00,14:30,79,20.3,482.24,60.7,
1596,"IWM,PLTR",9,26,1.0,30.0,0.6,0.4,10:00,15:30,81,22.2,481.97,60.7,
1597,TSLA,9,20,5.0,50.0,0.6,0.4,10:00,14:30,79,17.7,481.79,60.6,
1598,AMD,5,20,5.0,50.0,0.8,0.5,10:00,14:30,78,21.8,481.39,60.5,
1599,AMD,5,20,5.0,50.0,0.6,0.5,10:00,14:30,78,21.8,481.39,60.5,
1600,"NVDA,TSLA",5,26,2.0,50.0,0.8,0.4,10:00,15:30,81,14.8,481.02,60.3,
1601,TSLA,5,26,1.0,30.0,0.6,0.4,10:00,14:30,79,34.2,480.61,60.2,
1602,"NVDA,TSLA,MSTR",5,26,1.0,30.0,0.6,0.5,10:00,15:30,81,30.9,480.44,60.1,
1603,NVDA,5,26,5.0,30.0,0.6,0.5,10:00,14:30,80,20.0,480.21,60.1,
1604,NVDA,5,26,5.0,30.0,0.8,0.5,10:00,14:30,80,20.0,480.21,60.1,
1605,"AMD,TSLA,NVDA",9,26,2.0,30.0,0.6,0.4,10:00,15:30,81,14.8,479.87,60.0,
1606,"QQQ,NVDA",9,26,2.0,50.0,0.8,0.4,10:00,15:30,80,18.8,479.8,59.9,
1607,COIN,9,20,1.0,50.0,0.6,0.5,10:00,15:30,79,24.1,479.6,59.9,
1608,"SPY,NVDA",9,26,1.0,30.0,0.8,0.4,10:00,14:30,80,30.0,479.27,59.8,
1609,"NVDA,AMD",9,20,2.0,30.0,0.6,0.5,10:00,15:30,79,19.0,479.06,59.7,
1610,TSLA,9,20,5.0,30.0,0.8,0.5,10:00,14:30,79,15.2,478.32,59.4,
1611,"PLTR,COIN,SMCI",9,26,2.0,30.0,0.6,0.4,10:00,15:30,81,13.6,477.57,59.2,
1612,"IWM,PLTR",5,26,1.0,50.0,0.6,0.5,10:00,15:30,80,32.5,477.58,59.2,
1613,"SPY,QQQ,NVDA",9,20,1.0,50.0,0.6,0.5,10:00,14:30,80,41.2,477.45,59.2,
1614,"MSTR,COIN",5,20,1.0,30.0,0.6,0.4,10:00,15:30,81,27.2,477.37,59.1,
1615,"PLTR,COIN,SMCI",9,20,2.0,30.0,0.6,0.5,10:00,15:30,81,14.8,476.61,58.9,
1616,"NVDA,AMD",5,20,2.0,30.0,0.8,0.4,10:00,14:30,80,17.5,476.64,58.9,
1617,"AMD,TSLA,NVDA",9,20,2.0,50.0,0.6,0.4,10:00,15:30,81,19.8,475.43,58.5,
1618,"QQQ,TSLA",5,26,5.0,30.0,0.6,0.4,10:00,14:30,79,8.9,474.81,58.3,
1619,"SPY,NVDA",9,26,1.0,50.0,0.6,0.4,10:00,15:30,81,29.6,474.42,58.1,
1620,TSLA,5,20,2.0,30.0,0.6,0.5,10:00,15:30,80,18.8,474.32,58.1,
1621,TSLA,9,20,2.0,50.0,0.8,0.4,10:00,14:30,79,27.8,473.65,57.9,
1622,"PLTR,SMCI",9,26,1.0,50.0,0.6,0.5,10:00,15:30,78,25.6,473.6,57.9,
1623,TSLA,5,26,1.0,30.0,0.8,0.4,10:00,14:30,79,34.2,473.13,57.7,
1624,SMCI,5,20,2.0,30.0,0.6,0.5,10:00,14:30,80,17.5,472.77,57.6,
1625,TSLA,9,20,2.0,30.0,0.6,0.5,10:00,14:30,79,22.8,472.64,57.5,
1626,"QQQ,TSLA",9,26,5.0,50.0,0.8,0.5,10:00,15:30,81,11.1,472.43,57.5,
1627,"PLTR,COIN,SMCI",5,26,2.0,30.0,0.8,0.4,10:00,15:30,81,12.3,472.65,57.5,
1628,"IWM,PLTR",5,26,1.0,30.0,0.6,0.4,10:00,15:30,80,20.0,471.97,57.3,
1629,NVDA,9,20,5.0,50.0,0.8,0.4,10:00,15:30,80,10.0,470.45,56.8,
1630,NVDA,9,20,5.0,30.0,0.6,0.4,10:00,15:30,80,10.0,470.45,56.8,
1631,NVDA,9,20,5.0,50.0,0.6,0.4,10:00,15:30,80,10.0,470.45,56.8,
1632,NVDA,9,20,5.0,30.0,0.8,0.4,10:00,15:30,80,10.0,470.45,56.8,
1633,"TSLA,RIVN",9,26,1.0,50.0,0.6,0.4,10:00,14:30,80,30.0,469.42,56.5,
1634,TSLA,9,20,2.0,30.0,0.8,0.4,10:00,14:30,79,19.0,469.24,56.4,
1635,"QQQ,NVDA",5,20,2.0,50.0,0.8,0.5,10:00,15:30,81,18.5,469.09,56.4,
1636,"PLTR,COIN,SMCI",9,20,2.0,30.0,0.8,0.5,10:00,15:30,81,13.6,469.28,56.4,
1637,SMCI,9,20,1.0,30.0,0.6,0.5,10:00,15:30,79,21.5,468.86,56.3,
1638,"PLTR,COIN,SMCI",5,20,2.0,30.0,0.6,0.5,10:00,14:30,81,22.2,468.74,56.2,
1639,"NVDA,TSLA,PLTR,COIN",9,26,5.0,50.0,0.8,0.4,10:00,15:30,81,9.9,468.38,56.1,
1640,NVDA,5,26,5.0,30.0,0.8,0.4,10:00,14:30,80,18.8,468.17,56.1,
1641,NVDA,5,26,5.0,30.0,0.6,0.4,10:00,14:30,80,18.8,468.17,56.1,
1642,"PLTR,SMCI",5,20,1.0,30.0,0.8,0.4,10:00,14:30,81,24.7,467.72,55.9,
1643,NVDA,9,20,2.0,50.0,0.6,0.5,10:00,14:30,79,29.1,467.72,55.9,
1644,"PLTR,SMCI",9,26,1.0,50.0,0.6,0.5,10:00,14:30,78,29.5,467.4,55.8,
1645,SMCI,9,26,2.0,30.0,0.8,0.5,10:00,15:30,78,11.5,467.2,55.7,
1646,"NVDA,TSLA,PLTR,COIN",9,20,2.0,50.0,0.6,0.5,10:00,15:30,81,16.0,466.87,55.6,
1647,"AMD,TSLA,NVDA",5,26,2.0,30.0,0.6,0.4,10:00,15:30,81,13.6,466.86,55.6,
1648,"MSTR,COIN",5,20,1.0,30.0,0.8,0.5,10:00,15:30,81,25.9,466.53,55.5,
1649,TSLA,9,26,2.0,50.0,0.6,0.4,10:00,14:30,80,23.8,466.51,55.5,
1650,"NVDA,TSLA,MSTR",9,20,5.0,50.0,0.6,0.4,10:00,14:30,81,16.0,466.15,55.4,
1651,"SPY,QQQ,NVDA",9,26,2.0,30.0,0.6,0.5,10:00,15:30,81,16.0,466.27,55.4,
1652,PLTR,5,20,1.0,30.0,0.6,0.4,10:00,15:30,80,23.8,465.78,55.3,
1653,AMD,9,26,2.0,50.0,0.6,0.5,10:00,15:30,78,17.9,465.91,55.3,
1654,TSLA,9,20,2.0,30.0,0.6,0.4,10:00,15:30,80,18.8,466.03,55.3,
1655,PLTR,5,26,1.0,50.0,0.8,0.5,10:00,14:30,78,34.6,465.48,55.2,
1656,SMCI,5,26,1.0,50.0,0.8,0.4,10:00,15:30,80,20.0,465.29,55.1,
1657,"NVDA,TSLA,PLTR,COIN",5,20,2.0,30.0,0.8,0.4,10:00,14:30,81,18.5,465.22,55.1,
1658,"QQQ,NVDA",9,26,2.0,30.0,0.6,0.4,10:00,15:30,80,15.0,464.65,54.9,
1659,NVDA,5,26,5.0,50.0,0.6,0.5,10:00,14:30,80,20.0,464.71,54.9,
1660,NVDA,5,26,5.0,50.0,0.8,0.5,10:00,14:30,80,20.0,464.71,54.9,
1661,SMCI,9,26,1.0,50.0,0.6,0.4,10:00,14:30,78,30.8,464.68,54.9,
1662,"PLTR,COIN,SMCI",9,20,2.0,30.0,0.8,0.4,10:00,15:30,81,11.1,463.93,54.6,
1663,NVDA,5,26,5.0,50.0,0.6,0.4,10:00,14:30,80,18.8,463.09,54.4,
1664,"NVDA,AMD",9,20,2.0,50.0,0.6,0.4,10:00,15:30,80,18.8,463.21,54.4,
1665,NVDA,5,26,5.0,50.0,0.8,0.4,10:00,14:30,80,18.8,463.09,54.4,
1666,TSLA,9,20,5.0,50.0,0.6,0.5,10:00,14:30,79,19.0,462.53,54.2,
1667,"SPY,QQQ,NVDA",5,20,1.0,50.0,0.8,0.4,10:00,14:30,80,33.8,462.38,54.1,
1668,"PLTR,SMCI",5,20,5.0,30.0,0.6,0.5,10:00,14:30,81,19.8,461.71,53.9,
1669,"PLTR,SMCI",5,20,5.0,30.0,0.8,0.5,10:00,14:30,81,19.8,461.71,53.9,
1670,"SPY,NVDA",9,26,1.0,30.0,0.6,0.4,10:00,15:30,81,25.9,461.32,53.8,
1671,SMCI,5,20,2.0,50.0,0.8,0.5,10:00,14:30,80,18.8,461.09,53.7,
1672,"NVDA,TSLA",9,20,2.0,30.0,0.8,0.4,10:00,15:30,81,13.6,459.29,53.1,
1673,"QQQ,TSLA",5,26,5.0,30.0,0.8,0.4,10:00,14:30,79,8.9,457.87,52.6,
1674,"NVDA,TSLA,PLTR,COIN",9,26,1.0,50.0,0.8,0.5,10:00,14:30,81,34.6,457.33,52.4,
1675,"QQQ,NVDA",9,20,5.0,30.0,0.6,0.4,10:00,14:30,80,12.5,457.23,52.4,
1676,"NVDA,TSLA,PLTR,COIN",5,26,2.0,50.0,0.8,0.5,10:00,15:30,81,16.0,456.77,52.3,
1677,SMCI,5,20,2.0,30.0,0.8,0.5,10:00,14:30,80,17.5,456.28,52.1,
1678,AMD,9,20,2.0,30.0,0.8,0.4,10:00,14:30,78,21.8,456.16,52.1,
1679,"PLTR,COIN,SMCI",5,20,1.0,30.0,0.6,0.5,10:00,14:30,81,30.9,456.12,52.0,
1680,"PLTR,SMCI",9,26,2.0,30.0,0.8,0.5,10:00,15:30,78,15.4,455.13,51.7,
1681,"PLTR,SMCI",5,20,2.0,30.0,0.6,0.4,10:00,15:30,81,12.3,455.08,51.7,
1682,"SPY,NVDA",9,26,1.0,30.0,0.8,0.5,10:00,14:30,80,33.8,454.66,51.6,
1683,SMCI,9,20,1.0,50.0,0.8,0.5,10:00,14:30,78,29.5,454.36,51.5,
1684,AMD,9,26,2.0,50.0,0.8,0.5,10:00,15:30,78,17.9,454.5,51.5,
1685,TSLA,5,20,2.0,30.0,0.8,0.5,10:00,15:30,80,17.5,453.87,51.3,
1686,TSLA,5,20,1.0,30.0,0.6,0.4,10:00,15:30,80,28.7,453.97,51.3,
1687,"PLTR,SMCI",9,26,1.0,30.0,0.6,0.4,10:00,15:30,78,21.8,453.5,51.2,
1688,"MSTR,COIN",5,20,2.0,30.0,0.6,0.4,10:00,14:30,81,21.0,453.26,51.1,
1689,"MSTR,COIN",5,20,2.0,30.0,0.8,0.4,10:00,14:30,81,21.0,451.75,50.6,
1690,"TSLA,RIVN",5,26,5.0,50.0,0.8,0.4,10:00,14:30,81,19.8,451.92,50.6,
1691,SPY,9,26,2.0,30.0,0.6,0.4,10:00,15:30,81,11.1,451.62,50.5,
1692,"PLTR,COIN,SMCI",5,26,2.0,30.0,0.6,0.5,10:00,15:30,81,14.8,451.42,50.5,
1693,"NVDA,TSLA,PLTR,COIN",5,20,2.0,50.0,0.6,0.4,10:00,14:30,81,19.8,450.52,50.2,
1694,AMD,5,26,5.0,30.0,0.6,0.4,10:00,14:30,78,14.1,450.73,50.2,
1695,"TSLA,RIVN",5,26,1.0,30.0,0.6,0.5,10:00,14:30,81,28.4,450.34,50.1,
1696,PLTR,5,20,1.0,30.0,0.8,0.5,10:00,15:30,79,21.5,449.97,50.0,
1697,SPY,9,20,2.0,30.0,0.6,0.4,10:00,15:30,81,12.3,450.14,50.0,
1698,SPY,9,26,2.0,50.0,0.6,0.4,10:00,15:30,81,11.1,450.03,50.0,
1699,PLTR,5,20,1.0,50.0,0.8,0.5,10:00,15:30,79,29.1,450.0,50.0,
1700,SPY,5,26,5.0,30.0,0.6,0.5,10:00,15:30,81,14.8,450.0,50.0,
1701,PLTR,5,26,1.0,30.0,0.8,0.5,10:00,14:30,78,33.3,449.57,49.9,
1702,TSLA,9,20,2.0,30.0,0.6,0.5,10:00,15:30,80,18.8,449.37,49.8,
1703,"SPY,NVDA",5,26,5.0,30.0,0.6,0.4,10:00,14:30,81,12.3,448.89,49.6,
1704,NVDA,5,26,2.0,30.0,0.6,0.4,10:00,15:30,80,15.0,448.59,49.5,
1705,SPY,5,26,2.0,50.0,0.8,0.5,10:00,15:30,80,22.5,448.39,49.5,
1706,"NVDA,TSLA,MSTR",9,26,2.0,30.0,0.8,0.4,10:00,14:30,81,14.8,447.88,49.3,
1707,"NVDA,TSLA,MSTR",5,26,2.0,30.0,0.8,0.5,10:00,15:30,81,12.3,447.93,49.3,
1708,"QQQ,TSLA",5,20,5.0,50.0,0.8,0.5,10:00,14:30,79,16.5,447.9,49.3,
1709,SMCI,9,20,1.0,30.0,0.6,0.4,10:00,15:30,79,21.5,447.46,49.2,
1710,"SPY,QQQ,NVDA",9,20,1.0,30.0,0.6,0.4,10:00,14:30,81,30.9,447.31,49.1,
1711,"QQQ,NVDA",9,20,5.0,30.0,0.8,0.4,10:00,14:30,80,12.5,447.12,49.0,
1712,MSTR,5,20,1.0,50.0,0.6,0.4,10:00,15:30,80,42.5,446.71,48.9,
1713,AMD,5,20,1.0,30.0,0.8,0.4,10:00,15:30,78,16.7,446.29,48.8,
1714,AMD,9,26,1.0,50.0,0.8,0.4,10:00,15:30,78,21.8,446.08,48.7,
1715,"PLTR,COIN,SMCI",5,20,2.0,30.0,0.8,0.4,10:00,14:30,81,21.0,445.99,48.7,
1716,"NVDA,AMD",5,26,5.0,50.0,0.8,0.4,10:00,15:30,80,12.5,446.1,48.7,
1717,"PLTR,COIN,SMCI",5,20,5.0,30.0,0.6,0.5,10:00,15:30,81,12.3,445.7,48.6,
1718,SPY,5,26,5.0,50.0,0.8,0.5,10:00,15:30,81,14.8,445.93,48.6,
1719,"PLTR,COIN,SMCI",5,20,5.0,30.0,0.8,0.5,10:00,15:30,81,12.3,445.7,48.6,
1720,TSLA,5,20,1.0,30.0,0.8,0.4,10:00,14:30,79,31.6,445.39,48.5,
1721,"NVDA,AMD",9,20,2.0,30.0,0.6,0.4,10:00,15:30,80,15.0,444.84,48.3,
1722,TSLA,5,26,2.0,30.0,0.6,0.5,10:00,14:30,79,24.1,444.93,48.3,
1723,AMD,5,20,1.0,50.0,0.8,0.4,10:00,15:30,78,17.9,444.35,48.1,
1724,TSLA,9,20,1.0,50.0,0.6,0.5,10:00,14:30,79,40.5,444.0,48.0,
1725,"NVDA,TSLA,PLTR,COIN",5,26,5.0,30.0,0.8,0.4,10:00,14:30,81,9.9,443.6,47.9,
1726,"NVDA,TSLA,PLTR,COIN",9,20,2.0,50.0,0.8,0.5,10:00,15:30,81,14.8,442.66,47.6,
1727,MSTR,9,20,2.0,50.0,0.6,0.5,10:00,14:30,78,26.9,442.88,47.6,
1728,"SPY,NVDA",9,26,1.0,30.0,0.8,0.5,10:00,15:30,81,27.2,441.79,47.3,
1729,"PLTR,SMCI",5,20,1.0,50.0,0.8,0.5,10:00,14:30,81,33.3,442.02,47.3,
1730,"QQQ,NVDA",9,20,1.0,30.0,0.6,0.5,10:00,14:30,79,36.7,441.81,47.3,
1731,NVDA,9,26,1.0,30.0,0.8,0.4,10:00,15:30,79,26.6,441.76,47.3,
1732,"TSLA,RIVN",9,26,1.0,30.0,0.6,0.4,10:00,14:30,80,27.5,441.7,47.2,
1733,SPY,9,26,5.0,30.0,0.8,0.4,10:00,14:30,80,15.0,441.35,47.1,
1734,SPY,9,26,5.0,30.0,0.6,0.4,10:00,14:30,80,15.0,441.35,47.1,
1735,"PLTR,SMCI",9,26,2.0,50.0,0.6,0.5,10:00,14:30,78,24.4,441.04,47.0,
1736,"TSLA,RIVN",9,26,5.0,50.0,0.6,0.5,10:00,14:30,81,19.8,440.42,46.8,
1737,"NVDA,AMD",5,20,2.0,50.0,0.8,0.4,10:00,14:30,80,17.5,440.0,46.7,
1738,"MSTR,COIN",5,20,2.0,30.0,0.6,0.5,10:00,14:30,81,24.7,438.9,46.3,
1739,"QQQ,NVDA",5,26,2.0,30.0,0.6,0.4,10:00,15:30,81,14.8,438.73,46.2,
1740,TSLA,9,20,1.0,50.0,0.6,0.4,10:00,14:30,79,38.0,438.35,46.1,
1741,"PLTR,SMCI",5,20,1.0,50.0,0.8,0.5,10:00,15:30,81,25.9,438.35,46.1,
1742,TSLA,9,26,5.0,30.0,0.6,0.5,10:00,14:30,80,15.0,438.0,46.0,
1743,SMCI,5,20,2.0,30.0,0.8,0.4,10:00,15:30,80,10.0,437.63,45.9,
1744,COIN,5,20,1.0,30.0,0.8,0.4,10:00,14:30,80,30.0,437.41,45.8,
1745,AMD,5,20,5.0,30.0,0.8,0.5,10:00,14:30,78,17.9,437.01,45.7,
1746,"MSTR,COIN",5,20,2.0,30.0,0.8,0.5,10:00,14:30,81,24.7,437.07,45.7,
1747,AMD,5,20,5.0,30.0,0.6,0.5,10:00,14:30,78,17.9,437.01,45.7,
1748,"SPY,QQQ,NVDA",9,20,2.0,30.0,0.8,0.5,10:00,14:30,81,19.8,436.94,45.6,
1749,"SPY,QQQ,NVDA",9,20,1.0,50.0,0.8,0.5,10:00,14:30,80,38.8,436.41,45.5,
1750,"QQQ,NVDA",5,20,2.0,30.0,0.8,0.5,10:00,14:30,79,24.1,435.32,45.1,
1751,SMCI,5,20,5.0,30.0,0.6,0.5,10:00,15:30,81,12.3,435.4,45.1,
1752,SMCI,5,20,5.0,30.0,0.8,0.5,10:00,15:30,81,12.3,435.4,45.1,
1753,PLTR,5,26,1.0,50.0,0.6,0.5,10:00,14:30,78,34.6,435.06,45.0,
1754,TSLA,9,20,1.0,30.0,0.8,0.4,10:00,15:30,80,28.7,434.76,44.9,
1755,"NVDA,TSLA,PLTR,COIN",5,26,1.0,30.0,0.8,0.4,10:00,15:30,81,18.5,434.37,44.8,
1756,"PLTR,SMCI",9,26,1.0,30.0,0.6,0.5,10:00,15:30,78,21.8,434.48,44.8,
1757,MSTR,9,20,1.0,30.0,0.6,0.5,10:00,14:30,78,37.2,434.52,44.8,
1758,"QQQ,NVDA",5,26,1.0,30.0,0.8,0.5,10:00,14:30,79,35.4,434.13,44.7,
1759,"TSLA,RIVN",5,26,1.0,30.0,0.6,0.4,10:00,14:30,81,25.9,433.75,44.6,
1760,PLTR,9,20,1.0,50.0,0.6,0.5,10:00,15:30,78,28.2,433.58,44.5,
1761,"NVDA,AMD",9,26,1.0,30.0,0.6,0.5,10:00,15:30,79,27.8,433.56,44.5,
1762,"PLTR,SMCI",9,20,2.0,50.0,0.6,0.4,10:00,15:30,79,13.9,433.13,44.4,
1763,SMCI,9,20,1.0,30.0,0.6,0.5,10:00,14:30,78,29.5,433.35,44.4,
1764,NVDA,9,26,1.0,50.0,0.8,0.4,10:00,15:30,79,27.8,432.95,44.3,
1765,"MSTR,COIN",5,20,2.0,50.0,0.6,0.4,10:00,15:30,81,19.8,432.72,44.2,
1766,PLTR,9,26,1.0,30.0,0.6,0.4,10:00,14:30,78,29.5,432.28,44.1,
1767,"NVDA,TSLA,PLTR,COIN",9,26,1.0,50.0,0.6,0.5,10:00,15:30,81,27.2,432.13,44.0,
1768,GLD,5,20,2.0,30.0,0.6,0.4,10:00,15:30,81,11.1,431.75,43.9,
1769,"PLTR,COIN,SMCI",9,20,5.0,30.0,0.8,0.4,10:00,15:30,81,9.9,429.91,43.3,
1770,"PLTR,COIN,SMCI",9,20,5.0,30.0,0.6,0.4,10:00,15:30,81,9.9,429.91,43.3,
1771,"QQQ,MSTR",5,20,1.0,50.0,0.6,0.4,10:00,15:30,81,37.0,429.26,43.1,
1772,"PLTR,COIN,SMCI",5,20,1.0,30.0,0.6,0.4,10:00,14:30,81,27.2,428.64,42.9,
1773,"NVDA,TSLA,PLTR,COIN",9,26,1.0,30.0,0.8,0.5,10:00,14:30,81,32.1,428.05,42.7,
1774,"PLTR,SMCI",9,26,1.0,30.0,0.6,0.5,10:00,14:30,78,28.2,427.93,42.6,
1775,COIN,5,20,1.0,30.0,0.6,0.5,10:00,15:30,79,27.8,427.32,42.4,
1776,"PLTR,SMCI",9,26,1.0,30.0,0.8,0.4,10:00,14:30,78,26.9,426.49,42.2,
1777,SPY,9,26,2.0,50.0,0.6,0.5,10:00,15:30,80,12.5,426.51,42.2,
1778,SPY,9,26,2.0,30.0,0.6,0.5,10:00,15:30,80,12.5,426.51,42.2,
1779,PLTR,9,26,1.0,50.0,0.6,0.4,10:00,15:30,78,26.9,426.3,42.1,
1780,TSLA,5,26,2.0,30.0,0.8,0.4,10:00,15:30,80,16.2,426.2,42.1,
1781,"NVDA,TSLA,PLTR,COIN",9,26,1.0,30.0,0.6,0.5,10:00,14:30,81,32.1,425.11,41.7,
1782,"PLTR,SMCI",9,26,1.0,30.0,0.8,0.5,10:00,15:30,78,19.2,424.82,41.6,
1783,"PLTR,SMCI",9,20,2.0,50.0,0.6,0.5,10:00,14:30,78,21.8,424.45,41.5,
1784,AMD,9,20,2.0,30.0,0.8,0.5,10:00,15:30,78,19.2,424.25,41.4,
1785,"PLTR,COIN,SMCI",9,20,1.0,50.0,0.8,0.5,10:00,14:30,79,29.1,423.92,41.3,
1786,"TSLA,RIVN",9,26,1.0,30.0,0.8,0.5,10:00,14:30,80,28.7,424.05,41.3,
1787,SPY,9,26,5.0,30.0,0.8,0.5,10:00,14:30,80,17.5,423.98,41.3,
1788,SPY,9,26,5.0,30.0,0.6,0.5,10:00,14:30,80,17.5,423.98,41.3,
1789,"PLTR,SMCI",9,26,1.0,30.0,0.8,0.5,10:00,14:30,78,28.2,423.79,41.3,
1790,AMD,5,20,1.0,50.0,0.6,0.4,10:00,15:30,78,17.9,423.47,41.2,
1791,"PLTR,COIN,SMCI",9,20,2.0,30.0,0.6,0.4,10:00,15:30,81,12.3,423.6,41.2,
1792,"NVDA,TSLA,PLTR,COIN",5,26,5.0,30.0,0.6,0.4,10:00,14:30,81,9.9,422.73,40.9,
1793,COIN,5,20,1.0,50.0,0.6,0.4,10:00,14:30,80,33.8,422.77,40.9,
1794,"QQQ,TSLA",9,20,5.0,30.0,0.8,0.5,10:00,14:30,79,8.9,422.1,40.7,
1795,"QQQ,TSLA",5,20,2.0,50.0,0.6,0.4,10:00,15:30,81,16.0,422.25,40.7,
1796,"QQQ,NVDA",5,26,2.0,30.0,0.8,0.4,10:00,15:30,81,12.3,421.19,40.4,
1797,"SPY,NVDA",9,26,1.0,50.0,0.8,0.5,10:00,14:30,80,42.5,420.78,40.3,
1798,"NVDA,TSLA,PLTR,COIN",9,26,2.0,30.0,0.6,0.5,10:00,15:30,81,13.6,420.17,40.1,
1799,"NVDA,TSLA,PLTR,COIN",5,26,1.0,30.0,0.8,0.5,10:00,15:30,81,19.8,420.34,40.1,
1800,MSTR,9,20,1.0,50.0,0.6,0.4,10:00,15:30,79,38.0,420.37,40.1,
1801,SPY,9,26,5.0,50.0,0.8,0.4,10:00,14:30,80,15.0,418.96,39.7,
1802,SPY,9,26,5.0,50.0,0.6,0.4,10:00,14:30,80,15.0,418.96,39.7,
1803,"IWM,PLTR",5,26,1.0,50.0,0.6,0.4,10:00,15:30,80,26.2,418.95,39.7,
1804,"PLTR,SMCI",5,26,1.0,50.0,0.8,0.4,10:00,15:30,80,21.2,418.69,39.6,
1805,NVDA,9,26,1.0,50.0,0.6,0.4,10:00,15:30,79,29.1,418.38,39.5,
1806,PLTR,9,26,1.0,30.0,0.6,0.5,10:00,15:30,78,26.9,418.62,39.5,
1807,SMCI,5,20,2.0,50.0,0.6,0.5,10:00,14:30,80,18.8,418.33,39.4,
1808,SPY,9,20,2.0,50.0,0.6,0.4,10:00,15:30,81,12.3,417.64,39.2,
1809,"SPY,QQQ,NVDA",5,20,2.0,50.0,0.8,0.4,10:00,15:30,81,13.6,417.28,39.1,
1810,AMD,9,20,1.0,50.0,0.8,0.5,10:00,14:30,78,29.5,417.24,39.1,
1811,TSLA,9,26,2.0,30.0,0.8,0.4,10:00,14:30,80,16.2,417.21,39.1,
1812,"IWM,PLTR",5,20,2.0,30.0,0.6,0.5,10:00,15:30,81,13.6,416.91,39.0,
1813,AMD,9,26,1.0,30.0,0.8,0.4,10:00,15:30,78,19.2,416.69,38.9,
1814,"QQQ,TSLA",5,26,5.0,50.0,0.6,0.4,10:00,14:30,79,15.2,416.09,38.7,
1815,"QQQ,TSLA",5,20,2.0,50.0,0.8,0.4,10:00,14:30,79,20.3,414.75,38.2,
1816,"MSTR,COIN",5,20,1.0,50.0,0.6,0.5,10:00,14:30,81,35.8,414.34,38.1,
1817,SPY,9,26,2.0,30.0,0.8,0.4,10:00,14:30,80,18.8,413.92,38.0,
1818,"QQQ,NVDA",9,26,1.0,30.0,0.8,0.5,10:00,14:30,79,34.2,413.9,38.0,
1819,GLD,5,20,2.0,30.0,0.6,0.4,10:00,14:30,81,22.2,413.56,37.9,
1820,"NVDA,AMD",9,26,1.0,50.0,0.6,0.5,10:00,15:30,79,29.1,413.34,37.8,
1821,"MSTR,COIN",5,20,2.0,50.0,0.6,0.5,10:00,15:30,81,22.2,412.68,37.6,
1822,"SPY,NVDA",5,26,5.0,50.0,0.6,0.4,10:00,14:30,81,12.3,412.24,37.4,
1823,AMD,9,20,1.0,30.0,0.6,0.4,10:00,14:30,78,29.5,411.87,37.3,
1824,"PLTR,COIN,SMCI",5,26,1.0,30.0,0.6,0.5,10:00,15:30,81,22.2,411.32,37.1,
1825,"TSLA,RIVN",5,26,1.0,50.0,0.8,0.4,10:00,14:30,81,28.4,411.13,37.0,
1826,COIN,5,20,1.0,50.0,0.6,0.5,10:00,15:30,79,29.1,410.55,36.9,
1827,"TSLA,RIVN",5,26,2.0,30.0,0.8,0.4,10:00,14:30,81,18.5,410.53,36.8,
1828,"PLTR,COIN,SMCI",5,20,2.0,50.0,0.8,0.5,10:00,14:30,81,22.2,410.32,36.8,
1829,"PLTR,SMCI",5,26,5.0,30.0,0.8,0.4,10:00,15:30,80,10.0,410.06,36.7,
1830,"PLTR,SMCI",5,26,5.0,30.0,0.6,0.4,10:00,15:30,80,10.0,410.06,36.7,
1831,TSLA,9,20,1.0,30.0,0.6,0.5,10:00,14:30,79,35.4,409.74,36.6,
1832,SMCI,5,26,1.0,50.0,0.6,0.4,10:00,15:30,80,21.2,409.37,36.5,
1833,"TSLA,RIVN",5,26,5.0,50.0,0.6,0.5,10:00,14:30,81,21.0,408.02,36.0,
1834,"PLTR,COIN,SMCI",9,20,5.0,50.0,0.6,0.4,10:00,15:30,81,11.1,407.9,36.0,
1835,"TSLA,RIVN",9,20,1.0,30.0,0.8,0.4,10:00,14:30,80,28.7,407.32,35.8,
1836,SPY,9,26,2.0,50.0,0.8,0.4,10:00,14:30,80,18.8,407.26,35.8,
1837,"TSLA,RIVN",9,26,1.0,30.0,0.6,0.5,10:00,14:30,80,28.7,407.32,35.8,
1838,"PLTR,SMCI",9,20,1.0,50.0,0.6,0.4,10:00,15:30,79,24.1,407.52,35.8,
1839,"PLTR,SMCI",9,20,2.0,30.0,0.8,0.5,10:00,14:30,78,21.8,407.24,35.7,
1840,"TSLA,RIVN",5,26,5.0,50.0,0.8,0.5,10:00,14:30,81,21.0,406.7,35.6,
1841,"PLTR,SMCI",5,26,2.0,30.0,0.6,0.5,10:00,14:30,79,17.7,406.6,35.5,
1842,"SPY,NVDA",9,20,1.0,50.0,0.6,0.4,10:00,15:30,81,32.1,406.31,35.4,
1843,SPY,9,26,2.0,30.0,0.6,0.4,10:00,14:30,80,18.8,406.35,35.4,
1844,"PLTR,SMCI",9,26,2.0,50.0,0.6,0.5,10:00,15:30,78,16.7,405.82,35.3,
1845,"NVDA,TSLA,MSTR",9,20,2.0,30.0,0.6,0.5,10:00,14:30,81,22.2,405.44,35.1,
1846,"NVDA,TSLA,PLTR,COIN",5,26,1.0,50.0,0.8,0.4,10:00,15:30,81,19.8,405.42,35.1,
1847,"NVDA,TSLA,PLTR,COIN",5,26,2.0,50.0,0.8,0.5,10:00,14:30,81,19.8,405.17,35.1,
1848,PLTR,5,26,1.0,30.0,0.6,0.5,10:00,14:30,78,33.3,404.8,34.9,
1849,AMD,9,26,2.0,50.0,0.8,0.4,10:00,15:30,78,15.4,404.62,34.9,
1850,AMD,9,26,1.0,30.0,0.6,0.5,10:00,15:30,78,19.2,403.65,34.6,
1851,"PLTR,SMCI",5,26,1.0,30.0,0.8,0.4,10:00,14:30,79,19.0,403.63,34.5,
1852,"NVDA,TSLA,PLTR,COIN",9,26,1.0,50.0,0.8,0.4,10:00,15:30,81,21.0,403.63,34.5,
1853,"NVDA,TSLA,MSTR",9,26,2.0,30.0,0.8,0.5,10:00,14:30,81,18.5,402.76,34.3,
1854,"PLTR,SMCI",5,26,1.0,50.0,0.6,0.4,10:00,15:30,80,23.8,402.89,34.3,
1855,SPY,5,26,5.0,50.0,0.6,0.5,10:00,15:30,81,14.8,402.51,34.2,
1856,AMD,5,26,2.0,30.0,0.8,0.5,10:00,15:30,78,19.2,402.73,34.2,
1857,GLD,5,20,2.0,30.0,0.8,0.4,10:00,14:30,81,22.2,402.68,34.2,
1858,COIN,9,20,1.0,30.0,0.6,0.5,10:00,15:30,81,19.8,402.64,34.2,
1859,"TSLA,RIVN",5,26,1.0,30.0,0.8,0.5,10:00,14:30,81,29.6,402.16,34.1,
1860,"SPY,NVDA",5,26,5.0,30.0,0.8,0.4,10:00,14:30,81,12.3,402.31,34.1,
1861,MSTR,5,20,1.0,50.0,0.6,0.4,10:00,14:30,78,39.7,401.88,34.0,
1862,PLTR,9,26,1.0,50.0,0.6,0.5,10:00,15:30,78,28.2,402.11,34.0,
1863,"IWM,PLTR",5,26,1.0,30.0,0.6,0.5,10:00,15:30,80,21.2,401.53,33.8,
1864,COIN,5,20,1.0,30.0,0.8,0.4,10:00,15:30,80,22.5,401.35,33.8,
1865,"MSTR,COIN",5,20,2.0,50.0,0.8,0.5,10:00,15:30,81,21.0,400.6,33.5,
1866,"QQQ,NVDA",9,20,5.0,50.0,0.8,0.4,10:00,14:30,80,12.5,400.45,33.5,
1867,"SPY,NVDA",9,26,1.0,30.0,0.6,0.5,10:00,14:30,80,33.8,400.29,33.4,
1868,"QQQ,TSLA",9,20,5.0,50.0,0.6,0.4,10:00,15:30,81,9.9,400.13,33.4,
1869,PLTR,9,20,1.0,50.0,0.6,0.4,10:00,15:30,78,24.4,400.28,33.4,
1870,"PLTR,SMCI",9,26,1.0,30.0,0.6,0.4,10:00,14:30,78,26.9,399.51,33.2,
1871,"TSLA,RIVN",5,26,1.0,30.0,0.8,0.4,10:00,14:30,81,27.2,399.67,33.2,
1872,SPY,9,26,2.0,50.0,0.6,0.4,10:00,14:30,80,18.8,399.69,33.2,
1873,"PLTR,SMCI",5,20,1.0,30.0,0.6,0.4,10:00,15:30,81,22.2,399.27,33.1,
1874,AMD,5,20,5.0,30.0,0.6,0.5,10:00,15:30,78,16.7,399.42,33.1,
1875,"SPY,NVDA",9,26,1.0,50.0,0.6,0.5,10:00,14:30,80,41.2,399.21,33.1,
1876,SMCI,5,26,1.0,50.0,0.8,0.5,10:00,15:30,80,20.0,399.05,33.0,
1877,"NVDA,TSLA",9,26,5.0,50.0,0.8,0.4,10:00,14:30,81,14.8,399.01,33.0,
1878,"NVDA,AMD",9,20,2.0,50.0,0.8,0.4,10:00,15:30,80,15.0,398.75,32.9,
1879,"NVDA,TSLA,PLTR,COIN",5,26,5.0,50.0,0.6,0.4,10:00,15:30,81,8.6,398.64,32.9,
1880,"QQQ,NVDA",9,20,5.0,50.0,0.6,0.4,10:00,14:30,80,12.5,398.64,32.9,
1881,SMCI,5,26,1.0,30.0,0.8,0.5,10:00,14:30,79,24.1,398.13,32.7,
1882,"QQQ,NVDA",5,26,1.0,30.0,0.6,0.5,10:00,14:30,79,35.4,397.81,32.6,
1883,"TSLA,RIVN",9,20,1.0,30.0,0.6,0.4,10:00,14:30,80,27.5,397.38,32.5,
1884,"NVDA,TSLA",9,26,5.0,50.0,0.6,0.4,10:00,14:30,81,14.8,397.28,32.4,
1885,"NVDA,TSLA,MSTR",9,26,2.0,30.0,0.8,0.4,10:00,15:30,81,14.8,397.12,32.4,
1886,"SPY,NVDA",9,20,1.0,50.0,0.6,0.5,10:00,15:30,81,35.8,396.78,32.3,
1887,"QQQ,NVDA",5,26,2.0,50.0,0.8,0.4,10:00,15:30,81,13.6,396.09,32.0,
1888,AMD,5,26,1.0,50.0,0.8,0.4,10:00,15:30,78,21.8,395.66,31.9,
1889,"NVDA,AMD",5,20,2.0,30.0,0.8,0.4,10:00,15:30,80,11.2,395.81,31.9,
1890,"NVDA,TSLA,PLTR,COIN",5,26,2.0,50.0,0.6,0.5,10:00,15:30,81,16.0,395.42,31.8,
1891,SPY,5,26,2.0,30.0,0.6,0.4,10:00,15:30,81,16.0,394.73,31.6,
1892,"PLTR,SMCI",9,20,2.0,30.0,0.8,0.4,10:00,15:30,79,11.4,394.6,31.5,
1893,"PLTR,SMCI",5,20,1.0,50.0,0.6,0.5,10:00,14:30,81,33.3,394.38,31.5,
1894,"NVDA,TSLA,PLTR,COIN",9,20,1.0,50.0,0.8,0.4,10:00,15:30,81,18.5,394.11,31.4,
1895,SMCI,5,26,1.0,30.0,0.6,0.4,10:00,15:30,80,20.0,394.34,31.4,
1896,SMCI,9,26,2.0,50.0,0.8,0.5,10:00,15:30,78,11.5,393.63,31.2,
1897,"PLTR,COIN,SMCI",9,20,2.0,50.0,0.6,0.4,10:00,15:30,81,16.0,393.35,31.1,
1898,AMD,9,20,1.0,50.0,0.6,0.5,10:00,14:30,78,30.8,393.32,31.1,
1899,"PLTR,SMCI",9,20,2.0,50.0,0.8,0.5,10:00,14:30,78,21.8,392.67,30.9,
1900,"TSLA,RIVN",5,26,2.0,50.0,0.8,0.4,10:00,14:30,81,21.0,392.22,30.7,
1901,TSLA,9,20,5.0,30.0,0.6,0.5,10:00,14:30,79,15.2,391.54,30.5,
1902,"AMD,TSLA,NVDA",9,26,1.0,30.0,0.6,0.5,10:00,15:30,81,27.2,391.36,30.5,
1903,PLTR,9,26,1.0,50.0,0.6,0.5,10:00,14:30,77,32.5,390.88,30.3,
1904,"SPY,QQQ,NVDA",5,26,1.0,30.0,0.8,0.4,10:00,15:30,81,18.5,390.48,30.2,
1905,"SPY,QQQ,NVDA",9,26,1.0,30.0,0.8,0.4,10:00,15:30,81,21.0,390.48,30.2,
1906,"QQQ,TSLA",5,20,1.0,30.0,0.8,0.5,10:00,15:30,81,24.7,390.73,30.2,
1907,"SPY,NVDA",5,26,5.0,50.0,0.8,0.4,10:00,14:30,81,12.3,390.15,30.1,
1908,AMD,5,26,5.0,30.0,0.6,0.4,10:00,15:30,78,10.3,389.84,29.9,
1909,SPY,9,20,2.0,50.0,0.6,0.4,10:00,14:30,80,15.0,389.63,29.9,
1910,SPY,5,20,1.0,30.0,0.6,0.5,10:00,15:30,80,26.2,388.88,29.6,
1911,AMD,5,26,1.0,50.0,0.6,0.4,10:00,15:30,78,21.8,387.82,29.3,
1912,AMD,5,20,1.0,30.0,0.6,0.4,10:00,15:30,78,16.7,387.96,29.3,
1913,SPY,9,20,2.0,30.0,0.6,0.4,10:00,14:30,80,15.0,387.62,29.2,
1914,TSLA,9,20,2.0,50.0,0.6,0.4,10:00,15:30,80,22.5,387.31,29.1,
1915,"QQQ,TSLA",5,20,1.0,50.0,0.6,0.5,10:00,14:30,79,32.9,387.42,29.1,
1916,"SPY,NVDA",9,26,1.0,50.0,0.6,0.4,10:00,14:30,80,33.8,386.79,28.9,
1917,AMD,5,20,1.0,30.0,0.6,0.5,10:00,15:30,78,24.4,386.46,28.8,
1918,TSLA,9,20,2.0,30.0,0.6,0.4,10:00,14:30,79,19.0,386.47,28.8,
1919,SMCI,5,20,5.0,50.0,0.8,0.5,10:00,15:30,81,12.3,385.86,28.6,
1920,"SPY,NVDA",9,26,1.0,50.0,0.8,0.5,10:00,15:30,81,28.4,385.68,28.6,
1921,SMCI,5,20,5.0,50.0,0.6,0.5,10:00,15:30,81,12.3,385.86,28.6,
1922,"NVDA,TSLA,PLTR,COIN",5,26,2.0,30.0,0.8,0.5,10:00,15:30,81,13.6,385.46,28.5,
1923,"NVDA,TSLA,MSTR",9,20,2.0,50.0,0.6,0.5,10:00,14:30,81,22.2,385.21,28.4,
1924,"QQQ,TSLA",5,20,1.0,30.0,0.6,0.5,10:00,15:30,81,27.2,385.31,28.4,
1925,"QQQ,NVDA",9,20,2.0,50.0,0.6,0.4,10:00,15:30,81,17.3,384.82,28.3,
1926,"AMD,TSLA,NVDA",9,20,5.0,30.0,0.8,0.4,10:00,14:30,81,12.3,384.51,28.2,
1927,"NVDA,TSLA,PLTR,COIN",5,26,1.0,50.0,0.8,0.5,10:00,14:30,81,27.2,384.48,28.2,
1928,"NVDA,AMD",5,20,2.0,30.0,0.6,0.4,10:00,14:30,80,17.5,384.73,28.2,
1929,"NVDA,TSLA,PLTR,COIN",9,26,2.0,50.0,0.8,0.4,10:00,15:30,81,16.0,384.34,28.1,
1930,"QQQ,NVDA",9,26,2.0,30.0,0.8,0.5,10:00,14:30,79,21.5,384.41,28.1,
1931,"QQQ,TSLA",5,26,5.0,50.0,0.8,0.4,10:00,14:30,79,15.2,384.11,28.0,
1932,AMD,9,20,2.0,50.0,0.8,0.4,10:00,14:30,78,23.1,384.08,28.0,
1933,"TSLA,RIVN",5,26,5.0,30.0,0.8,0.4,10:00,15:30,81,8.6,383.75,27.9,
1934,"MSTR,COIN",5,20,1.0,30.0,0.8,0.4,10:00,15:30,81,22.2,383.2,27.7,
1935,PLTR,9,20,1.0,30.0,0.6,0.5,10:00,15:30,78,23.1,383.0,27.7,
1936,"PLTR,SMCI",5,20,5.0,50.0,0.6,0.5,10:00,14:30,81,18.5,383.0,27.7,
1937,"PLTR,SMCI",5,20,5.0,50.0,0.8,0.5,10:00,14:30,81,18.5,383.0,27.7,
1938,"PLTR,SMCI",9,26,2.0,50.0,0.8,0.5,10:00,14:30,78,24.4,382.76,27.6,
1939,COIN,5,20,1.0,30.0,0.6,0.4,10:00,14:30,80,30.0,382.72,27.6,
1940,"IWM,PLTR",9,26,1.0,50.0,0.6,0.4,10:00,15:30,81,23.5,382.8,27.6,
1941,"SPY,QQQ,NVDA",9,20,2.0,50.0,0.8,0.5,10:00,14:30,81,19.8,382.48,27.5,
1942,GLD,9,20,1.0,50.0,0.6,0.5,10:00,14:30,79,26.6,382.2,27.4,
1943,"QQQ,NVDA",9,26,2.0,50.0,0.8,0.5,10:00,15:30,80,18.8,382.26,27.4,
1944,"SPY,QQQ,NVDA",5,26,1.0,30.0,0.8,0.4,10:00,14:30,81,28.4,381.2,27.1,
1945,"TSLA,RIVN",5,20,5.0,30.0,0.8,0.4,10:00,14:30,81,12.3,381.38,27.1,
1946,SPY,5,20,2.0,30.0,0.6,0.5,10:00,15:30,80,18.8,381.42,27.1,
1947,MSTR,9,20,2.0,50.0,0.6,0.4,10:00,14:30,78,24.4,381.27,27.1,
1948,PLTR,5,26,1.0,30.0,0.6,0.5,10:00,15:30,78,21.8,380.91,27.0,
1949,"PLTR,SMCI",9,20,2.0,30.0,0.6,0.4,10:00,15:30,79,12.7,380.59,26.9,
1950,"PLTR,SMCI",9,26,1.0,50.0,0.6,0.4,10:00,14:30,78,26.9,380.38,26.8,
1951,"QQQ,MSTR",5,20,1.0,50.0,0.6,0.5,10:00,15:30,81,42.0,380.45,26.8,
1952,"QQQ,TSLA",9,20,2.0,30.0,0.8,0.4,10:00,15:30,81,11.1,380.51,26.8,
1953,"NVDA,AMD",5,20,2.0,50.0,0.6,0.4,10:00,14:30,80,17.5,379.96,26.7,
1954,COIN,5,20,2.0,30.0,0.6,0.4,10:00,15:30,81,14.8,379.86,26.6,
1955,COIN,5,20,1.0,50.0,0.6,0.5,10:00,14:30,79,32.9,379.67,26.6,
1956,SMCI,9,20,1.0,50.0,0.6,0.5,10:00,14:30,78,28.2,379.7,26.6,
1957,"NVDA,TSLA",9,20,2.0,50.0,0.8,0.4,10:00,15:30,81,14.8,379.78,26.6,
1958,AMD,5,26,2.0,30.0,0.8,0.4,10:00,14:30,78,21.8,378.82,26.3,
1959,SPY,5,20,1.0,50.0,0.6,0.4,10:00,14:30,79,36.7,378.82,26.3,
1960,"QQQ,TSLA",5,20,1.0,50.0,0.6,0.4,10:00,14:30,79,30.4,378.59,26.2,
1961,"TSLA,RIVN",5,26,1.0,50.0,0.8,0.5,10:00,14:30,81,29.6,378.62,26.2,
1962,TSLA,9,20,1.0,30.0,0.8,0.5,10:00,14:30,79,35.4,378.65,26.2,
1963,TSLA,5,26,1.0,30.0,0.6,0.5,10:00,15:30,80,28.7,377.82,25.9,
1964,COIN,5,20,1.0,30.0,0.8,0.5,10:00,14:30,79,30.4,377.58,25.9,
1965,"PLTR,SMCI",9,20,2.0,50.0,0.6,0.4,10:00,14:30,78,16.7,377.15,25.7,
1966,AMD,9,20,1.0,50.0,0.6,0.4,10:00,14:30,78,33.3,377.01,25.7,
1967,PLTR,5,20,1.0,30.0,0.6,0.5,10:00,15:30,79,25.3,377.23,25.7,
1968,"QQQ,TSLA",5,20,5.0,50.0,0.6,0.5,10:00,14:30,79,16.5,376.94,25.6,
1969,"PLTR,SMCI",9,20,1.0,30.0,0.6,0.4,10:00,15:30,79,21.5,376.14,25.4,
1970,"NVDA,TSLA,PLTR,COIN",9,26,1.0,30.0,0.6,0.5,10:00,15:30,81,23.5,375.9,25.3,
1971,PLTR,9,26,1.0,50.0,0.6,0.4,10:00,14:30,78,28.2,375.82,25.3,
1972,"QQQ,TSLA",5,20,1.0,50.0,0.8,0.5,10:00,15:30,81,28.4,375.91,25.3,
1973,SPY,9,20,2.0,50.0,0.8,0.5,10:00,15:30,81,17.3,375.08,25.0,
1974,"PLTR,SMCI",9,20,1.0,30.0,0.8,0.4,10:00,14:30,78,21.8,375.08,25.0,
1975,AMD,5,26,2.0,50.0,0.8,0.5,10:00,15:30,78,19.2,374.58,24.9,
1976,AMD,9,20,2.0,50.0,0.8,0.5,10:00,15:30,78,17.9,374.58,24.9,
1977,"QQQ,NVDA",9,20,1.0,30.0,0.8,0.5,10:00,14:30,79,34.2,374.6,24.9,
1978,TSLA,9,20,5.0,30.0,0.8,0.4,10:00,14:30,80,11.2,374.09,24.7,
1979,GLD,5,20,2.0,50.0,0.6,0.4,10:00,14:30,81,23.5,374.13,24.7,
1980,SMCI,5,26,1.0,50.0,0.6,0.5,10:00,15:30,80,21.2,373.99,24.7,
1981,"TSLA,RIVN",5,26,2.0,30.0,0.8,0.5,10:00,14:30,81,21.0,374.11,24.7,
1982,"NVDA,TSLA,PLTR,COIN",5,26,1.0,30.0,0.6,0.5,10:00,15:30,81,21.0,373.72,24.6,
1983,"MSTR,COIN",5,20,1.0,30.0,0.6,0.5,10:00,14:30,81,32.1,373.78,24.6,
1984,"PLTR,SMCI",9,20,2.0,50.0,0.8,0.4,10:00,15:30,79,13.9,373.34,24.4,
1985,"TSLA,RIVN",5,26,2.0,50.0,0.8,0.5,10:00,14:30,81,24.7,372.76,24.3,
1986,"PLTR,COIN,SMCI",5,20,2.0,30.0,0.8,0.5,10:00,14:30,81,21.0,372.86,24.3,
1987,COIN,5,20,2.0,30.0,0.6,0.5,10:00,14:30,81,25.9,372.64,24.2,
1988,"QQQ,NVDA",9,20,1.0,50.0,0.8,0.5,10:00,14:30,79,38.0,372.59,24.2,
1989,"PLTR,SMCI",5,26,1.0,30.0,0.6,0.5,10:00,15:30,80,18.8,372.29,24.1,
1990,"AMD,TSLA,NVDA",9,20,5.0,30.0,0.6,0.4,10:00,14:30,81,12.3,372.38,24.1,
1991,SMCI,9,20,1.0,50.0,0.6,0.4,10:00,14:30,78,28.2,371.89,24.0,
1992,"QQQ,NVDA",9,26,2.0,50.0,0.6,0.4,10:00,15:30,80,17.5,371.93,24.0,
1993,COIN,5,20,1.0,30.0,0.6,0.5,10:00,14:30,79,30.4,371.91,24.0,
1994,"SPY,QQQ,NVDA",9,26,2.0,50.0,0.8,0.4,10:00,15:30,81,12.3,371.39,23.8,
1995,"SPY,NVDA",9,26,1.0,50.0,0.8,0.4,10:00,14:30,80,30.0,371.18,23.7,
1996,"SPY,QQQ,NVDA",9,26,2.0,30.0,0.8,0.4,10:00,15:30,81,12.3,370.92,23.6,
1997,"QQQ,NVDA",9,26,1.0,50.0,0.6,0.5,10:00,14:30,79,39.2,370.68,23.6,
1998,"QQQ,NVDA",9,26,2.0,50.0,0.8,0.5,10:00,14:30,79,22.8,370.88,23.6,
1999,MSTR,5,20,2.0,30.0,0.8,0.4,10:00,14:30,78,19.2,370.85,23.6,
2000,"QQQ,TSLA",5,20,2.0,50.0,0.6,0.4,10:00,14:30,79,20.3,370.58,23.5,
2001,"QQQ,TSLA",9,20,5.0,30.0,0.6,0.5,10:00,14:30,79,8.9,370.41,23.5,
2002,"IWM,PLTR",5,20,2.0,30.0,0.8,0.5,10:00,15:30,81,13.6,370.55,23.5,
2003,GLD,5,20,2.0,50.0,0.8,0.4,10:00,14:30,81,23.5,370.42,23.5,
2004,"SPY,QQQ,NVDA",5,26,1.0,30.0,0.6,0.4,10:00,14:30,81,29.6,370.05,23.4,
2005,"PLTR,SMCI",5,20,1.0,50.0,0.6,0.4,10:00,14:30,81,29.6,369.59,23.2,
2006,SMCI,5,26,1.0,50.0,0.8,0.4,10:00,14:30,79,21.5,369.04,23.0,
2007,"SPY,QQQ,NVDA",9,20,2.0,30.0,0.6,0.5,10:00,14:30,81,19.8,368.89,23.0,
2008,SMCI,5,26,1.0,50.0,0.6,0.4,10:00,14:30,79,21.5,368.59,22.9,
2009,TSLA,5,20,2.0,50.0,0.8,0.4,10:00,15:30,80,17.5,368.68,22.9,
2010,"NVDA,TSLA,PLTR,COIN",5,26,5.0,30.0,0.6,0.5,10:00,15:30,81,8.6,368.36,22.8,
2011,"TSLA,RIVN",9,26,2.0,50.0,0.8,0.4,10:00,14:30,81,22.2,368.36,22.8,
2012,TSLA,5,26,1.0,30.0,0.6,0.4,10:00,15:30,80,26.2,368.46,22.8,
2013,"TSLA,RIVN",5,20,5.0,30.0,0.6,0.4,10:00,14:30,81,12.3,368.28,22.8,
2014,MSTR,9,26,2.0,30.0,0.6,0.4,10:00,15:30,78,11.5,368.19,22.7,
2015,NVDA,9,20,2.0,50.0,0.8,0.4,10:00,15:30,80,8.8,367.23,22.4,
2016,"SPY,QQQ,NVDA",5,26,1.0,30.0,0.6,0.5,10:00,15:30,81,25.9,367.09,22.4,
2017,NVDA,9,20,2.0,30.0,0.8,0.4,10:00,15:30,80,8.8,367.23,22.4,
2018,TSLA,9,26,1.0,50.0,0.8,0.4,10:00,14:30,79,38.0,367.18,22.4,
2019,"PLTR,SMCI",5,20,1.0,30.0,0.8,0.5,10:00,15:30,81,21.0,366.88,22.3,
2020,AMD,9,26,1.0,30.0,0.8,0.5,10:00,15:30,78,20.5,366.7,22.2,
2021,"PLTR,SMCI",9,20,2.0,30.0,0.6,0.4,10:00,14:30,78,15.4,366.58,22.2,
2022,"QQQ,TSLA",5,20,2.0,30.0,0.8,0.5,10:00,14:30,79,20.3,365.93,22.0,
2023,"QQQ,TSLA",5,20,2.0,30.0,0.6,0.4,10:00,15:30,81,13.6,366.01,22.0,
2024,"SPY,NVDA",9,26,2.0,50.0,0.6,0.5,10:00,15:30,81,16.0,365.76,21.9,
2025,"PLTR,COIN,SMCI",9,20,1.0,30.0,0.8,0.5,10:00,14:30,81,25.9,365.41,21.8,
2026,"SPY,NVDA",5,20,2.0,50.0,0.8,0.4,10:00,15:30,81,12.3,365.31,21.8,
2027,"PLTR,SMCI",9,26,2.0,30.0,0.6,0.5,10:00,14:30,78,23.1,365.28,21.8,
2028,"PLTR,SMCI",5,26,2.0,50.0,0.8,0.5,10:00,14:30,79,19.0,365.11,21.7,
2029,"NVDA,TSLA,PLTR,COIN",9,20,2.0,30.0,0.8,0.5,10:00,15:30,81,12.3,364.44,21.5,
2030,SMCI,5,20,1.0,30.0,0.6,0.4,10:00,15:30,81,17.3,364.39,21.5,
2031,"PLTR,SMCI",9,26,2.0,30.0,0.8,0.5,10:00,14:30,78,23.1,364.39,21.5,
2032,MSTR,5,20,2.0,30.0,0.6,0.4,10:00,14:30,78,19.2,364.2,21.4,
2033,"QQQ,TSLA",9,20,2.0,30.0,0.8,0.4,10:00,14:30,79,15.2,364.29,21.4,
2034,PLTR,5,20,1.0,50.0,0.6,0.4,10:00,15:30,80,26.2,363.69,21.2,
2035,SMCI,5,20,1.0,30.0,0.8,0.4,10:00,14:30,80,20.0,363.18,21.1,
2036,"NVDA,AMD",9,20,2.0,50.0,0.6,0.5,10:00,15:30,79,19.0,363.35,21.1,
2037,"QQQ,TSLA",9,20,1.0,50.0,0.8,0.5,10:00,15:30,81,33.3,363.05,21.0,
2038,PLTR,5,26,1.0,50.0,0.6,0.5,10:00,15:30,78,25.6,362.95,21.0,
2039,TSLA,9,26,2.0,30.0,0.6,0.4,10:00,15:30,81,17.3,361.91,20.6,
2040,AMD,9,20,1.0,30.0,0.8,0.4,10:00,14:30,78,26.9,361.59,20.5,
2041,AMD,9,26,1.0,30.0,0.6,0.4,10:00,15:30,78,19.2,361.37,20.5,
2042,SPY,9,20,2.0,50.0,0.8,0.4,10:00,15:30,81,11.1,361.35,20.4,
2043,TSLA,9,26,2.0,30.0,0.6,0.4,10:00,14:30,80,16.2,360.97,20.3,
2044,"SPY,QQQ,NVDA",9,26,1.0,30.0,0.8,0.5,10:00,15:30,81,23.5,360.76,20.3,
2045,"PLTR,SMCI",9,20,5.0,50.0,0.8,0.5,10:00,15:30,79,12.7,360.85,20.3,
2046,"PLTR,SMCI",9,20,5.0,50.0,0.6,0.5,10:00,15:30,79,12.7,360.85,20.3,
2047,"NVDA,TSLA,PLTR,COIN",5,20,2.0,30.0,0.6,0.4,10:00,14:30,81,17.3,360.63,20.2,
2048,SPY,5,20,2.0,50.0,0.6,0.5,10:00,14:30,79,29.1,359.85,20.0,
2049,TSLA,9,26,1.0,50.0,0.6,0.4,10:00,14:30,79,36.7,359.58,19.9,
2050,AMD,9,26,5.0,30.0,0.8,0.4,10:00,15:30,78,10.3,359.64,19.9,
2051,AMD,5,26,2.0,50.0,0.6,0.4,10:00,14:30,78,21.8,359.13,19.7,
2052,"PLTR,COIN,SMCI",9,20,5.0,50.0,0.8,0.4,10:00,15:30,81,9.9,358.4,19.5,
2053,"PLTR,COIN,SMCI",9,26,2.0,50.0,0.6,0.4,10:00,15:30,81,13.6,358.53,19.5,
2054,SPY,5,20,1.0,50.0,0.8,0.4,10:00,14:30,79,34.2,358.42,19.5,
2055,"SPY,QQQ,NVDA",9,20,1.0,30.0,0.8,0.4,10:00,14:30,81,28.4,358.59,19.5,
2056,"QQQ,TSLA",5,20,1.0,30.0,0.6,0.5,10:00,14:30,79,29.1,358.24,19.4,
2057,"QQQ,NVDA",9,20,2.0,30.0,0.8,0.5,10:00,14:30,79,21.5,358.01,19.3,
2058,SMCI,5,26,1.0,30.0,0.6,0.4,10:00,14:30,79,20.3,356.4,18.8,
2059,"QQQ,NVDA",5,20,2.0,50.0,0.8,0.5,10:00,14:30,79,24.1,356.41,18.8,
2060,"NVDA,TSLA,PLTR,COIN",5,26,2.0,30.0,0.8,0.5,10:00,14:30,81,17.3,356.26,18.8,
2061,"QQQ,TSLA",5,20,1.0,30.0,0.8,0.5,10:00,14:30,79,30.4,356.14,18.7,
2062,"PLTR,SMCI",5,20,1.0,30.0,0.6,0.4,10:00,14:30,81,24.7,355.85,18.6,
2063,GLD,9,26,2.0,30.0,0.8,0.5,10:00,14:30,79,22.8,355.47,18.5,
2064,GLD,9,26,2.0,30.0,0.6,0.5,10:00,14:30,79,22.8,355.47,18.5,
2065,"NVDA,TSLA,MSTR",5,26,2.0,30.0,0.6,0.4,10:00,14:30,81,19.8,355.08,18.4,
2066,SMCI,9,26,1.0,50.0,0.6,0.5,10:00,15:30,78,17.9,354.26,18.1,
2067,"IWM,PLTR",5,20,2.0,30.0,0.8,0.4,10:00,15:30,81,9.9,354.25,18.1,
2068,GLD,9,20,1.0,30.0,0.8,0.5,10:00,14:30,79,25.3,354.38,18.1,
2069,SPY,9,20,2.0,50.0,0.8,0.4,10:00,14:30,80,15.0,353.65,17.9,
2070,"QQQ,NVDA",9,26,2.0,30.0,0.6,0.5,10:00,15:30,80,17.5,353.78,17.9,
2071,AMD,5,26,2.0,30.0,0.6,0.4,10:00,14:30,78,21.8,353.77,17.9,
2072,SMCI,5,26,1.0,30.0,0.8,0.4,10:00,14:30,79,20.3,353.11,17.7,
2073,"PLTR,SMCI",5,20,1.0,50.0,0.8,0.4,10:00,14:30,81,27.2,352.54,17.5,
2074,SPY,9,20,5.0,30.0,0.6,0.5,10:00,14:30,80,12.5,352.19,17.4,
2075,SPY,9,20,5.0,50.0,0.8,0.5,10:00,14:30,80,12.5,352.19,17.4,
2076,"PLTR,SMCI",9,20,2.0,50.0,0.8,0.4,10:00,14:30,78,16.7,352.28,17.4,
2077,SPY,9,20,5.0,30.0,0.8,0.5,10:00,14:30,80,12.5,352.19,17.4,
2078,SPY,9,20,5.0,50.0,0.6,0.5,10:00,14:30,80,12.5,352.19,17.4,
2079,PLTR,9,26,1.0,30.0,0.6,0.5,10:00,14:30,77,31.2,352.18,17.4,
2080,AMD,9,26,1.0,50.0,0.6,0.4,10:00,15:30,78,21.8,351.83,17.3,
2081,"SPY,NVDA",9,26,1.0,50.0,0.6,0.5,10:00,15:30,81,25.9,351.58,17.2,
2082,"SPY,QQQ,NVDA",9,20,2.0,50.0,0.6,0.5,10:00,14:30,81,19.8,351.45,17.1,
2083,SPY,5,26,2.0,30.0,0.6,0.4,10:00,14:30,80,15.0,350.84,16.9,
2084,TSLA,5,26,2.0,50.0,0.8,0.4,10:00,15:30,80,21.2,350.76,16.9,
2085,"PLTR,SMCI",9,20,1.0,50.0,0.8,0.4,10:00,14:30,78,21.8,350.0,16.7,
2086,MSTR,5,20,1.0,30.0,0.8,0.5,10:00,14:30,78,34.6,350.04,16.7,
2087,"MSTR,RIVN,SMCI,COIN",9,20,5.0,50.0,0.8,0.4,10:00,14:30,81,13.6,349.7,16.6,
2088,"MSTR,RIVN,SMCI,COIN",9,20,5.0,50.0,0.6,0.4,10:00,14:30,81,13.6,349.7,16.6,
2089,"TSLA,RIVN",9,26,1.0,50.0,0.6,0.5,10:00,14:30,80,28.7,349.65,16.5,
2090,"NVDA,TSLA",9,26,2.0,50.0,0.6,0.5,10:00,15:30,81,24.7,349.35,16.4,
2091,"QQQ,NVDA",9,26,2.0,50.0,0.6,0.5,10:00,15:30,80,18.8,348.6,16.2,
2092,"NVDA,TSLA,PLTR,COIN",9,20,1.0,30.0,0.8,0.4,10:00,15:30,81,16.0,348.4,16.1,
2093,SPY,5,20,2.0,50.0,0.8,0.5,10:00,14:30,79,27.8,347.81,15.9,
2094,TSLA,9,26,1.0,30.0,0.8,0.5,10:00,14:30,79,31.6,347.69,15.9,
2095,PLTR,9,20,1.0,50.0,0.6,0.5,10:00,14:30,78,29.5,347.28,15.8,
2096,"QQQ,NVDA",5,26,2.0,50.0,0.6,0.4,10:00,15:30,81,14.8,347.14,15.7,
2097,"MSTR,RIVN,SMCI,COIN",9,20,5.0,30.0,0.8,0.4,10:00,14:30,81,13.6,346.81,15.6,
2098,AMD,9,26,1.0,30.0,0.6,0.4,10:00,14:30,78,23.1,346.81,15.6,
2099,"MSTR,RIVN,SMCI,COIN",9,20,5.0,30.0,0.6,0.4,10:00,14:30,81,13.6,346.81,15.6,
2100,SPY,9,20,2.0,30.0,0.8,0.4,10:00,14:30,80,15.0,346.56,15.5,
2101,"PLTR,COIN,SMCI",5,26,5.0,50.0,0.6,0.5,10:00,15:30,81,12.3,346.18,15.4,
2102,"PLTR,COIN,SMCI",5,26,5.0,50.0,0.8,0.5,10:00,15:30,81,12.3,346.18,15.4,
2103,SMCI,5,26,1.0,50.0,0.8,0.5,10:00,14:30,79,24.1,346.15,15.4,
2104,SPY,9,20,1.0,50.0,0.8,0.4,10:00,15:30,81,23.5,345.81,15.3,
2105,"SPY,QQQ,NVDA",5,26,1.0,50.0,0.6,0.4,10:00,14:30,81,30.9,345.56,15.2,
2106,"QQQ,TSLA",9,20,5.0,50.0,0.8,0.4,10:00,14:30,79,12.7,345.5,15.2,
2107,"QQQ,NVDA",9,26,1.0,50.0,0.8,0.5,10:00,14:30,79,36.7,345.4,15.1,
2108,TSLA,5,20,1.0,30.0,0.8,0.4,10:00,15:30,80,25.0,345.17,15.1,
2109,SPY,9,20,1.0,30.0,0.8,0.4,10:00,15:30,81,21.0,344.6,14.9,
2110,SMCI,5,26,1.0,30.0,0.6,0.5,10:00,15:30,80,20.0,344.53,14.8,
2111,"TSLA,RIVN",9,26,1.0,50.0,0.8,0.5,10:00,14:30,80,28.7,344.54,14.8,
2112,AMD,9,26,2.0,50.0,0.8,0.5,10:00,14:30,78,20.5,343.85,14.6,
2113,PLTR,5,20,1.0,30.0,0.6,0.5,10:00,14:30,79,30.4,343.49,14.5,
2114,"QQQ,NVDA",9,20,2.0,50.0,0.8,0.5,10:00,14:30,79,21.5,343.44,14.5,
2115,SMCI,5,20,1.0,30.0,0.8,0.4,10:00,15:30,81,16.0,343.11,14.4,
2116,"PLTR,COIN,SMCI",5,26,1.0,30.0,0.8,0.4,10:00,14:30,81,21.0,343.07,14.4,
2117,AMD,9,26,2.0,30.0,0.6,0.4,10:00,14:30,78,17.9,343.02,14.3,
2118,"AMD,TSLA,NVDA",9,26,2.0,50.0,0.6,0.5,10:00,15:30,81,18.5,342.53,14.2,
2119,"NVDA,TSLA,PLTR,COIN",9,26,1.0,30.0,0.8,0.4,10:00,15:30,81,18.5,342.54,14.2,
2120,AMD,9,20,2.0,30.0,0.8,0.5,10:00,14:30,78,23.1,342.68,14.2,
2121,SPY,5,26,2.0,30.0,0.6,0.5,10:00,14:30,80,18.8,342.16,14.1,
2122,"PLTR,SMCI",5,20,2.0,30.0,0.8,0.4,10:00,15:30,81,11.1,342.43,14.1,
2123,NVDA,9,20,2.0,30.0,0.6,0.4,10:00,15:30,80,10.0,341.93,14.0,
2124,PLTR,9,20,1.0,30.0,0.6,0.4,10:00,15:30,78,20.5,342.0,14.0,
2125,NVDA,9,20,2.0,50.0,0.6,0.4,10:00,15:30,80,10.0,341.93,14.0,
2126,"IWM,PLTR",5,20,1.0,50.0,0.6,0.4,10:00,15:30,81,22.2,341.78,13.9,
2127,SPY,5,26,2.0,30.0,0.8,0.5,10:00,14:30,80,18.8,341.61,13.9,
2128,"QQQ,NVDA",5,26,1.0,50.0,0.8,0.4,10:00,14:30,79,36.7,341.51,13.8,
2129,"QQQ,TSLA",9,20,1.0,30.0,0.6,0.4,10:00,15:30,81,22.2,341.24,13.7,
2130,"MSTR,RIVN,SMCI,COIN",9,20,2.0,30.0,0.6,0.4,10:00,14:30,81,13.6,340.9,13.6,
2131,PLTR,5,20,1.0,50.0,0.6,0.5,10:00,15:30,79,27.8,340.57,13.5,
2132,COIN,9,26,1.0,50.0,0.6,0.5,10:00,14:30,79,32.9,340.52,13.5,
2133,SPY,5,26,2.0,50.0,0.6,0.4,10:00,14:30,80,15.0,339.79,13.3,
2134,"NVDA,TSLA,MSTR",9,26,2.0,30.0,0.8,0.5,10:00,15:30,81,14.8,339.89,13.3,
2135,"QQQ,TSLA",5,20,1.0,30.0,0.6,0.4,10:00,15:30,81,22.2,339.53,13.2,
2136,"MSTR,COIN",5,20,1.0,30.0,0.6,0.4,10:00,14:30,81,28.4,339.2,13.1,
2137,COIN,5,20,1.0,50.0,0.8,0.5,10:00,14:30,79,31.6,339.01,13.0,
2138,SPY,9,20,2.0,50.0,0.6,0.5,10:00,14:30,80,17.5,339.07,13.0,
2139,AMD,9,26,1.0,30.0,0.8,0.4,10:00,14:30,78,23.1,338.69,12.9,
2140,"PLTR,COIN,SMCI",5,20,5.0,30.0,0.6,0.5,10:00,14:30,81,16.0,338.4,12.8,
2141,SPY,9,20,2.0,50.0,0.6,0.5,10:00,15:30,81,17.3,338.45,12.8,
2142,"PLTR,COIN,SMCI",5,20,5.0,30.0,0.8,0.5,10:00,14:30,81,16.0,338.4,12.8,
2143,SMCI,5,20,2.0,30.0,0.6,0.4,10:00,14:30,80,16.2,338.34,12.8,
2144,SPY,9,20,1.0,50.0,0.8,0.5,10:00,15:30,80,27.5,338.38,12.8,
2145,SMCI,5,20,2.0,50.0,0.6,0.4,10:00,14:30,80,16.2,338.34,12.8,
2146,"PLTR,SMCI",9,20,2.0,30.0,0.8,0.4,10:00,14:30,78,15.4,338.18,12.7,
2147,"PLTR,COIN,SMCI",5,26,2.0,30.0,0.8,0.5,10:00,15:30,81,13.6,337.27,12.4,
2148,MSTR,9,20,2.0,30.0,0.6,0.5,10:00,14:30,78,23.1,337.32,12.4,
2149,"PLTR,SMCI",5,20,1.0,30.0,0.8,0.5,10:00,14:30,81,25.9,335.68,11.9,
2150,"NVDA,TSLA,PLTR,COIN",5,26,1.0,50.0,0.6,0.5,10:00,14:30,81,24.7,335.55,11.8,
2151,"PLTR,SMCI",5,26,2.0,50.0,0.6,0.5,10:00,14:30,79,20.3,334.89,11.6,
2152,"QQQ,NVDA",5,20,2.0,30.0,0.6,0.5,10:00,14:30,79,24.1,334.72,11.6,
2153,"PLTR,SMCI",5,26,1.0,30.0,0.6,0.4,10:00,14:30,79,19.0,334.85,11.6,
2154,"QQQ,TSLA",5,20,2.0,50.0,0.8,0.4,10:00,15:30,81,14.8,334.9,11.6,
2155,TLT,5,20,1.0,50.0,0.6,0.4,10:00,14:30,79,19.0,334.8,11.6,
2156,"PLTR,COIN,SMCI",9,20,2.0,50.0,0.6,0.4,10:00,14:30,81,14.8,334.27,11.4,
2157,SMCI,5,20,1.0,50.0,0.8,0.4,10:00,14:30,80,20.0,333.79,11.3,
2158,GLD,9,20,1.0,50.0,0.8,0.5,10:00,14:30,79,25.3,333.67,11.2,
2159,"QQQ,TSLA",5,20,2.0,30.0,0.6,0.5,10:00,14:30,79,20.3,333.38,11.1,
2160,SMCI,5,20,1.0,50.0,0.8,0.4,10:00,15:30,81,16.0,332.78,10.9,
2161,"NVDA,TSLA,PLTR,COIN",5,26,1.0,50.0,0.8,0.5,10:00,15:30,81,19.8,332.44,10.8,
2162,MSTR,9,20,1.0,30.0,0.8,0.4,10:00,14:30,78,29.5,331.22,10.4,
2163,"QQQ,NVDA",5,26,1.0,50.0,0.6,0.4,10:00,14:30,79,38.0,331.34,10.4,
2164,GLD,5,20,2.0,30.0,0.8,0.4,10:00,15:30,81,11.1,331.07,10.4,
2165,"QQQ,TSLA",9,26,2.0,30.0,0.8,0.4,10:00,15:30,81,13.6,330.48,10.2,
2166,"QQQ,NVDA",9,20,1.0,50.0,0.6,0.5,10:00,14:30,79,38.0,330.38,10.1,
2167,"SPY,NVDA",9,26,1.0,30.0,0.6,0.5,10:00,15:30,81,23.5,330.24,10.1,
2168,"QQQ,TSLA",5,20,1.0,30.0,0.6,0.4,10:00,14:30,79,24.1,330.17,10.1,
2169,SPY,9,20,2.0,30.0,0.6,0.5,10:00,14:30,80,17.5,329.37,9.8,
2170,"NVDA,TSLA,PLTR,COIN",9,26,2.0,30.0,0.8,0.4,10:00,15:30,81,11.1,329.17,9.7,
2171,"PLTR,SMCI",9,26,5.0,30.0,0.6,0.4,10:00,15:30,78,9.0,328.89,9.6,
2172,"PLTR,SMCI",9,26,5.0,30.0,0.8,0.4,10:00,15:30,78,9.0,328.89,9.6,
2173,"TSLA,RIVN",5,20,5.0,50.0,0.6,0.4,10:00,14:30,81,18.5,328.62,9.5,
2174,SMCI,9,26,1.0,30.0,0.6,0.5,10:00,15:30,78,17.9,328.55,9.5,
2175,PLTR,5,20,1.0,50.0,0.6,0.5,10:00,14:30,79,31.6,328.57,9.5,
2176,"NVDA,TSLA,MSTR",9,26,2.0,30.0,0.6,0.4,10:00,14:30,81,14.8,328.34,9.4,
2177,"TSLA,RIVN",5,26,2.0,50.0,0.6,0.5,10:00,14:30,81,23.5,328.09,9.4,
2178,AMD,9,20,1.0,30.0,0.6,0.5,10:00,14:30,78,28.2,327.87,9.3,
2179,"NVDA,TSLA,MSTR",9,20,1.0,30.0,0.6,0.5,10:00,14:30,81,28.4,327.7,9.2,
2180,"NVDA,TSLA,PLTR,COIN",9,20,2.0,30.0,0.8,0.5,10:00,14:30,81,18.5,326.59,8.9,
2181,MSTR,5,26,1.0,50.0,0.8,0.5,10:00,14:30,79,38.0,326.79,8.9,
2182,SPY,9,20,2.0,50.0,0.8,0.5,10:00,14:30,80,17.5,326.69,8.9,
2183,"PLTR,SMCI",5,26,5.0,50.0,0.8,0.4,10:00,15:30,80,10.0,326.29,8.8,
2184,"PLTR,SMCI",5,26,5.0,50.0,0.6,0.4,10:00,15:30,80,10.0,326.29,8.8,
2185,TSLA,9,20,2.0,50.0,0.8,0.4,10:00,15:30,80,22.5,326.24,8.7,
2186,MSTR,9,20,1.0,30.0,0.6,0.4,10:00,14:30,78,30.8,325.71,8.6,
2187,SPY,5,26,2.0,30.0,0.8,0.4,10:00,14:30,80,13.8,325.47,8.5,
2188,"NVDA,TSLA",9,26,1.0,30.0,0.6,0.5,10:00,15:30,81,28.4,325.03,8.3,
2189,"IWM,PLTR",5,20,1.0,30.0,0.6,0.4,10:00,14:30,81,24.7,324.88,8.3,
2190,"PLTR,COIN,SMCI",5,26,2.0,50.0,0.6,0.5,10:00,14:30,81,19.8,324.52,8.2,
2191,SPY,9,26,2.0,50.0,0.8,0.5,10:00,15:30,80,11.2,324.54,8.2,
2192,SMCI,5,20,2.0,50.0,0.8,0.4,10:00,14:30,80,16.2,324.18,8.1,
2193,SMCI,5,20,2.0,30.0,0.8,0.4,10:00,14:30,80,16.2,324.18,8.1,
2194,"QQQ,NVDA",9,26,1.0,30.0,0.8,0.5,10:00,15:30,80,25.0,323.7,7.9,
2195,TLT,5,20,1.0,50.0,0.8,0.4,10:00,14:30,79,19.0,323.63,7.9,
2196,"NVDA,TSLA,PLTR,COIN",9,26,1.0,30.0,0.6,0.4,10:00,15:30,81,18.5,323.33,7.8,
2197,AMD,9,20,1.0,30.0,0.8,0.5,10:00,14:30,78,26.9,323.39,7.8,
2198,SPY,5,20,1.0,30.0,0.6,0.4,10:00,14:30,79,30.4,323.29,7.8,
2199,AMD,9,26,2.0,50.0,0.8,0.4,10:00,14:30,78,16.7,322.49,7.5,
2200,TSLA,9,26,1.0,50.0,0.6,0.5,10:00,15:30,80,36.2,322.38,7.5,
2201,"MSTR,RIVN,SMCI,COIN",9,20,2.0,50.0,0.6,0.4,10:00,14:30,81,13.6,322.24,7.4,
2202,"SPY,QQQ,NVDA",5,26,1.0,50.0,0.8,0.4,10:00,14:30,81,27.2,322.09,7.4,
2203,"QQQ,NVDA",5,26,1.0,30.0,0.6,0.4,10:00,14:30,79,31.6,321.48,7.2,
2204,"IWM,PLTR",5,20,1.0,50.0,0.6,0.5,10:00,15:30,81,24.7,321.6,7.2,
2205,"QQQ,NVDA",9,26,1.0,30.0,0.8,0.4,10:00,15:30,80,22.5,321.28,7.1,
2206,"QQQ,NVDA",5,20,2.0,30.0,0.8,0.4,10:00,14:30,80,16.2,321.4,7.1,
2207,AMD,9,26,2.0,30.0,0.6,0.5,10:00,14:30,78,20.5,321.03,7.0,
2208,GLD,9,20,1.0,30.0,0.6,0.5,10:00,14:30,79,25.3,321.04,7.0,
2209,"NVDA,TSLA,PLTR,COIN",9,26,2.0,30.0,0.6,0.4,10:00,15:30,81,11.1,321.04,7.0,
2210,"PLTR,SMCI",9,20,1.0,30.0,0.6,0.4,10:00,14:30,78,21.8,320.34,6.8,
2211,COIN,5,20,2.0,50.0,0.6,0.5,10:00,15:30,81,17.3,320.52,6.8,
2212,"NVDA,AMD",9,26,5.0,30.0,0.8,0.4,10:00,15:30,79,11.4,320.05,6.7,
2213,SPY,5,26,2.0,50.0,0.6,0.4,10:00,15:30,81,16.0,319.53,6.5,
2214,SPY,5,26,1.0,30.0,0.8,0.5,10:00,14:30,80,35.0,319.33,6.4,
2215,"NVDA,TSLA",9,20,2.0,30.0,0.6,0.4,10:00,15:30,81,13.6,319.29,6.4,
2216,SPY,5,26,1.0,50.0,0.8,0.5,10:00,14:30,80,36.2,318.63,6.2,
2217,"TSLA,RIVN",9,20,1.0,30.0,0.8,0.5,10:00,14:30,80,31.2,318.34,6.1,
2218,SPY,5,20,1.0,50.0,0.6,0.5,10:00,15:30,80,26.2,317.46,5.8,
2219,SPY,9,20,2.0,30.0,0.8,0.5,10:00,14:30,80,17.5,316.99,5.7,
2220,COIN,5,20,2.0,30.0,0.6,0.5,10:00,15:30,81,16.0,316.98,5.7,
2221,"IWM,PLTR",5,20,1.0,50.0,0.6,0.4,10:00,14:30,81,24.7,317.13,5.7,
2222,"PLTR,SMCI",9,20,1.0,50.0,0.6,0.4,10:00,14:30,78,21.8,317.23,5.7,
2223,"MSTR,RIVN,SMCI,COIN",5,20,2.0,30.0,0.6,0.5,10:00,14:30,81,14.8,316.81,5.6,
2224,"TSLA,RIVN",9,20,2.0,30.0,0.8,0.4,10:00,14:30,81,19.8,316.4,5.5,
2225,"PLTR,COIN,SMCI",9,20,1.0,50.0,0.8,0.4,10:00,14:30,80,25.0,316.63,5.5,
2226,"QQQ,TSLA",5,20,1.0,30.0,0.8,0.4,10:00,15:30,81,19.8,316.25,5.4,
2227,"NVDA,TSLA,MSTR",5,26,2.0,30.0,0.6,0.5,10:00,15:30,81,13.6,315.8,5.3,
2228,"QQQ,NVDA",5,26,2.0,30.0,0.6,0.5,10:00,14:30,79,22.8,315.93,5.3,
2229,SPY,5,20,1.0,50.0,0.6,0.5,10:00,14:30,79,31.6,315.56,5.2,
2230,"NVDA,TSLA,PLTR,COIN",5,26,1.0,30.0,0.8,0.5,10:00,14:30,81,24.7,315.35,5.1,
2231,"QQQ,NVDA",9,26,2.0,30.0,0.6,0.5,10:00,14:30,79,21.5,314.97,5.0,
2232,"QQQ,NVDA",9,26,2.0,50.0,0.6,0.5,10:00,14:30,79,21.5,314.97,5.0,
2233,"AMD,TSLA,NVDA",9,26,1.0,50.0,0.6,0.5,10:00,15:30,81,25.9,314.74,4.9,
2234,SPY,5,26,2.0,50.0,0.8,0.4,10:00,14:30,80,13.8,314.42,4.8,
2235,AMD,5,26,1.0,30.0,0.8,0.5,10:00,14:30,78,29.5,314.01,4.7,
2236,"SPY,QQQ,NVDA",9,20,1.0,50.0,0.8,0.4,10:00,14:30,81,27.2,312.8,4.3,
2237,SPY,5,26,2.0,50.0,0.6,0.5,10:00,14:30,80,17.5,312.82,4.3,
2238,AMD,9,26,1.0,50.0,0.8,0.4,10:00,14:30,78,28.2,313.04,4.3,
2239,"MSTR,RIVN,SMCI,COIN",9,20,2.0,30.0,0.8,0.4,10:00,14:30,81,13.6,312.5,4.2,
2240,MSTR,5,20,1.0,30.0,0.6,0.4,10:00,14:30,78,28.2,312.17,4.1,
2241,SPY,9,20,1.0,50.0,0.8,0.4,10:00,14:30,80,27.5,312.18,4.1,
2242,"PLTR,SMCI",5,26,1.0,50.0,0.8,0.4,10:00,14:30,79,20.3,312.07,4.0,
2243,SPY,5,26,5.0,30.0,0.8,0.5,10:00,14:30,80,12.5,312.01,4.0,
2244,SPY,5,26,5.0,30.0,0.6,0.5,10:00,14:30,80,12.5,312.01,4.0,
2245,"PLTR,COIN,SMCI",9,20,1.0,30.0,0.8,0.4,10:00,14:30,81,23.5,311.46,3.8,
2246,"QQQ,NVDA",5,20,2.0,50.0,0.8,0.4,10:00,14:30,80,16.2,310.64,3.5,
2247,AMD,9,20,1.0,50.0,0.8,0.5,10:00,15:30,78,21.8,310.4,3.5,
2248,AMD,9,20,1.0,30.0,0.8,0.5,10:00,15:30,78,21.8,310.4,3.5,
2249,SMCI,9,26,2.0,30.0,0.6,0.5,10:00,15:30,78,11.5,309.78,3.3,
2250,"QQQ,NVDA",9,26,1.0,50.0,0.8,0.4,10:00,14:30,79,27.8,309.0,3.0,
2251,"PLTR,COIN,SMCI",9,20,2.0,50.0,0.8,0.4,10:00,14:30,81,14.8,308.69,2.9,
2252,NVDA,5,26,5.0,50.0,0.6,0.4,10:00,15:30,80,10.0,308.02,2.7,
2253,NVDA,5,26,5.0,50.0,0.8,0.4,10:00,15:30,80,10.0,308.02,2.7,
2254,NVDA,5,26,5.0,30.0,0.6,0.4,10:00,15:30,80,10.0,308.02,2.7,
2255,NVDA,5,26,5.0,30.0,0.8,0.4,10:00,15:30,80,10.0,308.02,2.7,
2256,"MSTR,COIN",5,20,1.0,30.0,0.8,0.4,10:00,14:30,81,28.4,307.68,2.6,
2257,"MSTR,COIN",5,20,2.0,50.0,0.8,0.4,10:00,14:30,81,21.0,307.44,2.5,
2258,"PLTR,SMCI",5,20,1.0,50.0,0.6,0.4,10:00,15:30,81,25.9,307.64,2.5,
2259,"QQQ,NVDA",9,20,1.0,30.0,0.8,0.4,10:00,14:30,80,26.2,307.51,2.5,
2260,COIN,9,26,1.0,30.0,0.6,0.5,10:00,14:30,80,31.2,307.25,2.4,
2261,"QQQ,NVDA",9,26,1.0,30.0,0.8,0.4,10:00,14:30,79,26.6,307.26,2.4,
2262,"NVDA,TSLA,MSTR",9,26,1.0,30.0,0.8,0.5,10:00,14:30,81,28.4,307.17,2.4,
2263,PLTR,9,20,1.0,30.0,0.6,0.5,10:00,14:30,78,28.2,306.84,2.3,
2264,"PLTR,COIN,SMCI",5,26,2.0,30.0,0.6,0.5,10:00,14:30,81,17.3,306.47,2.2,
2265,TSLA,9,26,2.0,30.0,0.8,0.5,10:00,15:30,81,16.0,306.64,2.2,
2266,MSTR,9,20,2.0,30.0,0.8,0.5,10:00,14:30,78,21.8,306.42,2.1,
2267,PLTR,5,20,1.0,30.0,0.8,0.5,10:00,14:30,79,30.4,305.88,2.0,
2268,"NVDA,TSLA,PLTR,COIN",9,20,1.0,30.0,0.8,0.5,10:00,15:30,81,16.0,305.68,1.9,
2269,"MSTR,COIN",5,20,2.0,50.0,0.8,0.5,10:00,14:30,81,25.9,305.51,1.8,
2270,"NVDA,TSLA,MSTR",9,26,2.0,50.0,0.8,0.4,10:00,15:30,81,13.6,304.99,1.7,
2271,"AMD,TSLA,NVDA",9,20,2.0,30.0,0.8,0.4,10:00,15:30,81,11.1,304.96,1.7,
2272,SMCI,5,20,1.0,30.0,0.8,0.5,10:00,14:30,80,22.5,304.05,1.4,
2273,NVDA,9,26,2.0,50.0,0.6,0.5,10:00,15:30,79,15.2,304.2,1.4,
2274,"NVDA,TSLA,PLTR,COIN",5,26,5.0,50.0,0.6,0.4,10:00,14:30,81,11.1,304.13,1.4,
2275,NVDA,9,26,2.0,30.0,0.6,0.5,10:00,15:30,79,15.2,303.87,1.3,
2276,SPY,5,20,1.0,50.0,0.8,0.5,10:00,14:30,79,32.9,303.44,1.1,
2277,SPY,9,20,1.0,50.0,0.8,0.5,10:00,14:30,79,34.2,303.18,1.1,
2278,"NVDA,TSLA,MSTR",9,20,1.0,30.0,0.8,0.5,10:00,14:30,81,27.2,302.91,1.0,
2279,"MSTR,COIN",5,20,2.0,50.0,0.6,0.5,10:00,14:30,81,27.2,303.04,1.0,
2280,"MSTR,RIVN,SMCI,COIN",9,20,5.0,50.0,0.6,0.4,10:00,15:30,81,8.6,302.72,0.9,
2281,"MSTR,RIVN,SMCI,COIN",9,20,5.0,50.0,0.8,0.4,10:00,15:30,81,8.6,302.72,0.9,
2282,AMD,9,26,5.0,50.0,0.8,0.4,10:00,15:30,78,10.3,302.35,0.8,
2283,"NVDA,TSLA,MSTR",9,20,1.0,50.0,0.8,0.5,10:00,14:30,81,27.2,302.08,0.7,
2284,SMCI,5,26,1.0,30.0,0.6,0.5,10:00,14:30,79,24.1,302.03,0.7,
2285,"NVDA,TSLA,PLTR,COIN",9,20,2.0,30.0,0.6,0.5,10:00,15:30,81,13.6,301.66,0.6,
2286,AMD,9,26,2.0,50.0,0.6,0.4,10:00,14:30,78,17.9,301.54,0.5,
2287,COIN,5,26,2.0,50.0,0.6,0.5,10:00,15:30,81,12.3,301.46,0.5,
2288,COIN,5,26,2.0,30.0,0.6,0.5,10:00,15:30,81,12.3,301.46,0.5,
2289,"NVDA,TSLA,MSTR",9,26,2.0,50.0,0.8,0.4,10:00,14:30,81,14.8,301.28,0.4,
2290,"SPY,QQQ,NVDA",5,26,1.0,30.0,0.8,0.5,10:00,14:30,81,28.4,301.18,0.4,
2291,"PLTR,COIN,SMCI",9,20,2.0,30.0,0.6,0.4,10:00,14:30,81,13.6,300.96,0.3,
2292,SPY,5,26,5.0,50.0,0.8,0.5,10:00,14:30,80,12.5,300.33,0.1,
2293,SPY,5,26,5.0,50.0,0.6,0.5,10:00,14:30,80,12.5,300.33,0.1,
2294,SMCI,5,20,1.0,50.0,0.8,0.5,10:00,15:30,81,16.0,299.86,-0.0,
2295,"SPY,NVDA",9,26,5.0,50.0,0.6,0.5,10:00,15:30,81,9.9,299.89,-0.0,
2296,"SPY,NVDA",9,26,5.0,50.0,0.8,0.5,10:00,15:30,81,9.9,299.89,-0.0,
2297,MSTR,5,20,2.0,30.0,0.8,0.5,10:00,14:30,78,21.8,299.78,-0.1,
2298,"MSTR,RIVN,SMCI,COIN",9,20,5.0,30.0,0.8,0.4,10:00,15:30,81,8.6,299.1,-0.3,
2299,"MSTR,RIVN,SMCI,COIN",9,20,5.0,30.0,0.6,0.4,10:00,15:30,81,8.6,299.1,-0.3,
2300,"PLTR,COIN,SMCI",5,20,5.0,50.0,0.6,0.5,10:00,14:30,81,18.5,298.54,-0.5,
2301,"QQQ,NVDA",9,20,1.0,50.0,0.8,0.4,10:00,14:30,80,28.7,298.6,-0.5,
2302,"PLTR,COIN,SMCI",5,20,5.0,50.0,0.8,0.5,10:00,14:30,81,18.5,298.54,-0.5,
2303,TSLA,9,26,2.0,30.0,0.8,0.5,10:00,14:30,80,18.8,298.19,-0.6,
2304,"QQQ,NVDA",5,26,2.0,30.0,0.8,0.4,10:00,14:30,80,16.2,297.92,-0.7,
2305,AMD,9,20,2.0,50.0,0.8,0.5,10:00,14:30,78,23.1,297.84,-0.7,
2306,"MSTR,RIVN,SMCI,COIN",9,20,2.0,50.0,0.8,0.4,10:00,14:30,81,13.6,297.34,-0.9,
2307,"SPY,NVDA",9,26,5.0,30.0,0.8,0.5,10:00,15:30,81,9.9,297.34,-0.9,
2308,SMCI,5,26,1.0,50.0,0.6,0.5,10:00,14:30,79,24.1,297.44,-0.9,
2309,"SPY,NVDA",9,26,5.0,30.0,0.6,0.5,10:00,15:30,81,9.9,297.34,-0.9,
2310,"QQQ,TSLA",9,20,2.0,30.0,0.8,0.5,10:00,15:30,81,12.3,296.66,-1.1,
2311,MSTR,5,20,2.0,50.0,0.8,0.4,10:00,14:30,78,20.5,296.08,-1.3,
2312,COIN,5,20,2.0,50.0,0.6,0.5,10:00,14:30,81,25.9,295.71,-1.4,
2313,"NVDA,AMD",5,26,5.0,30.0,0.8,0.4,10:00,15:30,80,7.5,295.72,-1.4,
2314,"NVDA,TSLA,PLTR,COIN",5,26,5.0,30.0,0.6,0.5,10:00,14:30,81,12.3,295.34,-1.6,
2315,"SPY,NVDA",5,20,2.0,30.0,0.8,0.4,10:00,14:30,81,13.6,295.12,-1.6,
2316,"SPY,NVDA",5,20,2.0,50.0,0.8,0.4,10:00,14:30,81,13.6,295.12,-1.6,
2317,"NVDA,TSLA,PLTR,COIN",5,26,1.0,50.0,0.6,0.5,10:00,15:30,81,21.0,294.96,-1.7,
2318,MSTR,5,20,2.0,50.0,0.6,0.4,10:00,14:30,78,20.5,295.01,-1.7,
2319,COIN,5,26,1.0,50.0,0.8,0.4,10:00,15:30,81,17.3,294.48,-1.8,
2320,COIN,5,26,1.0,30.0,0.8,0.4,10:00,15:30,81,17.3,294.48,-1.8,
2321,MSTR,9,20,2.0,50.0,0.8,0.5,10:00,14:30,78,24.4,294.34,-1.9,
2322,"TSLA,RIVN",9,20,1.0,50.0,0.8,0.5,10:00,14:30,80,31.2,293.31,-2.2,
2323,"PLTR,SMCI",9,26,2.0,30.0,0.8,0.4,10:00,14:30,78,15.4,293.47,-2.2,
2324,"MSTR,COIN",5,20,2.0,50.0,0.6,0.4,10:00,14:30,81,21.0,293.53,-2.2,
2325,"NVDA,TSLA,PLTR,COIN",5,26,2.0,30.0,0.6,0.5,10:00,15:30,81,13.6,293.08,-2.3,
2326,MSTR,5,20,2.0,30.0,0.6,0.5,10:00,14:30,78,21.8,292.95,-2.3,
2327,"NVDA,TSLA,PLTR,COIN",9,20,1.0,50.0,0.8,0.5,10:00,15:30,81,17.3,293.05,-2.3,
2328,AMD,9,26,2.0,50.0,0.6,0.5,10:00,14:30,78,20.5,292.9,-2.4,
2329,"SPY,QQQ,NVDA",5,26,1.0,30.0,0.6,0.5,10:00,14:30,81,29.6,292.5,-2.5,
2330,"QQQ,NVDA",9,26,1.0,50.0,0.8,0.4,10:00,15:30,80,21.2,291.85,-2.7,
2331,SPY,9,20,1.0,50.0,0.6,0.4,10:00,14:30,80,27.5,291.76,-2.7,
2332,PLTR,5,20,1.0,50.0,0.6,0.4,10:00,14:30,80,28.7,291.82,-2.7,
2333,"QQQ,NVDA",9,26,5.0,30.0,0.8,0.5,10:00,15:30,80,10.0,291.51,-2.8,
2334,"PLTR,COIN,SMCI",5,26,5.0,30.0,0.6,0.4,10:00,14:30,81,12.3,291.52,-2.8,
2335,"PLTR,COIN,SMCI",5,26,5.0,30.0,0.8,0.4,10:00,14:30,81,12.3,291.52,-2.8,
2336,"NVDA,TSLA,PLTR,COIN",9,26,1.0,30.0,0.6,0.4,10:00,14:30,81,24.7,291.47,-2.8,
2337,"QQQ,NVDA",9,26,5.0,30.0,0.6,0.5,10:00,15:30,80,10.0,291.51,-2.8,
2338,"QQQ,TSLA",5,20,2.0,50.0,0.6,0.5,10:00,14:30,79,20.3,291.31,-2.9,
2339,TSLA,5,20,2.0,50.0,0.8,0.5,10:00,15:30,80,20.0,291.15,-3.0,
2340,"PLTR,COIN,SMCI",5,26,5.0,50.0,0.6,0.4,10:00,15:30,81,11.1,290.65,-3.1,
2341,"PLTR,COIN,SMCI",5,26,5.0,50.0,0.8,0.4,10:00,15:30,81,11.1,290.65,-3.1,
2342,"PLTR,COIN,SMCI",5,26,1.0,50.0,0.8,0.4,10:00,14:30,81,21.0,290.55,-3.2,
2343,"PLTR,SMCI",5,26,1.0,50.0,0.6,0.4,10:00,14:30,79,20.3,290.43,-3.2,
2344,SMCI,5,20,1.0,50.0,0.8,0.5,10:00,14:30,80,22.5,290.34,-3.2,
2345,"QQQ,TSLA",5,20,2.0,30.0,0.6,0.5,10:00,15:30,81,14.8,290.23,-3.3,
2346,"PLTR,COIN,SMCI",5,26,5.0,50.0,0.8,0.4,10:00,14:30,81,13.6,289.43,-3.5,
2347,"QQQ,NVDA",5,26,2.0,50.0,0.6,0.5,10:00,14:30,79,22.8,289.55,-3.5,
2348,PLTR,5,20,1.0,50.0,0.8,0.5,10:00,14:30,79,31.6,289.64,-3.5,
2349,"PLTR,COIN,SMCI",5,26,5.0,50.0,0.6,0.4,10:00,14:30,81,13.6,289.43,-3.5,
2350,"PLTR,COIN,SMCI",9,26,2.0,30.0,0.8,0.4,10:00,14:30,81,16.0,289.61,-3.5,
2351,AMD,9,20,1.0,50.0,0.8,0.4,10:00,14:30,78,25.6,289.18,-3.6,
2352,"NVDA,TSLA,PLTR,COIN",5,26,2.0,50.0,0.8,0.4,10:00,15:30,81,11.1,289.31,-3.6,
2353,"NVDA,TSLA",9,20,2.0,50.0,0.6,0.4,10:00,15:30,81,13.6,288.78,-3.7,
2354,"PLTR,SMCI",5,26,2.0,30.0,0.8,0.5,10:00,14:30,79,17.7,288.76,-3.7,
2355,"QQQ,NVDA",9,26,1.0,30.0,0.6,0.5,10:00,14:30,79,32.9,288.46,-3.8,
2356,MSTR,9,20,1.0,30.0,0.6,0.5,10:00,15:30,79,30.4,288.4,-3.9,
2357,"TSLA,RIVN",9,26,5.0,30.0,0.8,0.4,10:00,14:30,81,14.8,288.21,-3.9,
2358,SPY,5,26,1.0,30.0,0.8,0.5,10:00,15:30,81,24.7,288.43,-3.9,
2359,TSLA,9,20,5.0,30.0,0.6,0.4,10:00,14:30,80,11.2,287.31,-4.2,
2360,"NVDA,TSLA",9,26,2.0,50.0,0.6,0.4,10:00,15:30,81,18.5,287.1,-4.3,
2361,MSTR,9,20,1.0,30.0,0.8,0.5,10:00,15:30,79,25.3,287.1,-4.3,
2362,"PLTR,COIN,SMCI",9,26,2.0,30.0,0.6,0.4,10:00,14:30,81,16.0,286.72,-4.4,
2363,"NVDA,TSLA,MSTR",9,26,2.0,30.0,0.6,0.5,10:00,14:30,81,17.3,286.68,-4.4,
2364,SPY,9,26,2.0,30.0,0.6,0.5,10:00,14:30,79,16.5,286.25,-4.6,
2365,SPY,9,26,2.0,50.0,0.6,0.5,10:00,14:30,79,16.5,286.25,-4.6,
2366,"QQQ,NVDA",5,20,2.0,50.0,0.6,0.5,10:00,14:30,79,21.5,286.12,-4.6,
2367,AMD,9,20,1.0,30.0,0.6,0.5,10:00,15:30,78,24.4,286.22,-4.6,
2368,"QQQ,TSLA",9,26,5.0,30.0,0.6,0.4,10:00,14:30,80,10.0,285.57,-4.8,
2369,"NVDA,TSLA,MSTR",9,26,1.0,50.0,0.8,0.5,10:00,14:30,81,28.4,285.19,-4.9,
2370,"MSTR,COIN",5,26,2.0,30.0,0.8,0.4,10:00,15:30,81,12.3,284.92,-5.0,
2371,SPY,5,20,2.0,30.0,0.8,0.5,10:00,14:30,79,22.8,284.76,-5.1,
2372,"QQQ,NVDA",5,26,2.0,50.0,0.8,0.4,10:00,14:30,80,16.2,284.75,-5.1,
2373,SPY,9,20,1.0,30.0,0.8,0.5,10:00,15:30,80,22.5,284.58,-5.1,
2374,"PLTR,COIN,SMCI",9,20,2.0,30.0,0.8,0.4,10:00,14:30,81,13.6,284.28,-5.2,
2375,PLTR,5,26,1.0,50.0,0.6,0.4,10:00,15:30,78,19.2,284.41,-5.2,
2376,"PLTR,COIN,SMCI",9,20,1.0,50.0,0.6,0.4,10:00,14:30,81,23.5,284.24,-5.3,
2377,"NVDA,TSLA,MSTR",5,26,2.0,50.0,0.6,0.4,10:00,14:30,81,19.8,284.09,-5.3,
2378,"QQQ,TSLA",5,20,1.0,30.0,0.8,0.4,10:00,14:30,79,24.1,284.07,-5.3,
2379,SPY,9,26,2.0,50.0,0.8,0.5,10:00,14:30,79,16.5,283.9,-5.4,
2380,SPY,9,26,2.0,30.0,0.8,0.5,10:00,14:30,79,16.5,283.9,-5.4,
2381,SMCI,9,26,1.0,30.0,0.6,0.4,10:00,15:30,78,14.1,283.55,-5.5,
2382,PLTR,5,20,1.0,30.0,0.6,0.4,10:00,14:30,80,26.2,283.54,-5.5,
2383,"QQQ,NVDA",9,26,5.0,50.0,0.6,0.5,10:00,15:30,80,10.0,283.09,-5.6,
2384,"QQQ,NVDA",9,26,5.0,50.0,0.8,0.5,10:00,15:30,80,10.0,283.09,-5.6,
2385,TSLA,9,26,2.0,50.0,0.8,0.4,10:00,14:30,80,20.0,283.08,-5.6,
2386,MSTR,5,26,1.0,30.0,0.6,0.5,10:00,14:30,79,34.2,282.93,-5.7,
2387,TLT,5,20,1.0,30.0,0.6,0.4,10:00,14:30,79,17.7,282.53,-5.8,
2388,AMD,5,26,2.0,30.0,0.8,0.5,10:00,14:30,78,19.2,282.08,-6.0,
2389,"TSLA,RIVN",5,20,5.0,30.0,0.8,0.4,10:00,15:30,81,7.4,281.58,-6.1,
2390,SMCI,5,20,1.0,30.0,0.6,0.4,10:00,14:30,80,20.0,281.27,-6.2,
2391,"NVDA,TSLA,PLTR,COIN",9,26,1.0,50.0,0.6,0.4,10:00,14:30,81,23.5,281.45,-6.2,
2392,SMCI,9,26,1.0,50.0,0.6,0.4,10:00,15:30,78,14.1,281.06,-6.3,
2393,"NVDA,TSLA,PLTR,COIN",9,26,2.0,30.0,0.8,0.5,10:00,15:30,81,13.6,280.66,-6.4,
2394,"QQQ,TSLA",5,26,5.0,50.0,0.6,0.4,10:00,15:30,81,7.4,280.92,-6.4,
2395,"QQQ,TSLA",9,20,5.0,50.0,0.6,0.4,10:00,14:30,80,12.5,280.77,-6.4,
2396,"QQQ,NVDA",9,20,1.0,30.0,0.6,0.4,10:00,14:30,80,27.5,280.9,-6.4,
2397,"MSTR,RIVN,SMCI,COIN",5,20,1.0,50.0,0.8,0.4,10:00,14:30,81,23.5,280.87,-6.4,
2398,"NVDA,TSLA",9,20,5.0,30.0,0.6,0.4,10:00,14:30,81,9.9,280.74,-6.4,
2399,"SPY,QQQ,NVDA",9,26,2.0,50.0,0.6,0.4,10:00,15:30,81,12.3,280.44,-6.5,
2400,TSLA,5,26,2.0,30.0,0.6,0.4,10:00,15:30,80,16.2,280.15,-6.6,
2401,"PLTR,COIN,SMCI",9,26,2.0,50.0,0.8,0.4,10:00,14:30,81,16.0,280.15,-6.6,
2402,MSTR,5,20,1.0,50.0,0.8,0.5,10:00,14:30,78,35.9,279.51,-6.8,
2403,"SPY,QQQ,NVDA",9,26,2.0,30.0,0.6,0.4,10:00,15:30,81,12.3,279.25,-6.9,
2404,SPY,9,20,1.0,30.0,0.8,0.5,10:00,14:30,79,31.6,278.51,-7.2,
2405,"QQQ,NVDA",5,26,2.0,30.0,0.6,0.4,10:00,14:30,80,16.2,277.84,-7.4,
2406,"SPY,QQQ,NVDA",5,26,1.0,50.0,0.8,0.5,10:00,14:30,81,28.4,277.81,-7.4,
2407,"QQQ,NVDA",5,26,2.0,30.0,0.8,0.5,10:00,14:30,80,22.5,277.44,-7.5,
2408,"PLTR,COIN,SMCI",9,26,2.0,50.0,0.6,0.4,10:00,14:30,81,16.0,277.26,-7.6,
2409,MSTR,9,20,2.0,30.0,0.6,0.4,10:00,14:30,78,17.9,277.31,-7.6,
2410,SMCI,5,20,1.0,50.0,0.6,0.4,10:00,14:30,80,20.0,277.2,-7.6,
2411,"SPY,QQQ,NVDA",5,26,1.0,50.0,0.6,0.5,10:00,14:30,81,29.6,277.18,-7.6,
2412,"SPY,QQQ,NVDA",5,26,1.0,50.0,0.8,0.4,10:00,15:30,81,18.5,276.77,-7.7,
2413,"QQQ,TSLA",9,20,2.0,30.0,0.6,0.4,10:00,14:30,79,15.2,276.75,-7.7,
2414,TSLA,9,26,1.0,30.0,0.6,0.5,10:00,14:30,79,31.6,276.67,-7.8,
2415,"PLTR,SMCI",5,20,5.0,30.0,0.6,0.4,10:00,15:30,81,9.9,276.64,-7.8,
2416,"PLTR,SMCI",5,20,5.0,30.0,0.8,0.4,10:00,15:30,81,9.9,276.64,-7.8,
2417,TSLA,9,20,1.0,30.0,0.8,0.5,10:00,15:30,80,30.0,275.79,-8.1,
2418,"QQQ,NVDA",9,20,2.0,30.0,0.6,0.5,10:00,14:30,80,20.0,275.74,-8.1,
2419,"QQQ,NVDA",5,26,1.0,30.0,0.8,0.4,10:00,14:30,80,27.5,275.74,-8.1,
2420,SPY,5,26,2.0,50.0,0.8,0.5,10:00,14:30,80,17.5,275.3,-8.2,
2421,"MSTR,RIVN,SMCI,COIN",5,20,1.0,30.0,0.8,0.4,10:00,15:30,81,18.5,275.27,-8.2,
2422,"IWM,PLTR",5,26,2.0,30.0,0.8,0.4,10:00,15:30,81,13.6,275.49,-8.2,
2423,"QQQ,NVDA",9,26,1.0,50.0,0.8,0.5,10:00,15:30,80,23.8,275.04,-8.3,
2424,MSTR,5,20,2.0,50.0,0.8,0.5,10:00,14:30,78,23.1,275.0,-8.3,
2425,SPY,5,20,1.0,30.0,0.8,0.5,10:00,14:30,79,29.1,275.15,-8.3,
2426,"NVDA,TSLA,MSTR",5,26,1.0,30.0,0.8,0.5,10:00,15:30,81,23.5,274.82,-8.4,
2427,SPY,9,20,1.0,50.0,0.6,0.5,10:00,14:30,79,34.2,274.9,-8.4,
2428,MSTR,9,20,2.0,50.0,0.8,0.4,10:00,14:30,78,23.1,274.52,-8.5,
2429,"MSTR,RIVN,SMCI,COIN",9,20,5.0,50.0,0.8,0.5,10:00,14:30,81,14.8,274.44,-8.5,
2430,"MSTR,RIVN,SMCI,COIN",9,20,5.0,50.0,0.6,0.5,10:00,14:30,81,14.8,274.44,-8.5,
2431,"TSLA,RIVN",9,26,5.0,30.0,0.6,0.4,10:00,14:30,81,14.8,274.49,-8.5,
2432,"TSLA,RIVN",9,20,1.0,50.0,0.8,0.4,10:00,14:30,81,27.2,274.45,-8.5,
2433,AMD,9,20,1.0,50.0,0.6,0.5,10:00,15:30,78,24.4,273.38,-8.9,
2434,"MSTR,COIN",9,26,2.0,30.0,0.8,0.4,10:00,14:30,81,14.8,273.11,-9.0,
2435,"IWM,PLTR",5,20,2.0,30.0,0.6,0.4,10:00,15:30,81,9.9,272.95,-9.0,
2436,MSTR,5,26,1.0,30.0,0.8,0.5,10:00,14:30,79,34.2,273.06,-9.0,
2437,"SPY,QQQ,NVDA",9,26,1.0,30.0,0.6,0.4,10:00,15:30,81,19.8,272.73,-9.1,
2438,TSLA,9,26,2.0,50.0,0.8,0.5,10:00,14:30,80,25.0,272.75,-9.1,
2439,"SPY,QQQ,NVDA",9,26,1.0,50.0,0.8,0.4,10:00,15:30,81,19.8,272.8,-9.1,
2440,MSTR,5,20,1.0,30.0,0.6,0.5,10:00,15:30,80,28.7,272.77,-9.1,
2441,"SPY,NVDA",5,26,2.0,30.0,0.6,0.4,10:00,15:30,81,8.6,272.38,-9.2,
2442,"SPY,NVDA",5,26,2.0,50.0,0.6,0.4,10:00,15:30,81,8.6,272.38,-9.2,
2443,AMD,5,20,1.0,30.0,0.8,0.5,10:00,14:30,78,21.8,272.16,-9.3,
2444,AMD,5,20,1.0,50.0,0.8,0.5,10:00,14:30,78,21.8,272.16,-9.3,
2445,PLTR,5,26,1.0,30.0,0.6,0.4,10:00,15:30,78,16.7,271.18,-9.6,
2446,MSTR,5,20,1.0,50.0,0.8,0.4,10:00,14:30,78,33.3,271.18,-9.6,
2447,AMD,9,26,2.0,30.0,0.6,0.4,10:00,15:30,78,11.5,271.21,-9.6,
2448,"QQQ,TSLA",9,20,2.0,30.0,0.8,0.5,10:00,14:30,79,17.7,271.22,-9.6,
2449,"NVDA,TSLA,PLTR,COIN",9,26,1.0,50.0,0.6,0.4,10:00,15:30,81,18.5,270.91,-9.7,
2450,"NVDA,AMD",5,26,5.0,30.0,0.6,0.4,10:00,15:30,80,7.5,270.62,-9.8,
2451,"MSTR,COIN",9,26,2.0,50.0,0.8,0.4,10:00,14:30,81,14.8,270.54,-9.8,
2452,"IWM,PLTR",5,20,5.0,30.0,0.6,0.4,10:00,15:30,81,11.1,270.49,-9.8,
2453,"IWM,PLTR",5,20,5.0,30.0,0.8,0.4,10:00,15:30,81,11.1,270.49,-9.8,
2454,MSTR,9,26,1.0,30.0,0.6,0.5,10:00,14:30,75,33.3,270.25,-9.9,
2455,GLD,5,26,1.0,30.0,0.6,0.4,10:00,15:30,80,15.0,269.57,-10.1,
2456,SMCI,5,20,1.0,50.0,0.6,0.4,10:00,15:30,81,17.3,269.59,-10.1,
2457,GLD,5,26,1.0,50.0,0.6,0.4,10:00,15:30,80,15.0,269.57,-10.1,
2458,"QQQ,NVDA",9,26,1.0,50.0,0.6,0.4,10:00,14:30,79,27.8,269.49,-10.2,
2459,"IWM,PLTR",5,26,2.0,30.0,0.6,0.4,10:00,15:30,81,12.3,269.55,-10.2,
2460,"QQQ,NVDA",5,26,2.0,50.0,0.6,0.4,10:00,14:30,80,15.0,269.45,-10.2,
2461,"PLTR,COIN,SMCI",5,26,1.0,30.0,0.6,0.4,10:00,14:30,81,21.0,268.97,-10.3,
2462,MSTR,5,20,2.0,50.0,0.6,0.5,10:00,14:30,78,25.6,268.07,-10.6,
2463,SPY,5,20,1.0,30.0,0.8,0.4,10:00,14:30,79,27.8,268.18,-10.6,
2464,TLT,5,20,1.0,30.0,0.8,0.4,10:00,14:30,79,17.7,267.8,-10.7,
2465,"PLTR,SMCI",5,20,5.0,50.0,0.6,0.4,10:00,15:30,81,11.1,267.6,-10.8,
2466,"PLTR,SMCI",5,20,5.0,50.0,0.8,0.4,10:00,15:30,81,11.1,267.6,-10.8,
2467,"QQQ,NVDA",9,26,1.0,30.0,0.6,0.4,10:00,14:30,79,26.6,267.35,-10.9,
2468,"QQQ,NVDA",9,20,2.0,50.0,0.6,0.5,10:00,14:30,80,20.0,267.44,-10.9,
2469,"PLTR,COIN,SMCI",9,26,2.0,30.0,0.8,0.4,10:00,15:30,81,12.3,266.95,-11.0,
2470,"MSTR,RIVN,SMCI,COIN",9,26,2.0,50.0,0.6,0.4,10:00,14:30,81,13.6,266.75,-11.1,
2471,"QQQ,NVDA",5,20,2.0,50.0,0.6,0.4,10:00,14:30,80,15.0,266.71,-11.1,
2472,"PLTR,SMCI",9,26,2.0,50.0,0.8,0.4,10:00,14:30,78,15.4,266.46,-11.2,
2473,"PLTR,COIN,SMCI",9,20,1.0,30.0,0.6,0.4,10:00,14:30,81,22.2,266.15,-11.3,
2474,SMCI,5,20,1.0,30.0,0.8,0.5,10:00,15:30,81,16.0,266.23,-11.3,
2475,"SPY,QQQ,NVDA",5,26,1.0,30.0,0.6,0.4,10:00,15:30,81,18.5,265.83,-11.4,
2476,"QQQ,NVDA",5,20,2.0,30.0,0.6,0.4,10:00,14:30,80,15.0,264.93,-11.7,
2477,"QQQ,NVDA",5,26,2.0,50.0,0.8,0.5,10:00,14:30,80,21.2,264.19,-11.9,
2478,NVDA,9,26,5.0,50.0,0.6,0.5,10:00,15:30,78,11.5,263.96,-12.0,
2479,COIN,9,20,1.0,30.0,0.8,0.5,10:00,14:30,81,30.9,263.88,-12.0,
2480,NVDA,9,26,5.0,50.0,0.8,0.5,10:00,15:30,78,11.5,263.96,-12.0,
2481,"AMD,TSLA,NVDA",9,20,5.0,30.0,0.6,0.4,10:00,15:30,81,6.2,263.75,-12.1,
2482,SPY,9,20,1.0,30.0,0.6,0.5,10:00,14:30,80,31.2,263.83,-12.1,
2483,NVDA,9,26,5.0,30.0,0.8,0.5,10:00,15:30,78,11.5,263.42,-12.2,
2484,NVDA,9,26,5.0,30.0,0.6,0.5,10:00,15:30,78,11.5,263.42,-12.2,
2485,"QQQ,TSLA",5,20,1.0,50.0,0.8,0.5,10:00,14:30,79,29.1,263.34,-12.2,
2486,"PLTR,SMCI",5,26,2.0,30.0,0.6,0.4,10:00,14:30,79,13.9,263.36,-12.2,
2487,PLTR,9,26,1.0,30.0,0.8,0.5,10:00,14:30,77,31.2,263.09,-12.3,
2488,PLTR,9,26,1.0,50.0,0.8,0.5,10:00,14:30,77,31.2,263.09,-12.3,
2489,GLD,5,26,1.0,50.0,0.6,0.5,10:00,14:30,80,21.2,263.03,-12.3,
2490,GLD,5,26,1.0,30.0,0.6,0.5,10:00,14:30,80,21.2,263.03,-12.3,
2491,"SPY,NVDA",5,20,2.0,50.0,0.6,0.4,10:00,14:30,81,13.6,262.36,-12.5,
2492,"SPY,NVDA",5,20,2.0,30.0,0.6,0.4,10:00,14:30,81,13.6,262.36,-12.5,
2493,"PLTR,SMCI",5,20,1.0,30.0,0.6,0.5,10:00,14:30,81,25.9,262.09,-12.6,
2494,"NVDA,TSLA,MSTR",9,26,2.0,50.0,0.6,0.4,10:00,14:30,81,13.6,262.11,-12.6,
2495,"QQQ,NVDA",9,20,1.0,50.0,0.6,0.4,10:00,14:30,80,28.7,262.33,-12.6,
2496,MSTR,9,26,2.0,50.0,0.6,0.5,10:00,14:30,75,24.0,261.98,-12.7,
2497,AMD,9,26,1.0,50.0,0.6,0.4,10:00,14:30,78,21.8,262.02,-12.7,
2498,"TSLA,RIVN",9,20,2.0,50.0,0.8,0.5,10:00,14:30,81,24.7,260.78,-13.1,
2499,"MSTR,RIVN,SMCI,COIN",9,26,2.0,50.0,0.6,0.4,10:00,15:30,81,9.9,260.72,-13.1,
2500,"NVDA,TSLA,PLTR,COIN",5,26,1.0,30.0,0.6,0.5,10:00,14:30,81,23.5,260.48,-13.2,
2501,"MSTR,RIVN,SMCI,COIN",9,26,2.0,30.0,0.6,0.4,10:00,15:30,81,9.9,260.52,-13.2,
2502,"SPY,QQQ,NVDA",5,26,1.0,50.0,0.6,0.4,10:00,15:30,81,21.0,260.0,-13.3,
2503,SPY,5,26,1.0,30.0,0.8,0.4,10:00,15:30,81,19.8,259.81,-13.4,
2504,SPY,9,26,1.0,50.0,0.6,0.4,10:00,14:30,79,27.8,259.4,-13.5,
2505,"NVDA,TSLA",9,20,5.0,50.0,0.8,0.4,10:00,15:30,81,7.4,259.15,-13.6,
2506,"PLTR,COIN,SMCI",9,26,2.0,50.0,0.8,0.4,10:00,15:30,81,12.3,259.17,-13.6,
2507,"PLTR,SMCI",5,20,1.0,30.0,0.6,0.5,10:00,15:30,81,21.0,259.25,-13.6,
2508,"PLTR,SMCI",5,26,2.0,50.0,0.6,0.4,10:00,14:30,79,15.2,258.75,-13.7,
2509,TSLA,9,26,1.0,30.0,0.8,0.4,10:00,14:30,79,26.6,258.95,-13.7,
2510,"MSTR,RIVN,SMCI,COIN",9,26,2.0,50.0,0.8,0.4,10:00,14:30,81,13.6,258.57,-13.8,
2511,"MSTR,COIN",5,20,1.0,50.0,0.8,0.4,10:00,14:30,81,28.4,257.9,-14.0,
2512,COIN,9,20,1.0,50.0,0.8,0.5,10:00,14:30,81,32.1,257.97,-14.0,
2513,"QQQ,MSTR",5,20,1.0,50.0,0.6,0.5,10:00,14:30,80,33.8,257.82,-14.1,
2514,"IWM,PLTR",5,20,5.0,50.0,0.8,0.4,10:00,15:30,81,11.1,257.42,-14.2,
2515,"IWM,PLTR",5,20,5.0,50.0,0.6,0.4,10:00,15:30,81,11.1,257.42,-14.2,
2516,"AMD,TSLA,NVDA",9,20,5.0,30.0,0.8,0.4,10:00,15:30,81,6.2,257.48,-14.2,
2517,"QQQ,MSTR",5,20,1.0,30.0,0.8,0.5,10:00,15:30,81,21.0,257.45,-14.2,
2518,GLD,5,26,1.0,50.0,0.6,0.5,10:00,15:30,80,16.2,257.46,-14.2,
2519,GLD,5,26,1.0,30.0,0.6,0.5,10:00,15:30,80,16.2,257.46,-14.2,
2520,PLTR,5,20,1.0,50.0,0.8,0.4,10:00,14:30,80,26.2,257.07,-14.3,
2521,"NVDA,TSLA,MSTR",9,26,1.0,30.0,0.6,0.5,10:00,14:30,81,27.2,257.05,-14.3,
2522,"MSTR,COIN",9,26,2.0,50.0,0.6,0.4,10:00,14:30,81,14.8,257.24,-14.3,
2523,"NVDA,TSLA",9,20,5.0,30.0,0.8,0.4,10:00,15:30,81,4.9,256.67,-14.4,
2524,"MSTR,COIN",9,26,2.0,30.0,0.6,0.4,10:00,14:30,81,14.8,256.88,-14.4,
2525,"NVDA,TSLA,MSTR",9,26,5.0,30.0,0.8,0.4,10:00,15:30,81,6.2,256.43,-14.5,
2526,NVDA,5,26,2.0,30.0,0.8,0.4,10:00,15:30,80,6.2,256.48,-14.5,
2527,NVDA,5,26,2.0,50.0,0.8,0.4,10:00,15:30,80,6.2,256.48,-14.5,
2528,SPY,9,26,1.0,30.0,0.6,0.4,10:00,14:30,80,26.2,256.4,-14.5,
2529,PLTR,5,20,1.0,30.0,0.8,0.4,10:00,14:30,80,26.2,256.08,-14.6,
2530,"PLTR,COIN,SMCI",9,26,5.0,50.0,0.8,0.5,10:00,14:30,81,13.6,255.98,-14.7,
2531,"PLTR,COIN,SMCI",9,26,5.0,50.0,0.6,0.5,10:00,14:30,81,13.6,255.98,-14.7,
2532,"PLTR,SMCI",9,20,1.0,30.0,0.6,0.5,10:00,14:30,78,21.8,255.55,-14.8,
2533,"SPY,NVDA",9,20,2.0,30.0,0.6,0.4,10:00,14:30,81,11.1,255.66,-14.8,
2534,"PLTR,SMCI",9,20,1.0,50.0,0.6,0.5,10:00,14:30,78,21.8,255.55,-14.8,
2535,"SPY,NVDA",9,20,2.0,50.0,0.6,0.4,10:00,14:30,81,11.1,255.66,-14.8,
2536,"QQQ,MSTR",5,20,1.0,30.0,0.8,0.5,10:00,14:30,80,30.0,255.21,-14.9,
2537,"QQQ,MSTR",5,20,1.0,30.0,0.6,0.5,10:00,15:30,81,23.5,255.44,-14.9,
2538,"PLTR,COIN,SMCI",9,26,5.0,30.0,0.6,0.5,10:00,14:30,81,13.6,254.33,-15.2,
2539,"PLTR,COIN,SMCI",9,26,5.0,30.0,0.8,0.5,10:00,14:30,81,13.6,254.33,-15.2,
2540,"PLTR,SMCI",9,26,2.0,30.0,0.6,0.4,10:00,14:30,78,15.4,254.39,-15.2,
2541,"IWM,PLTR",5,20,2.0,50.0,0.6,0.4,10:00,15:30,81,9.9,254.45,-15.2,
2542,"MSTR,RIVN,SMCI,COIN",5,20,1.0,50.0,0.8,0.4,10:00,15:30,81,18.5,253.51,-15.5,
2543,"PLTR,COIN,SMCI",5,26,1.0,50.0,0.6,0.4,10:00,14:30,81,21.0,253.42,-15.5,
2544,"SPY,QQQ,NVDA",9,26,2.0,50.0,0.6,0.5,10:00,15:30,81,13.6,252.81,-15.7,
2545,GLD,5,26,1.0,30.0,0.8,0.5,10:00,14:30,80,21.2,252.94,-15.7,
2546,GLD,5,26,1.0,50.0,0.8,0.5,10:00,14:30,80,21.2,252.94,-15.7,
2547,"QQQ,TSLA",9,20,5.0,50.0,0.8,0.5,10:00,14:30,79,13.9,252.8,-15.7,
2548,"PLTR,SMCI",9,26,2.0,50.0,0.6,0.4,10:00,14:30,78,15.4,252.94,-15.7,
2549,"NVDA,TSLA,MSTR",9,26,2.0,50.0,0.8,0.5,10:00,15:30,81,14.8,252.52,-15.8,
2550,"NVDA,TSLA,PLTR,COIN",9,26,2.0,50.0,0.8,0.5,10:00,14:30,81,22.2,251.86,-16.0,
2551,SPY,5,20,2.0,30.0,0.6,0.5,10:00,14:30,79,22.8,252.08,-16.0,
2552,"PLTR,SMCI",9,26,2.0,30.0,0.8,0.4,10:00,15:30,78,10.3,251.72,-16.1,
2553,"MSTR,RIVN,SMCI,COIN",5,20,2.0,50.0,0.6,0.5,10:00,14:30,81,14.8,251.67,-16.1,
2554,SPY,9,20,1.0,50.0,0.6,0.4,10:00,15:30,81,21.0,251.45,-16.2,
2555,"SPY,NVDA",9,20,5.0,50.0,0.6,0.4,10:00,14:30,81,11.1,251.1,-16.3,
2556,"SPY,NVDA",9,20,5.0,30.0,0.6,0.4,10:00,14:30,81,11.1,251.1,-16.3,
2557,"QQQ,TSLA",9,26,5.0,30.0,0.8,0.4,10:00,14:30,80,10.0,251.17,-16.3,
2558,"SPY,NVDA",9,20,5.0,30.0,0.8,0.4,10:00,14:30,81,11.1,251.1,-16.3,
2559,"SPY,NVDA",9,20,5.0,50.0,0.8,0.4,10:00,14:30,81,11.1,251.1,-16.3,
2560,"NVDA,TSLA",9,26,5.0,30.0,0.8,0.4,10:00,15:30,81,6.2,250.5,-16.5,
2561,"NVDA,TSLA,PLTR,COIN",5,26,5.0,30.0,0.8,0.5,10:00,14:30,81,12.3,250.64,-16.5,
2562,"SPY,QQQ,NVDA",5,20,2.0,30.0,0.8,0.5,10:00,14:30,81,13.6,250.56,-16.5,
2563,"NVDA,TSLA,MSTR",9,26,2.0,30.0,0.6,0.4,10:00,15:30,81,14.8,250.0,-16.7,
2564,"TSLA,RIVN",5,20,5.0,30.0,0.8,0.5,10:00,14:30,81,14.8,250.01,-16.7,
2565,"SPY,NVDA",5,20,2.0,30.0,0.8,0.5,10:00,14:30,81,16.0,249.76,-16.7,
2566,SMCI,5,20,1.0,30.0,0.6,0.5,10:00,15:30,81,16.0,249.81,-16.7,
2567,"SPY,NVDA",5,20,2.0,50.0,0.8,0.5,10:00,14:30,81,16.0,249.76,-16.7,
2568,AMD,5,26,2.0,50.0,0.8,0.5,10:00,14:30,78,17.9,249.01,-17.0,
2569,"NVDA,TSLA,PLTR,COIN",5,26,1.0,50.0,0.8,0.4,10:00,14:30,81,22.2,249.11,-17.0,
2570,TSLA,9,26,1.0,30.0,0.6,0.4,10:00,14:30,79,26.6,249.01,-17.0,
2571,SPY,5,26,1.0,30.0,0.8,0.4,10:00,14:30,80,27.5,248.85,-17.1,
2572,"PLTR,SMCI",5,20,1.0,50.0,0.6,0.5,10:00,15:30,81,22.2,248.74,-17.1,
2573,SPY,5,26,1.0,50.0,0.8,0.4,10:00,15:30,81,19.8,248.66,-17.1,
2574,"TSLA,RIVN",9,20,2.0,30.0,0.8,0.5,10:00,14:30,81,23.5,248.76,-17.1,
2575,MSTR,9,26,1.0,50.0,0.6,0.5,10:00,14:30,75,34.7,248.69,-17.1,
2576,"IWM,PLTR",5,26,2.0,30.0,0.6,0.5,10:00,15:30,81,12.3,248.7,-17.1,
2577,SMCI,5,20,1.0,50.0,0.6,0.5,10:00,15:30,81,16.0,248.44,-17.2,
2578,"MSTR,RIVN,SMCI,COIN",5,20,1.0,30.0,0.6,0.4,10:00,15:30,81,17.3,248.48,-17.2,
2579,"MSTR,RIVN,SMCI,COIN",9,26,2.0,30.0,0.6,0.4,10:00,14:30,81,13.6,247.76,-17.4,
2580,"TSLA,RIVN",5,20,5.0,30.0,0.6,0.5,10:00,14:30,81,14.8,247.94,-17.4,
2581,"QQQ,NVDA",9,26,1.0,30.0,0.6,0.4,10:00,15:30,80,20.0,247.92,-17.4,
2582,GLD,5,26,1.0,30.0,0.6,0.4,10:00,14:30,80,17.5,247.38,-17.5,
2583,"QQQ,MSTR",5,20,2.0,30.0,0.6,0.5,10:00,14:30,80,20.0,247.54,-17.5,
2584,GLD,5,26,1.0,50.0,0.6,0.4,10:00,14:30,80,17.5,247.38,-17.5,
2585,COIN,5,20,1.0,50.0,0.6,0.4,10:00,15:30,81,22.2,247.33,-17.6,
2586,"PLTR,COIN,SMCI",9,20,2.0,50.0,0.6,0.5,10:00,14:30,81,16.0,247.22,-17.6,
2587,GLD,9,26,2.0,50.0,0.6,0.5,10:00,14:30,79,21.5,246.79,-17.7,
2588,"QQQ,NVDA",9,20,2.0,30.0,0.8,0.4,10:00,14:30,80,12.5,246.82,-17.7,
2589,"QQQ,NVDA",9,20,2.0,50.0,0.8,0.4,10:00,14:30,80,12.5,246.82,-17.7,
2590,GLD,9,26,2.0,50.0,0.8,0.5,10:00,14:30,79,21.5,246.79,-17.7,
2591,"MSTR,RIVN,SMCI,COIN",9,20,5.0,30.0,0.6,0.5,10:00,14:30,81,14.8,246.58,-17.8,
2592,"MSTR,RIVN,SMCI,COIN",9,20,5.0,30.0,0.8,0.5,10:00,14:30,81,14.8,246.58,-17.8,
2593,"SPY,QQQ,NVDA",5,20,2.0,50.0,0.8,0.5,10:00,14:30,81,13.6,246.64,-17.8,
2594,"NVDA,TSLA",9,20,5.0,30.0,0.8,0.4,10:00,14:30,81,9.9,246.64,-17.8,
2595,MSTR,9,26,2.0,30.0,0.6,0.5,10:00,14:30,75,20.0,246.26,-17.9,
2596,"MSTR,RIVN,SMCI,COIN",5,26,5.0,50.0,0.6,0.4,10:00,14:30,81,12.3,245.96,-18.0,
2597,"MSTR,RIVN,SMCI,COIN",5,26,5.0,30.0,0.6,0.4,10:00,14:30,81,12.3,245.96,-18.0,
2598,"MSTR,RIVN,SMCI,COIN",5,26,5.0,30.0,0.8,0.4,10:00,14:30,81,12.3,245.96,-18.0,
2599,"MSTR,RIVN,SMCI,COIN",5,26,5.0,50.0,0.8,0.4,10:00,14:30,81,12.3,245.96,-18.0,
2600,"QQQ,NVDA",9,26,1.0,50.0,0.6,0.4,10:00,15:30,80,20.0,245.35,-18.2,
2601,"NVDA,TSLA,PLTR,COIN",5,26,5.0,50.0,0.8,0.4,10:00,14:30,81,11.1,245.11,-18.3,
2602,SPY,5,26,2.0,50.0,0.6,0.5,10:00,15:30,81,23.5,244.63,-18.5,
2603,"NVDA,TSLA,MSTR",9,20,2.0,50.0,0.8,0.5,10:00,14:30,81,18.5,244.57,-18.5,
2604,"NVDA,TSLA,PLTR,COIN",5,26,1.0,30.0,0.8,0.4,10:00,14:30,81,22.2,244.38,-18.5,
2605,"SPY,QQQ,NVDA",5,20,2.0,30.0,0.6,0.5,10:00,14:30,81,13.6,244.54,-18.5,
2606,GLD,9,26,1.0,30.0,0.8,0.4,10:00,14:30,79,17.7,244.08,-18.6,
2607,GLD,9,26,1.0,50.0,0.8,0.4,10:00,14:30,79,17.7,244.08,-18.6,
2608,MSTR,9,26,2.0,50.0,0.6,0.4,10:00,15:30,78,12.8,243.92,-18.7,
2609,"TSLA,RIVN",9,20,2.0,50.0,0.6,0.5,10:00,14:30,81,24.7,243.72,-18.8,
2610,GLD,9,20,1.0,30.0,0.6,0.4,10:00,14:30,79,20.3,242.57,-19.1,
2611,GLD,9,20,1.0,50.0,0.6,0.4,10:00,14:30,79,20.3,242.4,-19.2,
2612,COIN,5,26,1.0,30.0,0.6,0.4,10:00,14:30,81,25.9,242.14,-19.3,
2613,"PLTR,COIN,SMCI",9,26,5.0,50.0,0.6,0.4,10:00,15:30,81,8.6,241.84,-19.4,
2614,"PLTR,COIN,SMCI",9,26,5.0,50.0,0.8,0.4,10:00,15:30,81,8.6,241.84,-19.4,
2615,"SPY,QQQ,NVDA",9,26,1.0,50.0,0.8,0.5,10:00,15:30,81,21.0,241.74,-19.4,
2616,AMD,9,20,2.0,30.0,0.6,0.5,10:00,14:30,78,21.8,241.15,-19.6,
2617,COIN,5,26,1.0,50.0,0.6,0.4,10:00,14:30,81,25.9,240.91,-19.7,
2618,"PLTR,COIN,SMCI",9,20,1.0,50.0,0.6,0.5,10:00,14:30,81,22.2,240.83,-19.7,
2619,"QQQ,TSLA",5,26,1.0,50.0,0.6,0.4,10:00,14:30,79,22.8,240.6,-19.8,
2620,AMD,5,26,1.0,50.0,0.8,0.5,10:00,14:30,78,28.2,240.64,-19.8,
2621,"PLTR,COIN,SMCI",9,26,5.0,30.0,0.8,0.4,10:00,15:30,81,8.6,240.39,-19.9,
2622,"PLTR,COIN,SMCI",9,26,5.0,30.0,0.6,0.4,10:00,15:30,81,8.6,240.39,-19.9,
2623,AMD,9,20,2.0,30.0,0.6,0.4,10:00,14:30,78,19.2,239.79,-20.1,
2624,SPY,9,20,1.0,30.0,0.6,0.5,10:00,15:30,81,23.5,239.8,-20.1,
2625,MSTR,9,26,2.0,30.0,0.6,0.4,10:00,14:30,75,16.0,238.86,-20.4,
2626,SPY,9,26,1.0,50.0,0.8,0.5,10:00,14:30,78,26.9,238.93,-20.4,
2627,"MSTR,RIVN,SMCI,COIN",9,26,5.0,50.0,0.8,0.4,10:00,14:30,81,12.3,238.54,-20.5,
2628,GLD,5,20,1.0,30.0,0.6,0.4,10:00,14:30,81,25.9,238.53,-20.5,
2629,"MSTR,RIVN,SMCI,COIN",9,26,5.0,30.0,0.6,0.4,10:00,14:30,81,12.3,238.54,-20.5,
2630,"MSTR,RIVN,SMCI,COIN",9,26,5.0,30.0,0.8,0.4,10:00,14:30,81,12.3,238.54,-20.5,
2631,"MSTR,RIVN,SMCI,COIN",9,26,5.0,50.0,0.6,0.4,10:00,14:30,81,12.3,238.54,-20.5,
2632,GLD,5,20,1.0,50.0,0.6,0.4,10:00,14:30,81,25.9,238.53,-20.5,
2633,GLD,9,26,1.0,50.0,0.8,0.5,10:00,14:30,79,20.3,238.35,-20.6,
2634,GLD,9,26,1.0,30.0,0.8,0.5,10:00,14:30,79,20.3,237.91,-20.7,
2635,"QQQ,TSLA",9,26,2.0,30.0,0.8,0.5,10:00,15:30,81,13.6,237.63,-20.8,
2636,AMD,9,20,2.0,50.0,0.6,0.4,10:00,14:30,78,19.2,237.56,-20.8,
2637,"PLTR,COIN,SMCI",5,26,2.0,30.0,0.6,0.4,10:00,14:30,81,12.3,237.56,-20.8,
2638,"SPY,QQQ,NVDA",9,26,1.0,50.0,0.8,0.5,10:00,14:30,81,24.7,237.49,-20.8,
2639,PLTR,9,26,1.0,30.0,0.8,0.4,10:00,14:30,78,25.6,237.42,-20.9,
2640,"TSLA,RIVN",9,20,2.0,50.0,0.6,0.4,10:00,14:30,81,19.8,237.22,-20.9,
2641,"NVDA,TSLA,PLTR,COIN",5,26,2.0,30.0,0.8,0.4,10:00,15:30,81,8.6,237.23,-20.9,
2642,SPY,5,26,1.0,50.0,0.8,0.4,10:00,14:30,80,27.5,236.62,-21.1,
2643,"SPY,QQQ,NVDA",9,26,1.0,30.0,0.8,0.5,10:00,14:30,81,24.7,236.84,-21.1,
2644,SMCI,9,26,1.0,50.0,0.8,0.4,10:00,15:30,78,12.8,236.7,-21.1,
2645,SPY,9,26,1.0,30.0,0.8,0.4,10:00,15:30,81,12.3,236.27,-21.2,
2646,SPY,9,26,1.0,50.0,0.8,0.4,10:00,15:30,81,12.3,236.27,-21.2,
2647,"QQQ,TSLA",5,20,2.0,50.0,0.8,0.5,10:00,14:30,79,20.3,236.15,-21.3,
2648,"PLTR,COIN,SMCI",9,20,1.0,30.0,0.6,0.5,10:00,14:30,81,22.2,236.07,-21.3,
2649,"MSTR,RIVN,SMCI,COIN",9,26,2.0,30.0,0.8,0.4,10:00,14:30,81,13.6,236.07,-21.3,
2650,"SPY,QQQ,NVDA",5,20,2.0,50.0,0.6,0.5,10:00,14:30,81,13.6,235.67,-21.4,
2651,COIN,5,20,1.0,50.0,0.8,0.5,10:00,15:30,80,23.8,235.89,-21.4,
2652,"TSLA,RIVN",9,26,2.0,50.0,0.6,0.4,10:00,14:30,81,18.5,235.9,-21.4,
2653,"QQQ,TSLA",9,20,1.0,50.0,0.6,0.4,10:00,15:30,81,22.2,235.71,-21.4,
2654,"NVDA,TSLA,MSTR",5,26,2.0,30.0,0.8,0.4,10:00,15:30,81,9.9,235.45,-21.5,
2655,"MSTR,COIN",5,26,2.0,50.0,0.8,0.4,10:00,15:30,81,12.3,235.47,-21.5,
2656,SMCI,5,20,1.0,30.0,0.6,0.5,10:00,14:30,80,22.5,235.29,-21.6,
2657,AMD,9,26,2.0,50.0,0.6,0.4,10:00,15:30,78,11.5,235.13,-21.6,
2658,GLD,5,20,1.0,30.0,0.8,0.4,10:00,14:30,81,25.9,234.97,-21.7,
2659,"NVDA,TSLA,MSTR",9,20,5.0,30.0,0.8,0.4,10:00,14:30,81,8.6,234.92,-21.7,
2660,"PLTR,COIN,SMCI",5,26,5.0,30.0,0.6,0.4,10:00,15:30,81,9.9,234.96,-21.7,
2661,"PLTR,COIN,SMCI",5,26,5.0,30.0,0.8,0.4,10:00,15:30,81,9.9,234.96,-21.7,
2662,SPY,5,26,1.0,30.0,0.6,0.4,10:00,14:30,80,26.2,234.71,-21.8,
2663,AMD,9,26,1.0,30.0,0.8,0.5,10:00,14:30,78,23.1,234.68,-21.8,
2664,SPY,9,26,1.0,30.0,0.8,0.4,10:00,14:30,80,22.5,234.73,-21.8,
2665,SMCI,9,26,1.0,30.0,0.8,0.4,10:00,15:30,78,12.8,234.5,-21.8,
2666,SPY,9,26,1.0,50.0,0.8,0.4,10:00,14:30,80,22.5,234.73,-21.8,
2667,"QQQ,MSTR",5,20,2.0,30.0,0.8,0.5,10:00,14:30,80,18.8,234.28,-21.9,
2668,"SPY,QQQ,NVDA",9,26,1.0,50.0,0.6,0.5,10:00,14:30,81,25.9,234.35,-21.9,
2669,"PLTR,SMCI",9,20,1.0,50.0,0.8,0.5,10:00,14:30,78,21.8,234.2,-21.9,
2670,SPY,9,26,1.0,30.0,0.6,0.5,10:00,14:30,78,28.2,234.43,-21.9,
2671,"PLTR,SMCI",9,20,1.0,30.0,0.8,0.5,10:00,14:30,78,21.8,234.2,-21.9,
2672,AMD,9,20,2.0,50.0,0.6,0.5,10:00,14:30,78,21.8,234.08,-22.0,
2673,SPY,5,20,1.0,30.0,0.8,0.4,10:00,15:30,80,17.5,233.33,-22.2,
2674,"IWM,PLTR",5,20,2.0,50.0,0.8,0.4,10:00,15:30,81,9.9,233.37,-22.2,
2675,COIN,5,26,1.0,50.0,0.8,0.5,10:00,14:30,81,27.2,232.99,-22.3,
2676,COIN,5,26,1.0,30.0,0.8,0.5,10:00,14:30,81,27.2,232.99,-22.3,
2677,"SPY,NVDA",5,20,2.0,30.0,0.6,0.5,10:00,14:30,81,16.0,232.79,-22.4,
2678,"SPY,NVDA",5,20,2.0,50.0,0.6,0.5,10:00,14:30,81,16.0,232.79,-22.4,
2679,SMCI,5,20,1.0,50.0,0.6,0.5,10:00,14:30,80,22.5,232.87,-22.4,
2680,TSLA,9,26,2.0,30.0,0.6,0.5,10:00,14:30,80,17.5,232.38,-22.5,
2681,"PLTR,SMCI",5,26,2.0,30.0,0.8,0.4,10:00,14:30,79,13.9,232.43,-22.5,
2682,"SPY,NVDA",9,20,2.0,50.0,0.6,0.4,10:00,15:30,81,8.6,232.26,-22.6,
2683,"QQQ,TSLA",9,20,2.0,50.0,0.8,0.4,10:00,14:30,79,16.5,232.16,-22.6,
2684,"SPY,NVDA",9,20,2.0,30.0,0.6,0.4,10:00,15:30,81,8.6,232.26,-22.6,
2685,COIN,5,20,1.0,30.0,0.8,0.5,10:00,15:30,80,23.8,231.91,-22.7,
2686,"TSLA,RIVN",9,20,2.0,50.0,0.8,0.4,10:00,14:30,81,19.8,231.53,-22.8,
2687,"NVDA,TSLA,MSTR",5,26,1.0,50.0,0.6,0.4,10:00,15:30,81,19.8,231.41,-22.9,
2688,NVDA,9,26,2.0,30.0,0.8,0.4,10:00,15:30,79,12.7,231.17,-22.9,
2689,SPY,9,20,1.0,30.0,0.8,0.4,10:00,14:30,80,25.0,230.6,-23.1,
2690,GLD,9,26,1.0,50.0,0.6,0.5,10:00,14:30,79,19.0,230.63,-23.1,
2691,GLD,5,20,1.0,50.0,0.8,0.4,10:00,14:30,81,25.9,230.65,-23.1,
2692,"NVDA,TSLA,MSTR",5,26,2.0,50.0,0.6,0.5,10:00,15:30,81,12.3,230.7,-23.1,
2693,GLD,9,26,1.0,30.0,0.6,0.5,10:00,14:30,79,19.0,230.63,-23.1,
2694,"NVDA,TSLA,MSTR",9,26,1.0,50.0,0.6,0.5,10:00,14:30,81,25.9,229.11,-23.6,
2695,COIN,5,26,5.0,30.0,0.6,0.5,10:00,14:30,81,18.5,229.35,-23.6,
2696,COIN,5,26,5.0,30.0,0.8,0.5,10:00,14:30,81,18.5,229.35,-23.6,
2697,"TSLA,RIVN",9,26,2.0,50.0,0.6,0.5,10:00,14:30,81,22.2,229.03,-23.7,
2698,"QQQ,TSLA",5,20,2.0,50.0,0.8,0.5,10:00,15:30,81,16.0,228.57,-23.8,
2699,"SPY,QQQ,NVDA",5,26,1.0,50.0,0.6,0.5,10:00,15:30,81,27.2,228.16,-23.9,
2700,MSTR,9,26,2.0,50.0,0.8,0.5,10:00,14:30,75,25.3,228.43,-23.9,
2701,TLT,5,20,5.0,30.0,0.6,0.4,10:00,14:30,79,17.7,228.11,-24.0,
2702,TLT,5,20,2.0,30.0,0.6,0.4,10:00,14:30,79,17.7,228.11,-24.0,
2703,TLT,5,20,5.0,30.0,0.8,0.4,10:00,14:30,79,17.7,228.11,-24.0,
2704,"PLTR,COIN,SMCI",9,26,5.0,30.0,0.6,0.4,10:00,14:30,81,9.9,228.04,-24.0,
2705,"PLTR,COIN,SMCI",9,26,5.0,30.0,0.8,0.4,10:00,14:30,81,9.9,228.04,-24.0,
2706,TLT,5,20,2.0,30.0,0.8,0.4,10:00,14:30,79,17.7,228.11,-24.0,
2707,MSTR,9,26,2.0,30.0,0.8,0.5,10:00,14:30,74,21.6,227.09,-24.3,
2708,"TSLA,RIVN",9,20,2.0,30.0,0.6,0.4,10:00,14:30,81,18.5,227.09,-24.3,
2709,"NVDA,TSLA,PLTR,COIN",9,26,2.0,30.0,0.8,0.5,10:00,14:30,81,19.8,226.89,-24.4,
2710,AMD,5,26,1.0,50.0,0.6,0.5,10:00,14:30,78,28.2,226.48,-24.5,
2711,AMD,5,26,1.0,30.0,0.6,0.5,10:00,14:30,78,28.2,226.48,-24.5,
2712,"PLTR,COIN,SMCI",9,26,5.0,50.0,0.6,0.4,10:00,14:30,81,9.9,226.13,-24.6,
2713,"SPY,QQQ,NVDA",9,26,1.0,30.0,0.6,0.5,10:00,15:30,81,21.0,226.33,-24.6,
2714,"PLTR,COIN,SMCI",9,26,5.0,50.0,0.8,0.4,10:00,14:30,81,9.9,226.13,-24.6,
2715,"MSTR,RIVN,SMCI,COIN",9,20,2.0,50.0,0.6,0.4,10:00,15:30,81,7.4,226.34,-24.6,
2716,"MSTR,RIVN,SMCI,COIN",9,20,2.0,30.0,0.6,0.4,10:00,15:30,81,7.4,226.34,-24.6,
2717,NVDA,9,26,2.0,50.0,0.6,0.4,10:00,15:30,79,12.7,225.96,-24.7,
2718,GLD,5,20,1.0,30.0,0.6,0.5,10:00,14:30,81,22.2,225.94,-24.7,
2719,"SPY,QQQ,NVDA",9,26,1.0,50.0,0.6,0.5,10:00,15:30,81,21.0,226.03,-24.7,
2720,GLD,5,20,1.0,50.0,0.6,0.5,10:00,14:30,81,22.2,225.94,-24.7,
2721,"QQQ,NVDA",9,26,1.0,30.0,0.6,0.5,10:00,15:30,80,21.2,225.77,-24.7,
2722,COIN,9,20,1.0,30.0,0.6,0.4,10:00,14:30,81,27.2,225.68,-24.8,
2723,NVDA,9,26,2.0,30.0,0.6,0.4,10:00,15:30,79,12.7,225.31,-24.9,
2724,COIN,9,26,2.0,30.0,0.6,0.4,10:00,14:30,81,14.8,225.31,-24.9,
2725,"PLTR,SMCI",5,26,2.0,50.0,0.8,0.4,10:00,14:30,79,15.2,225.21,-24.9,
2726,SPY,5,20,1.0,50.0,0.8,0.4,10:00,15:30,80,17.5,225.32,-24.9,
2727,COIN,9,26,2.0,50.0,0.6,0.4,10:00,14:30,81,14.8,225.31,-24.9,
2728,"PLTR,COIN,SMCI",5,26,1.0,30.0,0.8,0.5,10:00,14:30,81,22.2,225.28,-24.9,
2729,"SPY,QQQ,NVDA",9,26,1.0,50.0,0.8,0.4,10:00,14:30,81,19.8,225.0,-25.0,
2730,"QQQ,NVDA",9,26,1.0,50.0,0.6,0.5,10:00,15:30,80,22.5,225.09,-25.0,
2731,"MSTR,RIVN,SMCI,COIN",5,20,1.0,50.0,0.6,0.4,10:00,15:30,81,17.3,224.88,-25.0,
2732,NVDA,9,26,2.0,50.0,0.8,0.4,10:00,15:30,79,12.7,224.99,-25.0,
2733,MSTR,5,26,1.0,30.0,0.8,0.4,10:00,14:30,79,27.8,224.64,-25.1,
2734,PLTR,9,26,1.0,50.0,0.8,0.4,10:00,14:30,78,24.4,223.99,-25.3,
2735,"SPY,QQQ,NVDA",9,26,1.0,50.0,0.6,0.4,10:00,15:30,81,18.5,224.17,-25.3,
2736,"SPY,QQQ,NVDA",9,26,1.0,30.0,0.8,0.4,10:00,14:30,81,19.8,224.17,-25.3,
2737,COIN,9,20,1.0,30.0,0.6,0.5,10:00,14:30,81,28.4,223.75,-25.4,
2738,COIN,9,20,1.0,50.0,0.6,0.5,10:00,14:30,81,28.4,223.75,-25.4,
2739,"TSLA,RIVN",9,20,2.0,30.0,0.6,0.5,10:00,14:30,81,23.5,223.72,-25.4,
2740,"IWM,PLTR",5,26,2.0,30.0,0.8,0.5,10:00,15:30,81,12.3,223.55,-25.5,
2741,"QQQ,MSTR",5,20,1.0,30.0,0.6,0.4,10:00,15:30,81,19.8,223.6,-25.5,
2742,"MSTR,COIN",5,26,2.0,30.0,0.8,0.5,10:00,15:30,81,14.8,223.08,-25.6,
2743,"QQQ,MSTR",5,20,2.0,50.0,0.8,0.5,10:00,14:30,80,18.8,223.08,-25.6,
2744,"NVDA,TSLA,PLTR,COIN",5,26,5.0,50.0,0.6,0.5,10:00,14:30,81,12.3,222.82,-25.7,
2745,"NVDA,TSLA,MSTR",9,26,2.0,50.0,0.6,0.4,10:00,15:30,81,12.3,222.62,-25.8,
2746,SPY,9,20,1.0,30.0,0.6,0.4,10:00,14:30,80,23.8,222.69,-25.8,
2747,COIN,5,26,5.0,50.0,0.6,0.5,10:00,14:30,81,18.5,222.23,-25.9,
2748,COIN,5,26,5.0,50.0,0.8,0.5,10:00,14:30,81,18.5,222.23,-25.9,
2749,COIN,9,20,1.0,50.0,0.6,0.4,10:00,14:30,81,27.2,222.34,-25.9,
2750,"NVDA,TSLA,PLTR,COIN",9,20,1.0,30.0,0.6,0.5,10:00,15:30,81,14.8,222.04,-26.0,
2751,SPY,9,20,1.0,30.0,0.6,0.4,10:00,15:30,81,18.5,222.03,-26.0,
2752,"NVDA,TSLA,PLTR,COIN",9,20,1.0,50.0,0.6,0.5,10:00,15:30,81,14.8,222.1,-26.0,
2753,"PLTR,COIN,SMCI",9,20,2.0,30.0,0.6,0.5,10:00,14:30,81,14.8,221.83,-26.1,
2754,SPY,9,26,1.0,30.0,0.8,0.5,10:00,15:30,80,15.0,221.41,-26.2,
2755,SPY,9,26,1.0,50.0,0.8,0.5,10:00,15:30,80,15.0,221.41,-26.2,
2756,MSTR,5,26,1.0,30.0,0.6,0.4,10:00,14:30,79,27.8,221.44,-26.2,
2757,AMD,9,20,2.0,30.0,0.6,0.5,10:00,15:30,78,16.7,221.13,-26.3,
2758,"PLTR,COIN,SMCI",5,26,2.0,50.0,0.6,0.4,10:00,14:30,81,12.3,220.93,-26.4,
2759,"QQQ,MSTR",5,20,1.0,50.0,0.8,0.5,10:00,14:30,80,30.0,220.48,-26.5,
2760,AMD,9,20,2.0,50.0,0.6,0.5,10:00,15:30,78,16.7,220.58,-26.5,
2761,GLD,5,20,1.0,30.0,0.8,0.5,10:00,14:30,81,22.2,219.61,-26.8,
2762,TSLA,5,26,2.0,30.0,0.8,0.5,10:00,15:30,80,15.0,219.47,-26.8,
2763,GLD,5,20,1.0,50.0,0.8,0.5,10:00,14:30,81,22.2,219.61,-26.8,
2764,"QQQ,TSLA",5,26,5.0,50.0,0.6,0.5,10:00,14:30,79,11.4,219.22,-26.9,
2765,TSLA,5,26,2.0,50.0,0.8,0.5,10:00,15:30,80,18.8,219.38,-26.9,
2766,SPY,5,26,1.0,50.0,0.6,0.4,10:00,14:30,80,26.2,219.15,-27.0,
2767,MSTR,9,26,1.0,30.0,0.8,0.5,10:00,14:30,75,33.3,218.85,-27.0,
2768,"QQQ,MSTR",5,20,2.0,50.0,0.6,0.5,10:00,14:30,80,20.0,218.33,-27.2,
2769,"QQQ,TSLA",5,20,1.0,50.0,0.8,0.4,10:00,14:30,79,24.1,218.23,-27.3,
2770,COIN,5,26,1.0,30.0,0.6,0.5,10:00,14:30,81,27.2,218.07,-27.3,
2771,COIN,5,26,1.0,50.0,0.6,0.5,10:00,14:30,81,27.2,218.07,-27.3,
2772,AMD,9,26,1.0,50.0,0.8,0.5,10:00,14:30,78,23.1,217.84,-27.4,
2773,"MSTR,RIVN,SMCI,COIN",5,20,1.0,30.0,0.8,0.4,10:00,14:30,81,21.0,217.52,-27.5,
2774,"PLTR,COIN,SMCI",5,26,1.0,50.0,0.8,0.5,10:00,14:30,81,22.2,217.27,-27.6,
2775,"QQQ,TSLA",9,26,2.0,30.0,0.8,0.4,10:00,14:30,80,12.5,217.18,-27.6,
2776,"QQQ,MSTR",5,20,1.0,50.0,0.8,0.4,10:00,15:30,81,28.4,217.03,-27.7,
2777,TLT,5,20,5.0,50.0,0.8,0.4,10:00,14:30,79,17.7,216.73,-27.8,
2778,TLT,5,20,2.0,50.0,0.8,0.4,10:00,14:30,79,17.7,216.73,-27.8,
2779,TLT,5,20,5.0,50.0,0.6,0.4,10:00,14:30,79,17.7,216.73,-27.8,
2780,TLT,5,20,2.0,50.0,0.6,0.4,10:00,14:30,79,17.7,216.73,-27.8,
2781,"QQQ,TSLA",9,20,1.0,30.0,0.8,0.5,10:00,15:30,81,24.7,216.68,-27.8,
2782,MSTR,5,26,1.0,50.0,0.6,0.4,10:00,14:30,79,27.8,216.31,-27.9,
2783,"QQQ,TSLA",5,26,2.0,30.0,0.8,0.4,10:00,15:30,81,8.6,215.61,-28.1,
2784,"TSLA,RIVN",9,26,2.0,30.0,0.8,0.4,10:00,14:30,81,14.8,215.61,-28.1,
2785,"PLTR,COIN,SMCI",5,26,1.0,30.0,0.6,0.5,10:00,14:30,81,22.2,215.78,-28.1,
2786,"NVDA,TSLA,PLTR,COIN",9,26,1.0,50.0,0.8,0.4,10:00,14:30,81,22.2,215.37,-28.2,
2787,COIN,9,20,1.0,50.0,0.8,0.4,10:00,14:30,81,24.7,215.51,-28.2,
2788,MSTR,5,20,1.0,30.0,0.8,0.4,10:00,14:30,78,25.6,215.5,-28.2,
2789,COIN,9,20,1.0,30.0,0.8,0.4,10:00,14:30,81,24.7,215.51,-28.2,
2790,"NVDA,TSLA,PLTR,COIN",9,26,1.0,30.0,0.8,0.4,10:00,14:30,81,22.2,215.22,-28.3,
2791,"SPY,QQQ,NVDA",9,26,1.0,50.0,0.6,0.4,10:00,14:30,81,19.8,214.27,-28.6,
2792,MSTR,9,26,2.0,50.0,0.6,0.4,10:00,14:30,75,17.3,213.16,-28.9,
2793,"SPY,QQQ,NVDA",9,26,1.0,30.0,0.6,0.4,10:00,14:30,81,19.8,213.39,-28.9,
2794,MSTR,9,20,1.0,50.0,0.8,0.5,10:00,15:30,79,30.4,212.43,-29.2,
2795,"NVDA,TSLA,PLTR,COIN",9,20,1.0,50.0,0.8,0.5,10:00,14:30,81,19.8,212.35,-29.2,
2796,MSTR,5,26,1.0,50.0,0.8,0.4,10:00,14:30,79,27.8,212.31,-29.2,
2797,GLD,9,26,5.0,30.0,0.6,0.5,10:00,14:30,79,17.7,211.96,-29.3,
2798,"PLTR,SMCI",9,26,2.0,50.0,0.8,0.4,10:00,15:30,78,10.3,212.13,-29.3,
2799,GLD,9,26,5.0,30.0,0.8,0.5,10:00,14:30,79,17.7,211.96,-29.3,
2800,"NVDA,TSLA,MSTR",5,26,1.0,30.0,0.6,0.4,10:00,15:30,81,18.5,211.82,-29.4,
2801,PLTR,9,20,2.0,30.0,0.6,0.4,10:00,14:30,78,16.7,211.38,-29.5,
2802,PLTR,9,20,2.0,50.0,0.6,0.4,10:00,14:30,78,16.7,211.38,-29.5,
2803,PLTR,9,20,2.0,50.0,0.8,0.4,10:00,14:30,78,16.7,211.38,-29.5,
2804,PLTR,9,20,2.0,30.0,0.8,0.4,10:00,14:30,78,16.7,211.38,-29.5,
2805,"QQQ,MSTR",5,20,1.0,30.0,0.6,0.5,10:00,14:30,80,30.0,211.28,-29.6,
2806,"SPY,QQQ,NVDA",9,26,1.0,30.0,0.6,0.5,10:00,14:30,81,24.7,210.46,-29.8,
2807,TLT,5,26,1.0,30.0,0.6,0.5,10:00,14:30,79,16.5,209.94,-30.0,
2808,TSLA,5,26,1.0,30.0,0.8,0.4,10:00,15:30,80,22.5,209.68,-30.1,
2809,"PLTR,COIN,SMCI",5,26,1.0,50.0,0.6,0.5,10:00,14:30,81,22.2,209.13,-30.3,
2810,"MSTR,COIN",5,26,2.0,30.0,0.8,0.4,10:00,14:30,81,14.8,209.1,-30.3,
2811,TLT,5,26,1.0,50.0,0.8,0.4,10:00,14:30,79,13.9,208.96,-30.3,
2812,TLT,5,26,1.0,50.0,0.6,0.4,10:00,14:30,79,13.9,209.11,-30.3,
2813,TLT,5,26,1.0,30.0,0.8,0.4,10:00,14:30,79,13.9,208.96,-30.3,
2814,"SPY,NVDA",9,26,5.0,30.0,0.8,0.4,10:00,14:30,81,12.3,208.22,-30.6,
2815,"SPY,NVDA",9,26,5.0,30.0,0.6,0.4,10:00,14:30,81,12.3,208.22,-30.6,
2816,"MSTR,RIVN,SMCI,COIN",5,20,2.0,50.0,0.6,0.4,10:00,15:30,81,12.3,207.98,-30.7,
2817,"PLTR,COIN,SMCI",5,26,2.0,50.0,0.8,0.5,10:00,14:30,81,18.5,207.6,-30.8,
2818,SPY,9,26,1.0,50.0,0.6,0.4,10:00,15:30,81,14.8,207.12,-31.0,
2819,SPY,9,26,1.0,30.0,0.6,0.4,10:00,15:30,81,14.8,207.12,-31.0,
2820,SMCI,9,26,1.0,50.0,0.8,0.5,10:00,15:30,78,12.8,206.76,-31.1,
2821,SMCI,9,26,1.0,30.0,0.8,0.5,10:00,15:30,78,12.8,206.76,-31.1,
2822,COIN,5,20,1.0,30.0,0.6,0.4,10:00,15:30,81,22.2,206.74,-31.1,
2823,"QQQ,MSTR",5,20,1.0,50.0,0.8,0.5,10:00,15:30,81,30.9,206.68,-31.1,
2824,COIN,9,20,1.0,30.0,0.6,0.4,10:00,15:30,81,16.0,206.4,-31.2,
2825,"SPY,NVDA",9,26,5.0,50.0,0.8,0.4,10:00,14:30,81,12.3,206.53,-31.2,
2826,"QQQ,TSLA",5,20,1.0,50.0,0.8,0.4,10:00,15:30,81,19.8,206.49,-31.2,
2827,"SPY,NVDA",9,26,5.0,50.0,0.6,0.4,10:00,14:30,81,12.3,206.53,-31.2,
2828,"QQQ,MSTR",5,20,1.0,50.0,0.8,0.4,10:00,14:30,80,22.5,206.39,-31.2,
2829,COIN,9,20,1.0,50.0,0.6,0.4,10:00,15:30,81,16.0,206.4,-31.2,
2830,"QQQ,TSLA",9,26,1.0,50.0,0.8,0.4,10:00,14:30,80,28.7,205.73,-31.4,
2831,"QQQ,MSTR",5,20,1.0,30.0,0.8,0.4,10:00,14:30,80,21.2,205.86,-31.4,
2832,SPY,5,26,1.0,50.0,0.6,0.5,10:00,14:30,80,28.7,205.92,-31.4,
2833,SPY,5,26,1.0,30.0,0.6,0.5,10:00,14:30,80,28.7,205.92,-31.4,
2834,"MSTR,RIVN,SMCI,COIN",9,26,5.0,50.0,0.8,0.5,10:00,14:30,81,14.8,205.36,-31.5,
2835,"MSTR,RIVN,SMCI,COIN",9,26,5.0,30.0,0.6,0.5,10:00,14:30,81,14.8,205.36,-31.5,
2836,"MSTR,RIVN,SMCI,COIN",9,26,5.0,50.0,0.6,0.5,10:00,14:30,81,14.8,205.36,-31.5,
2837,"MSTR,RIVN,SMCI,COIN",9,26,5.0,30.0,0.8,0.5,10:00,14:30,81,14.8,205.36,-31.5,
2838,SPY,5,20,1.0,30.0,0.6,0.4,10:00,15:30,80,16.2,205.21,-31.6,
2839,"QQQ,TSLA",5,26,5.0,50.0,0.8,0.5,10:00,14:30,79,11.4,205.11,-31.6,
2840,"TSLA,RIVN",9,26,5.0,30.0,0.8,0.5,10:00,14:30,81,13.6,205.19,-31.6,
2841,"MSTR,COIN",5,26,2.0,50.0,0.8,0.5,10:00,15:30,81,16.0,204.79,-31.7,
2842,"SPY,NVDA",9,20,2.0,30.0,0.8,0.4,10:00,14:30,81,11.1,204.62,-31.8,
2843,"TSLA,RIVN",5,26,5.0,30.0,0.8,0.5,10:00,15:30,81,7.4,204.59,-31.8,
2844,"QQQ,TSLA",9,26,2.0,30.0,0.8,0.5,10:00,14:30,80,17.5,204.63,-31.8,
2845,"PLTR,SMCI",9,26,2.0,30.0,0.6,0.5,10:00,15:30,78,14.1,204.5,-31.8,
2846,"PLTR,SMCI",9,26,5.0,50.0,0.6,0.4,10:00,15:30,78,9.0,204.49,-31.8,
2847,"SPY,NVDA",9,20,2.0,50.0,0.8,0.4,10:00,14:30,81,11.1,204.62,-31.8,
2848,"PLTR,SMCI",9,26,5.0,50.0,0.8,0.4,10:00,15:30,78,9.0,204.49,-31.8,
2849,MSTR,5,20,2.0,50.0,0.6,0.4,10:00,15:30,80,15.0,204.21,-31.9,
2850,"IWM,PLTR",5,20,1.0,50.0,0.8,0.4,10:00,14:30,81,19.8,204.14,-32.0,
2851,"IWM,PLTR",5,20,1.0,30.0,0.8,0.4,10:00,14:30,81,19.8,204.14,-32.0,
2852,TLT,5,26,1.0,30.0,0.6,0.4,10:00,14:30,79,13.9,203.88,-32.0,
2853,SPY,9,26,1.0,30.0,0.8,0.5,10:00,14:30,78,26.9,203.81,-32.1,
2854,"MSTR,COIN",9,20,1.0,30.0,0.8,0.4,10:00,14:30,81,23.5,203.27,-32.2,
2855,"MSTR,COIN",5,20,1.0,50.0,0.8,0.5,10:00,14:30,81,27.2,203.45,-32.2,
2856,PLTR,5,20,2.0,30.0,0.8,0.5,10:00,14:30,80,17.5,202.88,-32.4,
2857,"TSLA,RIVN",9,20,5.0,30.0,0.8,0.5,10:00,14:30,81,16.0,202.85,-32.4,
2858,SPY,5,20,1.0,50.0,0.6,0.4,10:00,15:30,80,16.2,202.84,-32.4,
2859,PLTR,5,20,2.0,50.0,0.6,0.5,10:00,14:30,80,17.5,202.88,-32.4,
2860,PLTR,5,20,2.0,30.0,0.6,0.5,10:00,14:30,80,17.5,202.88,-32.4,
2861,PLTR,5,20,2.0,50.0,0.8,0.5,10:00,14:30,80,17.5,202.88,-32.4,
2862,"TSLA,RIVN",9,26,5.0,50.0,0.8,0.5,10:00,15:30,81,14.8,202.43,-32.5,
2863,MSTR,9,26,1.0,50.0,0.8,0.5,10:00,14:30,75,34.7,202.08,-32.6,
2864,"PLTR,COIN,SMCI",5,20,5.0,30.0,0.6,0.4,10:00,14:30,81,16.0,201.92,-32.7,
2865,COIN,5,26,1.0,30.0,0.8,0.5,10:00,15:30,81,14.8,201.92,-32.7,
2866,"PLTR,COIN,SMCI",5,20,5.0,30.0,0.8,0.4,10:00,14:30,81,16.0,201.92,-32.7,
2867,COIN,5,26,1.0,50.0,0.8,0.5,10:00,15:30,81,14.8,201.92,-32.7,
2868,"MSTR,COIN",9,20,1.0,50.0,0.8,0.4,10:00,14:30,81,23.5,201.91,-32.7,
2869,GLD,9,26,5.0,50.0,0.8,0.5,10:00,14:30,79,17.7,202.0,-32.7,
2870,"MSTR,COIN",5,20,1.0,30.0,0.8,0.5,10:00,14:30,81,27.2,201.79,-32.7,
2871,GLD,9,26,5.0,50.0,0.6,0.5,10:00,14:30,79,17.7,202.0,-32.7,
2872,"MSTR,COIN",5,26,2.0,50.0,0.8,0.4,10:00,14:30,81,14.8,201.56,-32.8,
2873,"QQQ,TSLA",9,26,1.0,30.0,0.6,0.4,10:00,15:30,81,21.0,200.95,-33.0,
2874,"SPY,NVDA",9,26,2.0,50.0,0.8,0.4,10:00,15:30,81,9.9,200.64,-33.1,
2875,"NVDA,TSLA,PLTR,COIN",5,26,5.0,50.0,0.8,0.5,10:00,15:30,81,8.6,200.34,-33.2,
2876,AMD,5,26,2.0,50.0,0.6,0.5,10:00,15:30,78,17.9,200.36,-33.2,
2877,AMD,5,26,2.0,30.0,0.6,0.5,10:00,15:30,78,17.9,200.36,-33.2,
2878,AMD,5,20,2.0,30.0,0.8,0.4,10:00,14:30,78,15.4,200.5,-33.2,
2879,"QQQ,TSLA",9,26,1.0,30.0,0.8,0.4,10:00,15:30,81,19.8,199.98,-33.3,
2880,"QQQ,TSLA",9,26,1.0,50.0,0.6,0.4,10:00,14:30,80,28.7,200.03,-33.3,
2881,"SPY,NVDA",9,26,2.0,30.0,0.8,0.4,10:00,15:30,81,9.9,199.69,-33.4,
2882,PLTR,9,20,1.0,30.0,0.8,0.4,10:00,14:30,78,17.9,199.32,-33.6,
2883,PLTR,9,20,1.0,50.0,0.8,0.4,10:00,14:30,78,17.9,199.32,-33.6,
2884,"IWM,PLTR",9,26,2.0,50.0,0.6,0.4,10:00,15:30,81,12.3,198.79,-33.7,
2885,"NVDA,TSLA,MSTR",9,20,2.0,50.0,0.6,0.5,10:00,15:30,81,9.9,198.68,-33.8,
2886,"NVDA,TSLA,PLTR,COIN",5,26,5.0,50.0,0.8,0.5,10:00,14:30,81,11.1,198.67,-33.8,
2887,"NVDA,TSLA,MSTR",9,20,2.0,30.0,0.6,0.5,10:00,15:30,81,9.9,198.53,-33.8,
2888,"TSLA,RIVN",5,26,2.0,30.0,0.6,0.5,10:00,14:30,81,21.0,198.15,-33.9,
2889,"TSLA,RIVN",9,26,5.0,30.0,0.6,0.5,10:00,14:30,81,13.6,197.98,-34.0,
2890,"QQQ,TSLA",9,26,1.0,30.0,0.6,0.4,10:00,14:30,80,25.0,197.11,-34.3,
2891,"PLTR,COIN,SMCI",5,26,2.0,30.0,0.8,0.5,10:00,14:30,81,17.3,196.91,-34.4,
2892,"MSTR,COIN",9,26,1.0,30.0,0.6,0.5,10:00,14:30,81,22.2,196.56,-34.5,
2893,SPY,9,20,1.0,50.0,0.6,0.5,10:00,15:30,81,22.2,196.46,-34.5,
2894,"MSTR,COIN",9,26,1.0,50.0,0.6,0.5,10:00,14:30,81,22.2,196.56,-34.5,
2895,"MSTR,RIVN,SMCI,COIN",5,20,1.0,30.0,0.8,0.5,10:00,15:30,81,18.5,196.35,-34.6,
2896,"NVDA,TSLA,MSTR",9,26,1.0,50.0,0.8,0.5,10:00,15:30,81,19.8,196.26,-34.6,
2897,MSTR,9,20,1.0,30.0,0.6,0.4,10:00,15:30,79,21.5,196.04,-34.7,
2898,MSTR,9,26,2.0,30.0,0.8,0.4,10:00,15:30,78,11.5,195.91,-34.7,
2899,"MSTR,RIVN,SMCI,COIN",9,26,2.0,30.0,0.8,0.4,10:00,15:30,81,9.9,195.37,-34.9,
2900,"NVDA,TSLA,PLTR,COIN",9,20,1.0,30.0,0.8,0.5,10:00,14:30,81,19.8,194.98,-35.0,
2901,COIN,5,26,1.0,50.0,0.6,0.4,10:00,15:30,81,12.3,195.12,-35.0,
2902,COIN,5,26,1.0,30.0,0.6,0.4,10:00,15:30,81,12.3,195.12,-35.0,
2903,"PLTR,SMCI",5,26,1.0,50.0,0.6,0.5,10:00,14:30,79,19.0,194.61,-35.1,
2904,"PLTR,SMCI",5,26,1.0,30.0,0.6,0.5,10:00,14:30,79,19.0,194.61,-35.1,
2905,"NVDA,TSLA,PLTR,COIN",9,26,2.0,30.0,0.6,0.5,10:00,14:30,81,19.8,194.57,-35.1,
2906,"QQQ,TSLA",9,20,5.0,50.0,0.6,0.5,10:00,14:30,80,12.5,194.63,-35.1,
2907,"PLTR,COIN,SMCI",5,26,5.0,30.0,0.6,0.5,10:00,15:30,81,9.9,194.36,-35.2,
2908,"PLTR,COIN,SMCI",5,26,5.0,30.0,0.8,0.5,10:00,15:30,81,9.9,194.36,-35.2,
2909,"TSLA,RIVN",9,20,5.0,30.0,0.6,0.5,10:00,14:30,81,16.0,194.55,-35.2,
2910,"MSTR,COIN",9,26,1.0,30.0,0.8,0.4,10:00,14:30,81,18.5,193.98,-35.3,
2911,"MSTR,COIN",9,26,1.0,50.0,0.8,0.4,10:00,14:30,81,18.5,193.98,-35.3,
2912,"TSLA,RIVN",5,26,2.0,50.0,0.6,0.4,10:00,14:30,81,17.3,194.02,-35.3,
2913,TLT,5,26,1.0,50.0,0.6,0.5,10:00,14:30,79,16.5,193.83,-35.4,
2914,TLT,5,26,1.0,50.0,0.8,0.5,10:00,14:30,79,16.5,193.68,-35.4,
2915,TLT,5,26,1.0,30.0,0.8,0.5,10:00,14:30,79,16.5,193.68,-35.4,
2916,AMD,5,20,2.0,50.0,0.8,0.4,10:00,14:30,78,14.1,193.67,-35.4,
2917,COIN,9,26,2.0,30.0,0.8,0.4,10:00,14:30,81,14.8,193.43,-35.5,
2918,COIN,9,26,2.0,50.0,0.8,0.4,10:00,14:30,81,14.8,193.43,-35.5,
2919,"SPY,NVDA",9,26,2.0,30.0,0.6,0.4,10:00,15:30,81,9.9,193.54,-35.5,
2920,"NVDA,TSLA,PLTR,COIN",9,26,2.0,50.0,0.6,0.5,10:00,14:30,81,22.2,193.06,-35.6,
2921,"IWM,PLTR",9,26,1.0,50.0,0.8,0.5,10:00,14:30,80,21.2,193.02,-35.7,
2922,"IWM,PLTR",9,26,1.0,30.0,0.8,0.5,10:00,14:30,80,21.2,193.02,-35.7,
2923,"SPY,QQQ,NVDA",9,26,2.0,50.0,0.8,0.5,10:00,14:30,81,14.8,192.56,-35.8,
2924,PLTR,9,20,1.0,50.0,0.6,0.4,10:00,14:30,78,17.9,192.74,-35.8,
2925,"SPY,QQQ,NVDA",9,26,2.0,30.0,0.8,0.5,10:00,14:30,81,14.8,192.56,-35.8,
2926,"QQQ,TSLA",9,26,1.0,30.0,0.8,0.4,10:00,14:30,80,23.8,192.49,-35.8,
2927,MSTR,5,20,2.0,30.0,0.6,0.5,10:00,15:30,80,16.2,192.73,-35.8,
2928,PLTR,9,20,1.0,30.0,0.6,0.4,10:00,14:30,78,17.9,192.74,-35.8,
2929,SPY,5,20,1.0,30.0,0.6,0.5,10:00,14:30,79,26.6,192.22,-35.9,
2930,"PLTR,SMCI",9,26,5.0,50.0,0.8,0.4,10:00,14:30,78,9.0,192.09,-36.0,
2931,"PLTR,SMCI",9,26,5.0,50.0,0.6,0.4,10:00,14:30,78,9.0,192.09,-36.0,
2932,"PLTR,SMCI",9,26,5.0,30.0,0.6,0.4,10:00,14:30,78,9.0,192.09,-36.0,
2933,"PLTR,SMCI",9,26,5.0,30.0,0.8,0.4,10:00,14:30,78,9.0,192.09,-36.0,
2934,"MSTR,COIN",5,26,2.0,30.0,0.6,0.4,10:00,14:30,81,13.6,191.6,-36.1,
2935,"TSLA,RIVN",9,26,2.0,30.0,0.8,0.5,10:00,14:30,81,18.5,191.37,-36.2,
2936,TSLA,9,26,1.0,50.0,0.8,0.4,10:00,15:30,81,22.2,191.07,-36.3,
2937,"QQQ,TSLA",9,26,2.0,50.0,0.8,0.5,10:00,15:30,81,13.6,190.11,-36.6,
2938,"MSTR,COIN",5,26,2.0,30.0,0.6,0.5,10:00,15:30,81,13.6,190.17,-36.6,
2939,"MSTR,COIN",9,26,5.0,50.0,0.8,0.4,10:00,14:30,81,19.8,189.75,-36.7,
2940,"MSTR,COIN",9,26,5.0,50.0,0.6,0.4,10:00,14:30,81,19.8,189.75,-36.7,
2941,"MSTR,COIN",9,26,5.0,30.0,0.6,0.4,10:00,14:30,81,19.8,189.75,-36.7,
2942,"MSTR,COIN",9,26,5.0,30.0,0.8,0.4,10:00,14:30,81,19.8,189.75,-36.7,
2943,COIN,5,20,5.0,50.0,0.8,0.4,10:00,14:30,81,17.3,189.75,-36.8,
2944,TSLA,9,26,2.0,50.0,0.8,0.4,10:00,15:30,81,16.0,189.54,-36.8,
2945,COIN,5,20,5.0,30.0,0.8,0.4,10:00,14:30,81,17.3,189.75,-36.8,
2946,COIN,5,20,5.0,50.0,0.6,0.4,10:00,14:30,81,17.3,189.75,-36.8,
2947,COIN,5,20,5.0,30.0,0.6,0.4,10:00,14:30,81,17.3,189.75,-36.8,
2948,MSTR,9,26,2.0,30.0,0.8,0.4,10:00,14:30,75,16.0,189.26,-36.9,
2949,"MSTR,RIVN,SMCI,COIN",9,26,2.0,50.0,0.8,0.4,10:00,15:30,81,9.9,188.9,-37.0,
2950,COIN,9,20,5.0,50.0,0.8,0.4,10:00,14:30,81,16.0,188.57,-37.1,
2951,COIN,9,20,5.0,50.0,0.6,0.4,10:00,14:30,81,16.0,188.57,-37.1,
2952,"QQQ,TSLA",5,26,1.0,30.0,0.6,0.4,10:00,14:30,79,19.0,188.73,-37.1,
2953,"NVDA,TSLA,MSTR",9,20,5.0,30.0,0.6,0.4,10:00,14:30,81,8.6,188.83,-37.1,
2954,COIN,9,20,5.0,30.0,0.6,0.4,10:00,14:30,81,16.0,188.57,-37.1,
2955,COIN,9,20,5.0,30.0,0.8,0.4,10:00,14:30,81,16.0,188.57,-37.1,
2956,"QQQ,TSLA",5,20,2.0,50.0,0.6,0.5,10:00,15:30,81,13.6,188.09,-37.3,
2957,"PLTR,COIN,SMCI",9,20,5.0,30.0,0.8,0.5,10:00,15:30,81,8.6,187.71,-37.4,
2958,"PLTR,COIN,SMCI",9,20,5.0,30.0,0.6,0.5,10:00,15:30,81,8.6,187.71,-37.4,
2959,"NVDA,TSLA,MSTR",9,26,1.0,30.0,0.8,0.5,10:00,15:30,81,18.5,187.44,-37.5,
2960,"TSLA,RIVN",5,26,2.0,30.0,0.6,0.4,10:00,14:30,81,16.0,187.18,-37.6,
2961,TSLA,5,26,2.0,30.0,0.6,0.5,10:00,15:30,80,16.2,187.18,-37.6,
2962,"MSTR,COIN",9,26,1.0,30.0,0.6,0.4,10:00,14:30,81,18.5,187.3,-37.6,
2963,"QQQ,TSLA",5,26,2.0,30.0,0.8,0.4,10:00,14:30,79,13.9,187.31,-37.6,
2964,"MSTR,COIN",9,26,1.0,50.0,0.6,0.4,10:00,14:30,81,18.5,187.3,-37.6,
2965,"QQQ,MSTR",9,20,1.0,30.0,0.8,0.5,10:00,14:30,80,21.2,186.5,-37.8,
2966,"MSTR,RIVN,SMCI,COIN",5,20,1.0,50.0,0.8,0.5,10:00,15:30,81,18.5,186.52,-37.8,
2967,PLTR,5,26,1.0,30.0,0.8,0.4,10:00,15:30,78,11.5,186.21,-37.9,
2968,PLTR,5,26,1.0,50.0,0.8,0.4,10:00,15:30,78,11.5,186.21,-37.9,
2969,MSTR,5,20,2.0,50.0,0.6,0.5,10:00,15:30,80,17.5,185.83,-38.1,
2970,COIN,9,26,1.0,50.0,0.8,0.4,10:00,15:30,81,11.1,185.54,-38.2,
2971,COIN,9,26,1.0,30.0,0.8,0.4,10:00,15:30,81,11.1,185.54,-38.2,
2972,AMD,5,20,2.0,50.0,0.8,0.5,10:00,14:30,78,15.4,185.07,-38.3,
2973,AMD,5,20,2.0,30.0,0.8,0.5,10:00,14:30,78,15.4,185.07,-38.3,
2974,"QQQ,NVDA",9,20,2.0,50.0,0.6,0.4,10:00,14:30,80,11.2,184.94,-38.4,
2975,"QQQ,NVDA",9,20,2.0,30.0,0.6,0.4,10:00,14:30,80,11.2,184.94,-38.4,
2976,"QQQ,TSLA",5,26,1.0,30.0,0.6,0.5,10:00,14:30,79,21.5,184.94,-38.4,
2977,"PLTR,SMCI",9,26,5.0,50.0,0.6,0.5,10:00,15:30,78,11.5,184.44,-38.5,
2978,MSTR,9,26,1.0,30.0,0.6,0.4,10:00,15:30,78,19.2,184.62,-38.5,
2979,"PLTR,SMCI",9,26,5.0,50.0,0.8,0.5,10:00,15:30,78,11.5,184.44,-38.5,
2980,"QQQ,TSLA",9,26,5.0,50.0,0.6,0.4,10:00,14:30,80,10.0,184.55,-38.5,
2981,GLD,5,26,2.0,30.0,0.8,0.5,10:00,14:30,80,17.5,184.25,-38.6,
2982,GLD,5,26,2.0,30.0,0.6,0.5,10:00,14:30,80,17.5,184.25,-38.6,
2983,"QQQ,TSLA",9,20,1.0,30.0,0.8,0.4,10:00,15:30,81,19.8,184.31,-38.6,
2984,"QQQ,TSLA",9,26,5.0,50.0,0.8,0.4,10:00,14:30,80,10.0,183.97,-38.7,
2985,"MSTR,COIN",5,26,2.0,30.0,0.8,0.5,10:00,14:30,81,18.5,183.69,-38.8,
2986,"QQQ,TSLA",9,20,2.0,50.0,0.8,0.4,10:00,15:30,81,12.3,183.75,-38.8,
2987,"PLTR,SMCI",5,26,5.0,50.0,0.6,0.5,10:00,14:30,79,15.2,183.25,-38.9,
2988,"PLTR,SMCI",5,26,5.0,50.0,0.8,0.5,10:00,14:30,79,15.2,183.25,-38.9,
2989,"PLTR,COIN,SMCI",5,26,2.0,30.0,0.8,0.4,10:00,14:30,81,12.3,183.06,-39.0,
2990,"PLTR,SMCI",9,20,5.0,30.0,0.6,0.5,10:00,14:30,78,14.1,183.11,-39.0,
2991,"TSLA,RIVN",9,26,2.0,50.0,0.6,0.4,10:00,15:30,81,13.6,182.98,-39.0,
2992,"PLTR,SMCI",9,20,5.0,50.0,0.6,0.5,10:00,14:30,78,14.1,183.11,-39.0,
2993,"PLTR,SMCI",9,26,5.0,30.0,0.6,0.5,10:00,15:30,78,11.5,182.9,-39.0,
2994,"PLTR,SMCI",9,26,5.0,30.0,0.8,0.5,10:00,15:30,78,11.5,182.9,-39.0,
2995,"PLTR,SMCI",9,20,5.0,50.0,0.8,0.5,10:00,14:30,78,14.1,183.11,-39.0,
2996,"PLTR,SMCI",9,20,5.0,30.0,0.8,0.5,10:00,14:30,78,14.1,183.11,-39.0,
2997,AMD,5,26,2.0,30.0,0.6,0.5,10:00,14:30,78,16.7,182.85,-39.1,
2998,AMD,5,26,2.0,50.0,0.6,0.5,10:00,14:30,78,16.7,182.85,-39.1,
2999,COIN,9,26,1.0,50.0,0.8,0.5,10:00,14:30,80,26.2,182.31,-39.2,
3000,"PLTR,SMCI",5,26,5.0,30.0,0.6,0.5,10:00,14:30,79,15.2,182.36,-39.2,
3001,"PLTR,SMCI",5,26,5.0,30.0,0.8,0.5,10:00,14:30,79,15.2,182.36,-39.2,
3002,COIN,9,26,1.0,30.0,0.8,0.5,10:00,14:30,80,26.2,182.31,-39.2,
3003,"PLTR,COIN,SMCI",9,20,5.0,50.0,0.6,0.5,10:00,15:30,81,8.6,182.14,-39.3,
3004,"PLTR,COIN,SMCI",9,20,5.0,50.0,0.8,0.5,10:00,15:30,81,8.6,182.14,-39.3,
3005,"NVDA,TSLA,PLTR,COIN",9,20,1.0,30.0,0.6,0.5,10:00,14:30,81,19.8,181.67,-39.4,
3006,MSTR,9,26,1.0,50.0,0.6,0.4,10:00,15:30,78,26.9,181.83,-39.4,
3007,COIN,5,20,2.0,30.0,0.8,0.5,10:00,15:30,81,13.6,181.81,-39.4,
3008,MSTR,9,26,1.0,30.0,0.6,0.4,10:00,14:30,75,21.3,181.46,-39.5,
3009,"NVDA,TSLA,PLTR,COIN",9,20,1.0,50.0,0.6,0.5,10:00,14:30,81,19.8,181.22,-39.6,
3010,"MSTR,RIVN,SMCI,COIN",5,20,1.0,30.0,0.6,0.4,10:00,14:30,81,19.8,181.27,-39.6,
3011,"QQQ,TSLA",9,26,2.0,50.0,0.8,0.4,10:00,15:30,81,9.9,181.24,-39.6,
3012,"QQQ,TSLA",9,26,2.0,50.0,0.8,0.4,10:00,14:30,80,13.8,181.32,-39.6,
3013,"MSTR,COIN",5,26,2.0,50.0,0.6,0.4,10:00,14:30,81,14.8,180.83,-39.7,
3014,"SPY,QQQ,NVDA",9,26,2.0,50.0,0.6,0.5,10:00,14:30,81,13.6,180.7,-39.8,
3015,"SPY,QQQ,NVDA",9,26,2.0,30.0,0.6,0.5,10:00,14:30,81,13.6,180.7,-39.8,
3016,MSTR,9,26,1.0,50.0,0.6,0.4,10:00,14:30,75,21.3,180.65,-39.8,
3017,MSTR,9,26,2.0,50.0,0.8,0.4,10:00,14:30,75,16.0,180.36,-39.9,
3018,"NVDA,TSLA",9,20,5.0,50.0,0.6,0.4,10:00,15:30,81,8.6,179.25,-40.2,
3019,TSLA,9,26,1.0,30.0,0.8,0.4,10:00,15:30,81,21.0,179.16,-40.3,
3020,"QQQ,MSTR",5,20,1.0,30.0,0.8,0.4,10:00,15:30,81,16.0,179.22,-40.3,
3021,"MSTR,RIVN,SMCI,COIN",5,20,1.0,50.0,0.6,0.4,10:00,14:30,81,19.8,179.24,-40.3,
3022,"QQQ,TSLA",9,20,1.0,50.0,0.8,0.4,10:00,15:30,81,21.0,178.94,-40.4,
3023,"PLTR,SMCI",9,26,5.0,50.0,0.8,0.5,10:00,14:30,78,11.5,178.84,-40.4,
3024,"PLTR,SMCI",9,26,5.0,50.0,0.6,0.5,10:00,14:30,78,11.5,178.84,-40.4,
3025,"NVDA,TSLA,MSTR",9,26,1.0,30.0,0.8,0.4,10:00,14:30,81,16.0,178.54,-40.5,
3026,"NVDA,TSLA,MSTR",9,26,1.0,50.0,0.8,0.4,10:00,14:30,81,16.0,178.41,-40.5,
3027,"TSLA,RIVN",9,26,2.0,30.0,0.6,0.4,10:00,14:30,81,14.8,178.21,-40.6,
3028,"TSLA,RIVN",9,20,1.0,30.0,0.6,0.5,10:00,14:30,81,24.7,177.99,-40.7,
3029,"QQQ,TSLA",9,26,1.0,50.0,0.6,0.4,10:00,15:30,81,21.0,177.75,-40.8,
3030,"NVDA,TSLA",9,20,5.0,30.0,0.6,0.4,10:00,15:30,81,6.2,177.67,-40.8,
3031,"PLTR,SMCI",9,26,5.0,30.0,0.8,0.5,10:00,14:30,78,11.5,177.2,-40.9,
3032,"QQQ,MSTR",5,20,2.0,30.0,0.6,0.5,10:00,15:30,81,12.3,177.35,-40.9,
3033,"PLTR,SMCI",9,26,5.0,30.0,0.6,0.5,10:00,14:30,78,11.5,177.2,-40.9,
3034,PLTR,5,26,1.0,50.0,0.8,0.4,10:00,14:30,78,17.9,177.13,-41.0,
3035,"NVDA,TSLA,PLTR,COIN",5,26,2.0,30.0,0.8,0.4,10:00,14:30,81,12.3,177.05,-41.0,
3036,TSLA,9,26,2.0,50.0,0.6,0.4,10:00,15:30,81,16.0,177.14,-41.0,
3037,PLTR,5,26,1.0,30.0,0.8,0.4,10:00,14:30,78,17.9,177.13,-41.0,
3038,GLD,5,20,1.0,50.0,0.6,0.4,10:00,15:30,81,14.8,176.6,-41.1,
3039,PLTR,9,20,1.0,30.0,0.8,0.5,10:00,14:30,78,23.1,176.37,-41.2,
3040,"TSLA,RIVN",9,20,1.0,50.0,0.6,0.5,10:00,14:30,81,24.7,176.26,-41.2,
3041,PLTR,9,20,1.0,50.0,0.8,0.5,10:00,14:30,78,23.1,176.37,-41.2,
3042,"TSLA,RIVN",9,20,5.0,30.0,0.8,0.4,10:00,14:30,81,12.3,176.27,-41.2,
3043,"NVDA,TSLA,MSTR",9,20,2.0,30.0,0.8,0.4,10:00,14:30,81,13.6,176.37,-41.2,
3044,"NVDA,TSLA,MSTR",9,20,2.0,30.0,0.8,0.4,10:00,15:30,81,9.9,176.31,-41.2,
3045,"TSLA,RIVN",5,20,2.0,50.0,0.8,0.4,10:00,14:30,81,17.3,176.07,-41.3,
3046,GLD,5,20,2.0,50.0,0.8,0.4,10:00,15:30,81,12.3,175.97,-41.3,
3047,"PLTR,COIN,SMCI",5,26,2.0,50.0,0.8,0.4,10:00,14:30,81,12.3,176.09,-41.3,
3048,"SPY,NVDA",9,26,2.0,30.0,0.6,0.4,10:00,14:30,81,16.0,176.21,-41.3,
3049,"SPY,QQQ,NVDA",5,26,2.0,50.0,0.8,0.5,10:00,14:30,81,13.6,176.11,-41.3,
3050,"SPY,QQQ,NVDA",5,26,2.0,30.0,0.8,0.5,10:00,14:30,81,13.6,176.11,-41.3,
3051,GLD,5,20,1.0,30.0,0.6,0.4,10:00,15:30,81,14.8,175.77,-41.4,
3052,"TSLA,RIVN",9,20,5.0,30.0,0.6,0.4,10:00,14:30,81,12.3,175.85,-41.4,
3053,AMD,5,26,1.0,50.0,0.6,0.4,10:00,14:30,78,21.8,175.42,-41.5,
3054,"QQQ,TSLA",9,26,2.0,30.0,0.6,0.5,10:00,15:30,81,13.6,175.37,-41.5,
3055,"SPY,NVDA",9,26,2.0,30.0,0.8,0.4,10:00,14:30,81,16.0,175.61,-41.5,
3056,AMD,5,26,1.0,30.0,0.6,0.4,10:00,14:30,78,21.8,175.42,-41.5,
3057,"SPY,NVDA",9,26,2.0,50.0,0.6,0.4,10:00,14:30,81,16.0,175.15,-41.6,
3058,AMD,5,20,2.0,50.0,0.6,0.5,10:00,14:30,78,14.1,174.79,-41.7,
3059,AMD,5,20,2.0,30.0,0.6,0.5,10:00,14:30,78,14.1,174.79,-41.7,
3060,PLTR,5,20,5.0,30.0,0.8,0.4,10:00,14:30,80,15.0,174.49,-41.8,
3061,PLTR,5,20,5.0,30.0,0.6,0.4,10:00,14:30,80,15.0,174.49,-41.8,
3062,GLD,5,20,5.0,30.0,0.6,0.4,10:00,14:30,81,14.8,174.67,-41.8,
3063,PLTR,5,20,5.0,50.0,0.6,0.4,10:00,14:30,80,15.0,174.49,-41.8,
3064,GLD,5,20,5.0,30.0,0.8,0.4,10:00,14:30,81,14.8,174.67,-41.8,
3065,PLTR,5,20,5.0,50.0,0.8,0.4,10:00,14:30,80,15.0,174.49,-41.8,
3066,"SPY,NVDA",9,26,2.0,50.0,0.8,0.4,10:00,14:30,81,16.0,174.35,-41.9,
3067,AMD,5,26,1.0,50.0,0.8,0.4,10:00,14:30,78,21.8,173.9,-42.0,
3068,AMD,5,26,1.0,30.0,0.8,0.4,10:00,14:30,78,21.8,173.9,-42.0,
3069,"MSTR,RIVN,SMCI,COIN",5,26,5.0,50.0,0.6,0.5,10:00,14:30,81,11.1,173.86,-42.0,
3070,MSTR,5,20,1.0,50.0,0.6,0.5,10:00,15:30,80,31.2,174.02,-42.0,
3071,"MSTR,RIVN,SMCI,COIN",5,26,5.0,50.0,0.8,0.5,10:00,14:30,81,11.1,173.86,-42.0,
3072,"MSTR,RIVN,SMCI,COIN",5,26,5.0,30.0,0.8,0.5,10:00,14:30,81,11.1,173.86,-42.0,
3073,"MSTR,RIVN,SMCI,COIN",5,26,5.0,30.0,0.6,0.5,10:00,14:30,81,11.1,173.86,-42.0,
3074,GLD,5,26,1.0,50.0,0.8,0.5,10:00,15:30,80,13.8,173.61,-42.1,
3075,"QQQ,TSLA",9,26,2.0,30.0,0.6,0.4,10:00,14:30,80,13.8,173.74,-42.1,
3076,"TSLA,RIVN",5,20,5.0,50.0,0.6,0.5,10:00,14:30,81,17.3,173.72,-42.1,
3077,GLD,5,26,1.0,30.0,0.8,0.5,10:00,15:30,80,13.8,173.61,-42.1,
3078,"MSTR,COIN",9,26,1.0,50.0,0.8,0.5,10:00,14:30,81,19.8,173.5,-42.2,
3079,"MSTR,COIN",5,26,2.0,50.0,0.8,0.5,10:00,14:30,81,18.5,173.25,-42.2,
3080,"MSTR,COIN",9,26,1.0,30.0,0.8,0.5,10:00,14:30,81,19.8,173.5,-42.2,
3081,"QQQ,TSLA",9,20,2.0,50.0,0.8,0.5,10:00,15:30,81,14.8,173.23,-42.3,
3082,"NVDA,TSLA,PLTR,COIN",5,26,2.0,30.0,0.6,0.4,10:00,15:30,81,8.6,172.89,-42.4,
3083,TSLA,9,26,2.0,50.0,0.8,0.5,10:00,15:30,81,17.3,172.75,-42.4,
3084,GLD,5,20,5.0,50.0,0.8,0.4,10:00,14:30,81,14.8,172.68,-42.4,
3085,GLD,5,20,5.0,50.0,0.6,0.4,10:00,14:30,81,14.8,172.68,-42.4,
3086,"QQQ,TSLA",9,20,2.0,50.0,0.8,0.5,10:00,14:30,79,16.5,172.34,-42.6,
3087,"QQQ,MSTR",9,20,1.0,50.0,0.8,0.5,10:00,14:30,80,22.5,172.11,-42.6,
3088,"PLTR,SMCI",9,26,2.0,30.0,0.6,0.4,10:00,15:30,78,10.3,172.34,-42.6,
3089,"NVDA,TSLA,MSTR",5,26,2.0,50.0,0.8,0.4,10:00,15:30,81,9.9,171.92,-42.7,
3090,PLTR,5,26,1.0,50.0,0.6,0.4,10:00,14:30,78,17.9,171.78,-42.7,
3091,MSTR,5,20,1.0,50.0,0.8,0.4,10:00,15:30,80,28.7,172.0,-42.7,
3092,"PLTR,SMCI",9,26,2.0,50.0,0.6,0.4,10:00,15:30,78,10.3,171.86,-42.7,
3093,PLTR,5,26,1.0,30.0,0.6,0.4,10:00,14:30,78,17.9,171.78,-42.7,
3094,SPY,9,26,1.0,30.0,0.6,0.5,10:00,15:30,81,16.0,171.64,-42.8,
3095,TSLA,9,26,2.0,30.0,0.6,0.5,10:00,15:30,81,16.0,171.56,-42.8,
3096,SPY,9,26,1.0,50.0,0.6,0.5,10:00,15:30,81,16.0,171.64,-42.8,
3097,COIN,5,26,2.0,30.0,0.8,0.5,10:00,15:30,81,11.1,171.5,-42.8,
3098,COIN,5,26,2.0,50.0,0.8,0.5,10:00,15:30,81,11.1,171.5,-42.8,
3099,"PLTR,SMCI",5,20,5.0,30.0,0.6,0.4,10:00,14:30,81,16.0,171.42,-42.9,
3100,"PLTR,SMCI",5,20,5.0,30.0,0.8,0.4,10:00,14:30,81,16.0,171.42,-42.9,
3101,"PLTR,SMCI",5,20,5.0,50.0,0.6,0.4,10:00,14:30,81,16.0,171.42,-42.9,
3102,"PLTR,SMCI",5,20,5.0,50.0,0.8,0.4,10:00,14:30,81,16.0,171.42,-42.9,
3103,"IWM,PLTR",9,26,1.0,50.0,0.6,0.5,10:00,14:30,80,21.2,170.91,-43.0,
3104,"IWM,PLTR",9,26,1.0,30.0,0.6,0.5,10:00,14:30,80,21.2,170.91,-43.0,
3105,"TSLA,RIVN",5,20,5.0,50.0,0.8,0.5,10:00,14:30,81,17.3,170.3,-43.2,
3106,"QQQ,NVDA",9,26,2.0,30.0,0.6,0.4,10:00,14:30,79,10.1,170.35,-43.2,
3107,"QQQ,NVDA",9,26,2.0,50.0,0.6,0.4,10:00,14:30,79,10.1,170.35,-43.2,
3108,"PLTR,COIN,SMCI",5,20,5.0,50.0,0.6,0.4,10:00,14:30,81,16.0,170.16,-43.3,
3109,"PLTR,SMCI",5,26,1.0,30.0,0.8,0.5,10:00,14:30,79,19.0,170.05,-43.3,
3110,"PLTR,COIN,SMCI",5,20,5.0,50.0,0.8,0.4,10:00,14:30,81,16.0,170.16,-43.3,
3111,"MSTR,RIVN,SMCI,COIN",5,20,5.0,50.0,0.8,0.4,10:00,14:30,81,12.3,170.02,-43.3,
3112,"PLTR,SMCI",5,26,1.0,50.0,0.8,0.5,10:00,14:30,79,19.0,170.05,-43.3,
3113,"MSTR,RIVN,SMCI,COIN",5,20,5.0,50.0,0.6,0.4,10:00,14:30,81,12.3,170.02,-43.3,
3114,"MSTR,RIVN,SMCI,COIN",5,20,5.0,30.0,0.6,0.4,10:00,14:30,81,12.3,170.02,-43.3,
3115,"MSTR,RIVN,SMCI,COIN",5,20,5.0,30.0,0.8,0.4,10:00,14:30,81,12.3,170.02,-43.3,
3116,"NVDA,AMD",5,20,5.0,30.0,0.6,0.4,10:00,15:30,80,7.5,169.77,-43.4,
3117,"SPY,QQQ,NVDA",5,26,2.0,50.0,0.6,0.5,10:00,14:30,81,12.3,169.52,-43.5,
3118,"SPY,QQQ,NVDA",5,26,2.0,30.0,0.6,0.5,10:00,14:30,81,12.3,169.52,-43.5,
3119,TSLA,9,26,2.0,50.0,0.6,0.5,10:00,14:30,80,23.8,169.15,-43.6,
3120,"QQQ,TSLA",9,26,2.0,50.0,0.6,0.5,10:00,15:30,81,13.6,169.01,-43.7,
3121,MSTR,5,26,1.0,50.0,0.6,0.5,10:00,14:30,79,29.1,168.96,-43.7,
3122,"NVDA,TSLA",9,20,5.0,30.0,0.6,0.5,10:00,15:30,81,9.9,168.25,-43.9,
3123,"NVDA,TSLA,MSTR",9,20,2.0,50.0,0.8,0.5,10:00,15:30,81,9.9,168.25,-43.9,
3124,"PLTR,SMCI",5,20,2.0,50.0,0.8,0.4,10:00,14:30,81,14.8,167.89,-44.0,
3125,"PLTR,SMCI",5,20,2.0,50.0,0.6,0.4,10:00,14:30,81,14.8,167.89,-44.0,
3126,"PLTR,SMCI",5,20,2.0,30.0,0.8,0.4,10:00,14:30,81,14.8,167.89,-44.0,
3127,"PLTR,SMCI",5,20,2.0,30.0,0.6,0.4,10:00,14:30,81,14.8,167.89,-44.0,
3128,"QQQ,TSLA",9,20,1.0,30.0,0.6,0.4,10:00,14:30,79,21.5,167.58,-44.1,
3129,"PLTR,SMCI",5,26,5.0,50.0,0.6,0.4,10:00,14:30,79,10.1,167.08,-44.3,
3130,"PLTR,SMCI",5,26,5.0,30.0,0.8,0.4,10:00,14:30,79,10.1,167.08,-44.3,
3131,"PLTR,SMCI",5,26,5.0,30.0,0.6,0.4,10:00,14:30,79,10.1,167.08,-44.3,
3132,"PLTR,SMCI",5,26,5.0,50.0,0.8,0.4,10:00,14:30,79,10.1,167.08,-44.3,
3133,GLD,5,26,1.0,50.0,0.8,0.4,10:00,15:30,80,13.8,166.6,-44.5,
3134,NVDA,5,20,5.0,30.0,0.8,0.4,10:00,15:30,80,10.0,166.49,-44.5,
3135,GLD,5,26,2.0,50.0,0.6,0.4,10:00,14:30,80,15.0,166.0,-44.7,
3136,"MSTR,COIN",5,26,1.0,50.0,0.8,0.5,10:00,15:30,81,19.8,165.87,-44.7,
3137,"QQQ,MSTR",5,20,1.0,30.0,0.6,0.4,10:00,14:30,80,21.2,166.03,-44.7,
3138,"QQQ,TSLA",9,20,1.0,30.0,0.8,0.4,10:00,14:30,79,21.5,165.19,-44.9,
3139,"IWM,PLTR",5,20,1.0,30.0,0.8,0.5,10:00,14:30,81,21.0,165.44,-44.9,
3140,"PLTR,COIN,SMCI",5,26,5.0,30.0,0.6,0.5,10:00,14:30,81,13.6,165.32,-44.9,
3141,"PLTR,COIN,SMCI",5,26,5.0,30.0,0.8,0.5,10:00,14:30,81,13.6,165.32,-44.9,
3142,"IWM,PLTR",5,20,1.0,50.0,0.8,0.5,10:00,14:30,81,21.0,165.44,-44.9,
3143,PLTR,5,20,2.0,50.0,0.8,0.4,10:00,14:30,80,16.2,164.5,-45.2,
3144,PLTR,5,20,2.0,50.0,0.6,0.4,10:00,14:30,80,16.2,164.5,-45.2,
3145,PLTR,5,20,2.0,30.0,0.6,0.4,10:00,14:30,80,16.2,164.5,-45.2,
3146,PLTR,5,20,2.0,30.0,0.8,0.4,10:00,14:30,80,16.2,164.5,-45.2,
3147,"NVDA,TSLA",9,20,5.0,50.0,0.6,0.4,10:00,14:30,81,12.3,164.46,-45.2,
3148,"NVDA,TSLA",9,20,5.0,50.0,0.8,0.4,10:00,14:30,81,11.1,164.08,-45.3,
3149,AMD,5,20,2.0,30.0,0.8,0.4,10:00,15:30,78,12.8,164.13,-45.3,
3150,"QQQ,TSLA",9,26,2.0,50.0,0.6,0.4,10:00,14:30,80,13.8,164.09,-45.3,
3151,"QQQ,TSLA",9,26,5.0,30.0,0.6,0.5,10:00,14:30,80,10.0,163.84,-45.4,
3152,GLD,5,26,2.0,30.0,0.6,0.4,10:00,14:30,80,15.0,163.81,-45.4,
3153,"QQQ,MSTR",5,20,1.0,50.0,0.6,0.4,10:00,14:30,80,21.2,163.58,-45.5,
3154,"NVDA,TSLA,PLTR,COIN",5,26,2.0,50.0,0.6,0.4,10:00,15:30,81,8.6,163.62,-45.5,
3155,"PLTR,COIN,SMCI",5,26,5.0,50.0,0.8,0.5,10:00,14:30,81,13.6,163.4,-45.5,
3156,"PLTR,COIN,SMCI",5,26,5.0,50.0,0.6,0.5,10:00,14:30,81,13.6,163.4,-45.5,
3157,GLD,5,26,2.0,30.0,0.8,0.4,10:00,14:30,80,15.0,163.6,-45.5,
3158,GLD,5,26,2.0,50.0,0.8,0.4,10:00,14:30,80,15.0,163.39,-45.5,
3159,"PLTR,COIN,SMCI",9,20,5.0,30.0,0.6,0.5,10:00,14:30,81,12.3,163.09,-45.6,
3160,"TSLA,RIVN",9,26,2.0,30.0,0.6,0.5,10:00,14:30,81,17.3,163.12,-45.6,
3161,"PLTR,COIN,SMCI",9,20,5.0,30.0,0.8,0.5,10:00,14:30,81,12.3,163.09,-45.6,
3162,"QQQ,TSLA",9,26,1.0,50.0,0.8,0.4,10:00,15:30,81,19.8,163.05,-45.7,
3163,"QQQ,TSLA",9,26,2.0,50.0,0.6,0.4,10:00,15:30,81,9.9,162.66,-45.8,
3164,"QQQ,TSLA",9,26,2.0,30.0,0.6,0.4,10:00,15:30,81,9.9,161.9,-46.0,
3165,MSTR,9,26,1.0,30.0,0.8,0.4,10:00,14:30,75,21.3,161.74,-46.1,
3166,MSTR,9,26,1.0,50.0,0.8,0.4,10:00,14:30,75,21.3,161.74,-46.1,
3167,"MSTR,COIN",5,26,1.0,30.0,0.8,0.5,10:00,15:30,81,19.8,161.41,-46.2,
3168,MSTR,9,26,1.0,50.0,0.6,0.5,10:00,15:30,78,26.9,160.97,-46.3,
3169,GLD,9,20,1.0,30.0,0.8,0.5,10:00,15:30,79,17.7,161.25,-46.3,
3170,PLTR,9,26,2.0,50.0,0.6,0.4,10:00,15:30,78,10.3,160.9,-46.4,
3171,"NVDA,TSLA,MSTR",9,20,2.0,30.0,0.8,0.5,10:00,15:30,81,9.9,160.81,-46.4,
3172,PLTR,9,26,2.0,30.0,0.6,0.4,10:00,15:30,78,10.3,160.9,-46.4,
3173,"QQQ,MSTR",5,20,2.0,50.0,0.6,0.5,10:00,15:30,81,12.3,160.51,-46.5,
3174,"QQQ,TSLA",5,26,2.0,30.0,0.6,0.4,10:00,14:30,79,13.9,160.5,-46.5,
3175,NVDA,5,20,5.0,50.0,0.8,0.4,10:00,15:30,80,10.0,160.5,-46.5,
3176,"QQQ,TSLA",9,20,1.0,50.0,0.8,0.4,10:00,14:30,79,21.5,160.5,-46.5,
3177,SPY,5,26,1.0,30.0,0.6,0.4,10:00,15:30,81,19.8,160.08,-46.6,
3178,"QQQ,MSTR",9,26,2.0,30.0,0.8,0.4,10:00,15:30,80,8.8,160.07,-46.6,
3179,AMD,9,26,1.0,50.0,0.6,0.5,10:00,14:30,78,20.5,160.11,-46.6,
3180,AMD,9,26,1.0,30.0,0.6,0.5,10:00,14:30,78,20.5,160.11,-46.6,
3181,"PLTR,COIN,SMCI",9,20,5.0,50.0,0.6,0.5,10:00,14:30,81,12.3,159.74,-46.8,
3182,"PLTR,COIN,SMCI",9,20,5.0,50.0,0.8,0.5,10:00,14:30,81,12.3,159.74,-46.8,
3183,"NVDA,AMD",9,20,5.0,50.0,0.8,0.4,10:00,15:30,80,8.8,159.35,-46.9,
3184,"QQQ,MSTR",9,26,2.0,50.0,0.8,0.4,10:00,15:30,80,8.8,159.39,-46.9,
3185,TLT,5,26,2.0,30.0,0.8,0.4,10:00,14:30,79,12.7,158.12,-47.3,
3186,TLT,5,26,2.0,50.0,0.8,0.4,10:00,14:30,79,12.7,158.12,-47.3,
3187,TLT,5,26,2.0,30.0,0.6,0.4,10:00,14:30,79,12.7,158.12,-47.3,
3188,TLT,5,26,5.0,50.0,0.8,0.4,10:00,14:30,79,12.7,158.12,-47.3,
3189,TLT,5,26,5.0,30.0,0.8,0.4,10:00,14:30,79,12.7,158.12,-47.3,
3190,TLT,5,26,5.0,50.0,0.6,0.4,10:00,14:30,79,12.7,158.12,-47.3,
3191,TLT,5,26,5.0,30.0,0.6,0.4,10:00,14:30,79,12.7,158.12,-47.3,
3192,TLT,5,26,2.0,50.0,0.6,0.4,10:00,14:30,79,12.7,158.12,-47.3,
3193,"NVDA,TSLA",9,26,5.0,30.0,0.6,0.5,10:00,15:30,81,9.9,157.81,-47.4,
3194,"QQQ,NVDA",9,26,2.0,50.0,0.8,0.4,10:00,14:30,79,10.1,157.88,-47.4,
3195,"QQQ,NVDA",9,26,2.0,30.0,0.8,0.4,10:00,14:30,79,10.1,157.88,-47.4,
3196,GLD,9,26,1.0,30.0,0.8,0.5,10:00,15:30,79,16.5,157.69,-47.4,
3197,PLTR,9,26,2.0,50.0,0.6,0.4,10:00,14:30,78,15.4,157.42,-47.5,
3198,SPY,5,26,1.0,50.0,0.6,0.4,10:00,15:30,81,19.8,157.48,-47.5,
3199,"QQQ,TSLA",9,26,2.0,50.0,0.8,0.5,10:00,14:30,80,16.2,156.96,-47.7,
3200,"MSTR,COIN",5,26,2.0,30.0,0.6,0.4,10:00,15:30,81,9.9,156.66,-47.8,
3201,"NVDA,TSLA,PLTR,COIN",5,26,2.0,50.0,0.8,0.4,10:00,14:30,81,12.3,156.58,-47.8,
3202,"TSLA,RIVN",5,20,2.0,50.0,0.6,0.4,10:00,14:30,81,17.3,156.66,-47.8,
3203,"QQQ,TSLA",9,20,2.0,30.0,0.6,0.5,10:00,14:30,79,16.5,156.43,-47.9,
3204,MSTR,5,20,2.0,30.0,0.8,0.4,10:00,15:30,80,12.5,155.74,-48.1,
3205,"MSTR,COIN",5,26,2.0,50.0,0.6,0.4,10:00,15:30,81,9.9,155.56,-48.1,
3206,"PLTR,COIN,SMCI",9,20,5.0,50.0,0.8,0.4,10:00,14:30,81,7.4,155.34,-48.2,
3207,"MSTR,COIN",5,20,5.0,30.0,0.6,0.4,10:00,14:30,81,19.8,155.25,-48.2,
3208,"MSTR,COIN",5,20,5.0,50.0,0.6,0.4,10:00,14:30,81,19.8,155.25,-48.2,
3209,"MSTR,COIN",5,20,5.0,50.0,0.8,0.4,10:00,14:30,81,19.8,155.25,-48.2,
3210,"NVDA,TSLA",9,20,5.0,30.0,0.8,0.5,10:00,15:30,81,7.4,155.36,-48.2,
3211,"MSTR,COIN",5,20,5.0,30.0,0.8,0.4,10:00,14:30,81,19.8,155.25,-48.2,
3212,"PLTR,COIN,SMCI",9,20,5.0,30.0,0.8,0.4,10:00,14:30,81,7.4,155.34,-48.2,
3213,"PLTR,COIN,SMCI",9,20,5.0,30.0,0.6,0.4,10:00,14:30,81,7.4,155.34,-48.2,
3214,"PLTR,COIN,SMCI",9,20,5.0,50.0,0.6,0.4,10:00,14:30,81,7.4,155.34,-48.2,
3215,"NVDA,TSLA,MSTR",9,20,5.0,30.0,0.8,0.4,10:00,15:30,81,3.7,154.85,-48.4,
3216,"TSLA,RIVN",9,20,5.0,50.0,0.8,0.4,10:00,14:30,81,12.3,154.33,-48.6,
3217,"QQQ,TSLA",5,26,2.0,50.0,0.8,0.4,10:00,14:30,79,15.2,154.22,-48.6,
3218,"NVDA,TSLA,MSTR",9,26,1.0,50.0,0.8,0.4,10:00,15:30,81,13.6,153.81,-48.7,
3219,"TSLA,RIVN",5,20,5.0,30.0,0.8,0.5,10:00,15:30,81,7.4,153.86,-48.7,
3220,"IWM,PLTR",5,20,5.0,30.0,0.8,0.4,10:00,14:30,81,9.9,153.57,-48.8,
3221,"NVDA,TSLA,PLTR,COIN",9,20,5.0,30.0,0.8,0.4,10:00,14:30,81,6.2,153.5,-48.8,
3222,"IWM,PLTR",5,20,5.0,50.0,0.6,0.4,10:00,14:30,81,9.9,153.57,-48.8,
3223,"IWM,PLTR",5,20,5.0,50.0,0.8,0.4,10:00,14:30,81,9.9,153.57,-48.8,
3224,PLTR,9,26,2.0,30.0,0.6,0.4,10:00,14:30,78,12.8,153.48,-48.8,
3225,"NVDA,TSLA,MSTR",9,26,1.0,30.0,0.8,0.4,10:00,15:30,81,13.6,153.51,-48.8,
3226,"MSTR,RIVN,SMCI,COIN",9,20,1.0,30.0,0.8,0.4,10:00,14:30,81,12.3,153.58,-48.8,
3227,"IWM,PLTR",5,20,5.0,30.0,0.6,0.4,10:00,14:30,81,9.9,153.57,-48.8,
3228,"MSTR,RIVN,SMCI,COIN",9,20,1.0,50.0,0.8,0.4,10:00,14:30,81,12.3,153.58,-48.8,
3229,"MSTR,COIN",5,20,5.0,30.0,0.6,0.5,10:00,14:30,81,23.5,152.97,-49.0,
3230,"MSTR,COIN",5,20,5.0,50.0,0.8,0.5,10:00,14:30,81,23.5,152.97,-49.0,
3231,"MSTR,COIN",5,20,5.0,30.0,0.8,0.5,10:00,14:30,81,23.5,152.97,-49.0,
3232,"QQQ,TSLA",9,26,1.0,30.0,0.6,0.5,10:00,14:30,80,25.0,153.1,-49.0,
3233,"MSTR,COIN",5,20,5.0,50.0,0.6,0.5,10:00,14:30,81,23.5,152.97,-49.0,
3234,"QQQ,TSLA",9,20,2.0,50.0,0.6,0.5,10:00,14:30,79,16.5,152.78,-49.1,
3235,"NVDA,TSLA,PLTR,COIN",9,20,5.0,30.0,0.6,0.4,10:00,14:30,81,6.2,152.33,-49.2,
3236,"MSTR,COIN",5,26,2.0,50.0,0.6,0.5,10:00,14:30,81,19.8,152.52,-49.2,
3237,"NVDA,TSLA,MSTR",9,26,1.0,30.0,0.6,0.4,10:00,14:30,81,16.0,152.17,-49.3,
3238,"QQQ,TSLA",5,26,1.0,50.0,0.6,0.5,10:00,14:30,79,20.3,152.01,-49.3,
3239,"NVDA,TSLA,MSTR",9,26,1.0,50.0,0.6,0.4,10:00,14:30,81,16.0,151.67,-49.4,
3240,"QQQ,TSLA",9,26,1.0,50.0,0.8,0.5,10:00,14:30,80,25.0,151.49,-49.5,
3241,"SPY,NVDA",9,26,2.0,30.0,0.6,0.5,10:00,14:30,81,12.3,151.14,-49.6,
3242,"SPY,NVDA",9,26,2.0,50.0,0.8,0.5,10:00,14:30,81,12.3,151.14,-49.6,
3243,"TSLA,RIVN",9,26,5.0,50.0,0.8,0.4,10:00,15:30,81,14.8,151.22,-49.6,
3244,"SPY,NVDA",9,26,2.0,50.0,0.6,0.5,10:00,14:30,81,12.3,151.14,-49.6,
3245,"SPY,NVDA",9,26,2.0,30.0,0.8,0.5,10:00,14:30,81,12.3,151.14,-49.6,
3246,"QQQ,TSLA",9,20,2.0,30.0,0.6,0.5,10:00,15:30,81,12.3,150.84,-49.7,
3247,"QQQ,TSLA",9,26,1.0,50.0,0.6,0.5,10:00,14:30,80,25.0,151.0,-49.7,
3248,MSTR,9,26,2.0,50.0,0.8,0.4,10:00,15:30,78,11.5,150.49,-49.8,
3249,"NVDA,TSLA",9,26,5.0,30.0,0.6,0.4,10:00,15:30,81,6.2,150.34,-49.9,
3250,"NVDA,TSLA,MSTR",9,26,5.0,30.0,0.6,0.5,10:00,15:30,81,7.4,150.15,-49.9,
3251,"MSTR,COIN",5,26,2.0,30.0,0.6,0.5,10:00,14:30,81,18.5,149.99,-50.0,
3252,"MSTR,RIVN,SMCI,COIN",9,20,2.0,30.0,0.6,0.5,10:00,14:30,81,11.1,149.72,-50.1,
3253,GLD,9,20,2.0,30.0,0.6,0.4,10:00,14:30,79,13.9,149.29,-50.2,
3254,GLD,9,20,2.0,50.0,0.6,0.4,10:00,14:30,79,13.9,149.29,-50.2,
3255,GLD,9,20,2.0,30.0,0.8,0.4,10:00,14:30,79,13.9,149.29,-50.2,
3256,GLD,9,20,2.0,50.0,0.8,0.4,10:00,14:30,79,13.9,149.29,-50.2,
3257,"QQQ,TSLA",5,26,2.0,30.0,0.8,0.5,10:00,15:30,81,9.9,149.55,-50.2,
3258,"NVDA,TSLA,PLTR,COIN",5,26,2.0,30.0,0.6,0.4,10:00,14:30,81,11.1,149.24,-50.3,
3259,"QQQ,TSLA",9,20,1.0,50.0,0.8,0.5,10:00,14:30,79,24.1,149.14,-50.3,
3260,MSTR,9,26,5.0,30.0,0.8,0.5,10:00,14:30,44,29.5,148.95,-50.4,
3261,"QQQ,TSLA",9,20,1.0,30.0,0.8,0.5,10:00,14:30,79,24.1,148.73,-50.4,
3262,"NVDA,TSLA,MSTR",9,20,5.0,50.0,0.6,0.4,10:00,15:30,81,7.4,148.79,-50.4,
3263,MSTR,9,26,5.0,30.0,0.6,0.5,10:00,14:30,44,29.5,148.95,-50.4,
3264,MSTR,9,26,5.0,50.0,0.8,0.5,10:00,14:30,44,29.5,148.95,-50.4,
3265,MSTR,9,26,5.0,50.0,0.6,0.5,10:00,14:30,44,29.5,148.95,-50.4,
3266,"MSTR,RIVN,SMCI,COIN",9,20,2.0,50.0,0.6,0.5,10:00,14:30,81,11.1,148.6,-50.5,
3267,"QQQ,MSTR",9,20,2.0,30.0,0.8,0.4,10:00,14:30,79,11.4,148.41,-50.5,
3268,GLD,9,20,5.0,30.0,0.8,0.4,10:00,14:30,79,12.7,148.53,-50.5,
3269,GLD,9,20,5.0,30.0,0.6,0.4,10:00,14:30,79,12.7,148.53,-50.5,
3270,MSTR,9,20,2.0,30.0,0.8,0.4,10:00,14:30,78,17.9,148.41,-50.5,
3271,"NVDA,TSLA,MSTR",5,26,2.0,30.0,0.6,0.4,10:00,15:30,81,9.9,148.61,-50.5,
3272,"QQQ,MSTR",9,20,2.0,50.0,0.8,0.4,10:00,14:30,79,11.4,148.4,-50.5,
3273,GLD,9,20,5.0,50.0,0.6,0.4,10:00,14:30,79,12.7,148.05,-50.6,
3274,GLD,9,20,5.0,50.0,0.8,0.4,10:00,14:30,79,12.7,148.05,-50.6,
3275,PLTR,9,20,5.0,50.0,0.6,0.5,10:00,14:30,78,15.4,147.91,-50.7,
3276,PLTR,9,20,5.0,50.0,0.8,0.5,10:00,14:30,78,15.4,147.91,-50.7,
3277,PLTR,9,20,5.0,30.0,0.8,0.5,10:00,14:30,78,15.4,147.91,-50.7,
3278,PLTR,9,20,5.0,30.0,0.6,0.5,10:00,14:30,78,15.4,147.91,-50.7,
3279,"MSTR,COIN",5,26,5.0,30.0,0.6,0.4,10:00,14:30,81,16.0,147.52,-50.8,
3280,"MSTR,COIN",5,26,5.0,50.0,0.6,0.4,10:00,14:30,81,16.0,147.52,-50.8,
3281,GLD,5,26,5.0,50.0,0.8,0.4,10:00,14:30,81,11.1,147.48,-50.8,
3282,GLD,5,26,5.0,50.0,0.6,0.4,10:00,14:30,81,11.1,147.48,-50.8,
3283,"MSTR,COIN",5,26,5.0,50.0,0.8,0.4,10:00,14:30,81,16.0,147.52,-50.8,
3284,"MSTR,COIN",5,26,5.0,30.0,0.8,0.4,10:00,14:30,81,16.0,147.52,-50.8,
3285,"QQQ,TSLA",9,26,1.0,50.0,0.8,0.5,10:00,15:30,81,19.8,147.23,-50.9,
3286,"IWM,PLTR",5,20,1.0,30.0,0.6,0.5,10:00,14:30,81,21.0,146.88,-51.0,
3287,"NVDA,TSLA,MSTR",9,20,2.0,50.0,0.8,0.4,10:00,14:30,81,13.6,146.92,-51.0,
3288,"IWM,PLTR",5,20,1.0,50.0,0.6,0.5,10:00,14:30,81,21.0,146.88,-51.0,
3289,"MSTR,RIVN,SMCI,COIN",5,20,2.0,50.0,0.8,0.5,10:00,14:30,81,13.6,146.97,-51.0,
3290,"NVDA,AMD",9,20,5.0,30.0,0.8,0.5,10:00,15:30,80,8.8,147.13,-51.0,
3291,"MSTR,RIVN,SMCI,COIN",5,20,2.0,30.0,0.8,0.5,10:00,14:30,81,13.6,146.97,-51.0,
3292,"IWM,PLTR",5,20,2.0,50.0,0.6,0.4,10:00,14:30,81,9.9,146.63,-51.1,
3293,"IWM,PLTR",5,20,2.0,30.0,0.8,0.4,10:00,14:30,81,9.9,146.63,-51.1,
3294,"IWM,PLTR",5,20,2.0,30.0,0.6,0.4,10:00,14:30,81,9.9,146.63,-51.1,
3295,"IWM,PLTR",5,20,2.0,50.0,0.8,0.4,10:00,14:30,81,9.9,146.63,-51.1,
3296,GLD,5,26,5.0,30.0,0.6,0.4,10:00,14:30,81,11.1,146.81,-51.1,
3297,"TSLA,RIVN",9,26,5.0,50.0,0.6,0.4,10:00,15:30,81,16.0,146.62,-51.1,
3298,GLD,5,26,5.0,30.0,0.8,0.4,10:00,14:30,81,11.1,146.81,-51.1,
3299,"MSTR,RIVN,SMCI,COIN",9,26,2.0,30.0,0.6,0.5,10:00,14:30,81,11.1,146.3,-51.2,
3300,"MSTR,RIVN,SMCI,COIN",9,26,2.0,50.0,0.8,0.5,10:00,14:30,81,11.1,146.3,-51.2,
3301,"MSTR,RIVN,SMCI,COIN",9,26,2.0,30.0,0.8,0.5,10:00,14:30,81,11.1,146.3,-51.2,
3302,"MSTR,RIVN,SMCI,COIN",9,26,2.0,50.0,0.6,0.5,10:00,14:30,81,11.1,146.3,-51.2,
3303,"TSLA,RIVN",9,20,5.0,50.0,0.6,0.4,10:00,14:30,81,12.3,146.07,-51.3,
3304,MSTR,9,26,5.0,30.0,0.8,0.4,10:00,14:30,46,28.3,146.05,-51.3,
3305,MSTR,9,26,5.0,50.0,0.6,0.4,10:00,14:30,46,28.3,146.05,-51.3,
3306,MSTR,9,26,5.0,50.0,0.8,0.4,10:00,14:30,46,28.3,146.05,-51.3,
3307,MSTR,9,26,5.0,30.0,0.6,0.4,10:00,14:30,46,28.3,146.05,-51.3,
3308,"NVDA,TSLA,PLTR,COIN",9,26,5.0,30.0,0.8,0.4,10:00,15:30,81,7.4,145.69,-51.4,
3309,"QQQ,NVDA",5,26,5.0,50.0,0.8,0.4,10:00,14:30,80,8.8,145.47,-51.5,
3310,"QQQ,NVDA",5,26,5.0,50.0,0.6,0.4,10:00,14:30,80,8.8,145.47,-51.5,
3311,"QQQ,NVDA",5,26,5.0,30.0,0.8,0.4,10:00,14:30,80,8.8,145.47,-51.5,
3312,"QQQ,NVDA",5,26,5.0,30.0,0.6,0.4,10:00,14:30,80,8.8,145.47,-51.5,
3313,"MSTR,RIVN,SMCI,COIN",9,26,5.0,30.0,0.8,0.4,10:00,15:30,81,7.4,145.26,-51.6,
3314,"MSTR,RIVN,SMCI,COIN",9,26,5.0,30.0,0.6,0.4,10:00,15:30,81,7.4,145.26,-51.6,
3315,"QQQ,TSLA",9,20,2.0,50.0,0.6,0.4,10:00,14:30,79,13.9,145.23,-51.6,
3316,"IWM,PLTR",5,26,1.0,50.0,0.8,0.5,10:00,14:30,80,17.5,144.84,-51.7,
3317,"IWM,PLTR",5,26,1.0,30.0,0.8,0.5,10:00,14:30,80,17.5,144.84,-51.7,
3318,"NVDA,TSLA,MSTR",9,20,5.0,30.0,0.6,0.4,10:00,15:30,81,4.9,144.94,-51.7,
3319,"QQQ,MSTR",9,20,2.0,50.0,0.6,0.4,10:00,14:30,79,11.4,144.92,-51.7,
3320,"IWM,PLTR",5,26,1.0,30.0,0.6,0.5,10:00,14:30,80,17.5,144.84,-51.7,
3321,"IWM,PLTR",5,26,1.0,50.0,0.6,0.5,10:00,14:30,80,17.5,144.84,-51.7,
3322,"QQQ,TSLA",9,26,1.0,30.0,0.8,0.5,10:00,14:30,80,25.0,144.74,-51.8,
3323,"QQQ,TSLA",5,26,2.0,50.0,0.6,0.4,10:00,14:30,79,16.5,144.31,-51.9,
3324,"NVDA,TSLA,PLTR,COIN",5,26,2.0,50.0,0.6,0.5,10:00,14:30,81,16.0,144.43,-51.9,
3325,"QQQ,MSTR",9,20,2.0,30.0,0.6,0.4,10:00,14:30,79,11.4,144.22,-51.9,
3326,"PLTR,COIN,SMCI",5,20,5.0,30.0,0.6,0.4,10:00,15:30,81,9.9,143.98,-52.0,
3327,"PLTR,COIN,SMCI",9,20,2.0,30.0,0.8,0.5,10:00,14:30,81,14.8,144.07,-52.0,
3328,"PLTR,COIN,SMCI",5,20,5.0,30.0,0.8,0.4,10:00,15:30,81,9.9,143.98,-52.0,
3329,"PLTR,COIN,SMCI",9,20,2.0,50.0,0.8,0.5,10:00,14:30,81,14.8,144.07,-52.0,
3330,"MSTR,RIVN,SMCI,COIN",5,20,1.0,50.0,0.6,0.5,10:00,15:30,81,17.3,143.73,-52.1,
3331,"NVDA,TSLA,MSTR",9,20,5.0,30.0,0.8,0.5,10:00,15:30,81,6.2,143.55,-52.1,
3332,"MSTR,COIN",9,26,5.0,30.0,0.6,0.5,10:00,14:30,81,19.8,143.63,-52.1,
3333,"MSTR,RIVN,SMCI,COIN",5,20,1.0,30.0,0.6,0.5,10:00,15:30,81,17.3,143.73,-52.1,
3334,MSTR,5,20,2.0,50.0,0.8,0.4,10:00,15:30,80,12.5,143.8,-52.1,
3335,"MSTR,COIN",9,26,5.0,50.0,0.6,0.5,10:00,14:30,81,19.8,143.63,-52.1,
3336,"MSTR,COIN",9,26,5.0,50.0,0.8,0.5,10:00,14:30,81,19.8,143.63,-52.1,
3337,"MSTR,COIN",9,26,5.0,30.0,0.8,0.5,10:00,14:30,81,19.8,143.63,-52.1,
3338,"MSTR,RIVN,SMCI,COIN",9,26,5.0,50.0,0.6,0.4,10:00,15:30,81,7.4,143.34,-52.2,
3339,"MSTR,RIVN,SMCI,COIN",9,26,5.0,50.0,0.8,0.4,10:00,15:30,81,7.4,143.34,-52.2,
3340,"NVDA,TSLA,PLTR,COIN",5,26,2.0,30.0,0.6,0.5,10:00,14:30,81,16.0,143.5,-52.2,
3341,"IWM,PLTR",5,26,1.0,30.0,0.8,0.4,10:00,14:30,80,12.5,142.97,-52.3,
3342,"IWM,PLTR",5,26,1.0,50.0,0.6,0.4,10:00,14:30,80,12.5,142.97,-52.3,
3343,COIN,9,26,5.0,30.0,0.6,0.4,10:00,14:30,81,14.8,143.21,-52.3,
3344,COIN,9,26,5.0,50.0,0.8,0.4,10:00,14:30,81,14.8,143.21,-52.3,
3345,"IWM,PLTR",5,26,1.0,30.0,0.6,0.4,10:00,14:30,80,12.5,142.97,-52.3,
3346,"IWM,PLTR",5,26,1.0,50.0,0.8,0.4,10:00,14:30,80,12.5,142.97,-52.3,
3347,COIN,9,26,5.0,50.0,0.6,0.4,10:00,14:30,81,14.8,143.21,-52.3,
3348,COIN,9,26,5.0,30.0,0.8,0.4,10:00,14:30,81,14.8,143.21,-52.3,
3349,PLTR,9,20,1.0,30.0,0.8,0.4,10:00,15:30,78,12.8,142.68,-52.4,
3350,PLTR,9,20,1.0,50.0,0.8,0.4,10:00,15:30,78,12.8,142.68,-52.4,
3351,"TSLA,RIVN",5,20,5.0,50.0,0.8,0.5,10:00,15:30,81,11.1,142.83,-52.4,
3352,"SPY,QQQ,NVDA",9,20,5.0,50.0,0.8,0.4,10:00,14:30,81,3.7,142.48,-52.5,
3353,"QQQ,MSTR",9,26,2.0,50.0,0.6,0.4,10:00,15:30,80,10.0,142.45,-52.5,
3354,"SPY,QQQ,NVDA",9,20,5.0,30.0,0.6,0.4,10:00,14:30,81,3.7,142.48,-52.5,
3355,"SPY,QQQ,NVDA",9,20,5.0,30.0,0.8,0.4,10:00,14:30,81,3.7,142.48,-52.5,
3356,"SPY,QQQ,NVDA",9,20,5.0,50.0,0.6,0.4,10:00,14:30,81,3.7,142.48,-52.5,
3357,"QQQ,TSLA",9,26,2.0,30.0,0.6,0.5,10:00,14:30,80,16.2,142.56,-52.5,
3358,GLD,5,20,1.0,30.0,0.8,0.4,10:00,15:30,81,12.3,142.18,-52.6,
3359,"NVDA,TSLA,MSTR",5,26,2.0,50.0,0.6,0.4,10:00,15:30,81,9.9,142.26,-52.6,
3360,TLT,5,26,5.0,50.0,0.8,0.5,10:00,14:30,79,15.2,141.91,-52.7,
3361,"MSTR,RIVN,SMCI,COIN",5,20,1.0,50.0,0.8,0.5,10:00,14:30,81,22.2,141.95,-52.7,
3362,TLT,5,26,2.0,30.0,0.6,0.5,10:00,14:30,79,15.2,141.91,-52.7,
3363,TLT,5,26,5.0,50.0,0.6,0.5,10:00,14:30,79,15.2,141.91,-52.7,
3364,TLT,5,26,2.0,50.0,0.6,0.5,10:00,14:30,79,15.2,141.91,-52.7,
3365,TLT,5,26,2.0,30.0,0.8,0.5,10:00,14:30,79,15.2,141.91,-52.7,
3366,TLT,5,26,2.0,50.0,0.8,0.5,10:00,14:30,79,15.2,141.91,-52.7,
3367,TLT,5,26,5.0,30.0,0.8,0.5,10:00,14:30,79,15.2,141.91,-52.7,
3368,"NVDA,TSLA,MSTR",9,20,2.0,50.0,0.8,0.4,10:00,15:30,81,9.9,141.89,-52.7,
3369,TLT,5,26,5.0,30.0,0.6,0.5,10:00,14:30,79,15.2,141.91,-52.7,
3370,"MSTR,RIVN,SMCI,COIN",5,20,1.0,30.0,0.8,0.5,10:00,14:30,81,22.2,141.95,-52.7,
3371,"PLTR,COIN,SMCI",9,26,5.0,50.0,0.8,0.5,10:00,15:30,81,9.9,141.4,-52.9,
3372,"QQQ,TSLA",9,26,2.0,50.0,0.6,0.5,10:00,14:30,80,16.2,141.36,-52.9,
3373,"MSTR,RIVN,SMCI,COIN",9,20,2.0,50.0,0.8,0.5,10:00,14:30,81,11.1,141.23,-52.9,
3374,"MSTR,RIVN,SMCI,COIN",9,20,2.0,30.0,0.8,0.5,10:00,14:30,81,11.1,141.23,-52.9,
3375,"PLTR,COIN,SMCI",9,26,5.0,50.0,0.6,0.5,10:00,15:30,81,9.9,141.4,-52.9,
3376,PLTR,5,20,5.0,30.0,0.6,0.5,10:00,14:30,80,15.0,140.99,-53.0,
3377,PLTR,5,20,5.0,30.0,0.8,0.5,10:00,14:30,80,15.0,140.99,-53.0,
3378,PLTR,5,20,5.0,50.0,0.6,0.5,10:00,14:30,80,15.0,140.99,-53.0,
3379,PLTR,5,20,5.0,50.0,0.8,0.5,10:00,14:30,80,15.0,140.99,-53.0,
3380,"SPY,NVDA",9,20,5.0,50.0,0.6,0.5,10:00,15:30,81,7.4,140.61,-53.1,
3381,"SPY,NVDA",9,20,5.0,30.0,0.6,0.5,10:00,15:30,81,7.4,140.61,-53.1,
3382,"SPY,NVDA",9,20,5.0,30.0,0.8,0.5,10:00,15:30,81,7.4,140.61,-53.1,
3383,AMD,5,20,1.0,30.0,0.8,0.4,10:00,14:30,78,14.1,140.79,-53.1,
3384,AMD,5,20,1.0,50.0,0.8,0.4,10:00,14:30,78,14.1,140.79,-53.1,
3385,"SPY,NVDA",9,20,5.0,50.0,0.8,0.5,10:00,15:30,81,7.4,140.61,-53.1,
3386,COIN,5,26,5.0,30.0,0.6,0.4,10:00,14:30,81,14.8,140.16,-53.3,
3387,COIN,5,26,5.0,50.0,0.6,0.4,10:00,14:30,81,14.8,140.16,-53.3,
3388,"TSLA,RIVN",9,26,2.0,50.0,0.8,0.4,10:00,15:30,81,12.3,140.17,-53.3,
3389,COIN,5,26,5.0,50.0,0.8,0.4,10:00,14:30,81,14.8,140.16,-53.3,
3390,COIN,5,26,5.0,30.0,0.8,0.4,10:00,14:30,81,14.8,140.16,-53.3,
3391,"NVDA,TSLA,MSTR",9,26,5.0,30.0,0.6,0.4,10:00,15:30,81,4.9,140.06,-53.3,
3392,GLD,5,26,1.0,30.0,0.8,0.4,10:00,15:30,80,13.8,139.91,-53.4,
3393,TSLA,9,26,1.0,30.0,0.8,0.5,10:00,15:30,81,23.5,139.52,-53.5,
3394,"MSTR,COIN",9,20,1.0,30.0,0.6,0.4,10:00,14:30,81,22.2,138.47,-53.8,
3395,"MSTR,COIN",5,26,5.0,50.0,0.8,0.5,10:00,14:30,81,18.5,138.18,-53.9,
3396,"MSTR,COIN",5,26,5.0,50.0,0.6,0.5,10:00,14:30,81,18.5,138.18,-53.9,
3397,"MSTR,COIN",5,26,5.0,30.0,0.8,0.5,10:00,14:30,81,18.5,138.18,-53.9,
3398,"MSTR,COIN",5,26,5.0,30.0,0.6,0.5,10:00,14:30,81,18.5,138.18,-53.9,
3399,"NVDA,TSLA,PLTR,COIN",5,26,2.0,50.0,0.6,0.4,10:00,14:30,81,9.9,138.22,-53.9,
3400,PLTR,5,26,2.0,30.0,0.8,0.4,10:00,14:30,78,11.5,138.02,-54.0,
3401,PLTR,5,26,2.0,50.0,0.8,0.4,10:00,14:30,78,11.5,138.02,-54.0,
3402,PLTR,5,26,2.0,50.0,0.6,0.4,10:00,14:30,78,11.5,138.02,-54.0,
3403,GLD,5,20,1.0,50.0,0.8,0.4,10:00,15:30,81,12.3,138.15,-54.0,
3404,PLTR,5,26,2.0,30.0,0.6,0.4,10:00,14:30,78,11.5,138.02,-54.0,
3405,"MSTR,COIN",9,20,1.0,50.0,0.6,0.4,10:00,14:30,81,22.2,137.79,-54.1,
3406,"QQQ,MSTR",9,26,2.0,30.0,0.6,0.4,10:00,15:30,80,10.0,137.39,-54.2,
3407,"QQQ,TSLA",9,26,1.0,30.0,0.8,0.5,10:00,15:30,81,19.8,137.32,-54.2,
3408,"MSTR,COIN",9,20,5.0,50.0,0.6,0.4,10:00,14:30,81,16.0,137.11,-54.3,
3409,"MSTR,COIN",9,20,5.0,30.0,0.6,0.4,10:00,14:30,81,16.0,137.11,-54.3,
3410,"MSTR,COIN",9,20,5.0,30.0,0.8,0.4,10:00,14:30,81,16.0,137.11,-54.3,
3411,"MSTR,COIN",9,20,5.0,50.0,0.8,0.4,10:00,14:30,81,16.0,137.11,-54.3,
3412,"TSLA,RIVN",9,26,1.0,30.0,0.8,0.4,10:00,15:30,81,14.8,136.74,-54.4,
3413,MSTR,9,26,1.0,30.0,0.6,0.5,10:00,15:30,78,21.8,136.14,-54.6,
3414,GLD,9,20,1.0,50.0,0.8,0.4,10:00,14:30,79,15.2,136.24,-54.6,
3415,GLD,9,20,1.0,30.0,0.8,0.4,10:00,14:30,79,15.2,136.24,-54.6,
3416,"AMD,TSLA,NVDA",9,20,5.0,50.0,0.6,0.4,10:00,15:30,81,4.9,135.91,-54.7,
3417,"SPY,QQQ,NVDA",9,26,5.0,50.0,0.6,0.5,10:00,15:30,81,7.4,135.31,-54.9,
3418,"SPY,QQQ,NVDA",9,26,5.0,30.0,0.8,0.5,10:00,15:30,81,7.4,135.31,-54.9,
3419,"SPY,QQQ,NVDA",9,26,5.0,30.0,0.6,0.5,10:00,15:30,81,7.4,135.31,-54.9,
3420,"SPY,QQQ,NVDA",9,26,5.0,50.0,0.8,0.5,10:00,15:30,81,7.4,135.31,-54.9,
3421,"TSLA,RIVN",5,26,5.0,30.0,0.6,0.4,10:00,15:30,81,7.4,134.86,-55.0,
3422,"QQQ,NVDA",5,26,5.0,30.0,0.6,0.4,10:00,15:30,81,8.6,134.71,-55.1,
3423,"QQQ,NVDA",5,26,5.0,50.0,0.6,0.4,10:00,15:30,81,8.6,134.71,-55.1,
3424,"MSTR,COIN",5,26,2.0,50.0,0.6,0.5,10:00,15:30,81,13.6,134.66,-55.1,
3425,"TSLA,RIVN",9,20,5.0,30.0,0.8,0.4,10:00,15:30,81,6.2,134.71,-55.1,
3426,"SPY,NVDA",9,26,2.0,50.0,0.6,0.4,10:00,15:30,81,9.9,134.67,-55.1,
3427,"QQQ,NVDA",5,26,5.0,30.0,0.8,0.4,10:00,15:30,81,8.6,134.71,-55.1,
3428,"QQQ,NVDA",5,26,5.0,50.0,0.8,0.4,10:00,15:30,81,8.6,134.71,-55.1,
3429,"QQQ,TSLA",9,20,2.0,50.0,0.6,0.5,10:00,15:30,81,13.6,134.4,-55.2,
3430,MSTR,9,26,1.0,30.0,0.8,0.5,10:00,15:30,78,19.2,134.07,-55.3,
3431,"TSLA,RIVN",9,20,5.0,50.0,0.6,0.4,10:00,15:30,81,9.9,134.02,-55.3,
3432,AMD,5,20,2.0,50.0,0.8,0.4,10:00,15:30,78,11.5,133.36,-55.5,
3433,"AMD,TSLA,NVDA",9,20,5.0,50.0,0.8,0.4,10:00,15:30,81,4.9,133.07,-55.6,
3434,"NVDA,TSLA,MSTR",9,20,2.0,50.0,0.6,0.4,10:00,14:30,81,14.8,133.23,-55.6,
3435,"TSLA,RIVN",5,26,5.0,50.0,0.8,0.4,10:00,15:30,81,8.6,133.29,-55.6,
3436,"TSLA,RIVN",5,20,1.0,30.0,0.8,0.4,10:00,14:30,81,17.3,133.18,-55.6,
3437,"NVDA,TSLA,MSTR",9,20,1.0,50.0,0.8,0.5,10:00,15:30,81,9.9,132.57,-55.8,
3438,"NVDA,TSLA,PLTR,COIN",9,20,2.0,30.0,0.6,0.4,10:00,15:30,81,6.2,132.5,-55.8,
3439,"NVDA,TSLA,PLTR,COIN",9,20,2.0,50.0,0.6,0.4,10:00,15:30,81,6.2,132.72,-55.8,
3440,"NVDA,TSLA,MSTR",9,20,1.0,30.0,0.8,0.5,10:00,15:30,81,9.9,132.35,-55.9,
3441,"MSTR,RIVN,SMCI,COIN",9,20,2.0,50.0,0.8,0.4,10:00,15:30,81,7.4,132.08,-56.0,
3442,"QQQ,TSLA",5,26,1.0,50.0,0.6,0.5,10:00,15:30,81,18.5,132.06,-56.0,
3443,"MSTR,RIVN,SMCI,COIN",9,20,2.0,30.0,0.8,0.4,10:00,15:30,81,7.4,132.08,-56.0,
3444,"QQQ,TSLA",9,20,1.0,50.0,0.6,0.5,10:00,14:30,79,22.8,131.81,-56.1,
3445,"NVDA,AMD",9,20,5.0,30.0,0.8,0.4,10:00,15:30,80,8.8,131.69,-56.1,
3446,"PLTR,COIN,SMCI",5,20,5.0,50.0,0.8,0.4,10:00,15:30,81,9.9,131.64,-56.1,
3447,"PLTR,COIN,SMCI",5,20,5.0,50.0,0.6,0.4,10:00,15:30,81,9.9,131.64,-56.1,
3448,"QQQ,NVDA",9,20,5.0,50.0,0.8,0.4,10:00,15:30,81,7.4,131.37,-56.2,
3449,"QQQ,NVDA",9,20,5.0,30.0,0.8,0.4,10:00,15:30,81,7.4,131.37,-56.2,
3450,"IWM,PLTR",5,26,2.0,50.0,0.8,0.5,10:00,15:30,81,12.3,131.25,-56.2,
3451,"IWM,PLTR",5,26,2.0,50.0,0.6,0.5,10:00,15:30,81,12.3,131.25,-56.2,
3452,"QQQ,NVDA",9,20,5.0,30.0,0.6,0.4,10:00,15:30,81,7.4,131.37,-56.2,
3453,"QQQ,NVDA",9,20,5.0,50.0,0.6,0.4,10:00,15:30,81,7.4,131.37,-56.2,
3454,"QQQ,TSLA",9,20,1.0,30.0,0.6,0.5,10:00,14:30,79,22.8,130.5,-56.5,
3455,"TSLA,RIVN",9,26,1.0,50.0,0.8,0.4,10:00,15:30,81,14.8,129.82,-56.7,
3456,PLTR,5,26,5.0,30.0,0.6,0.5,10:00,14:30,78,11.5,129.16,-56.9,
3457,PLTR,5,26,5.0,50.0,0.6,0.5,10:00,14:30,78,11.5,129.16,-56.9,
3458,PLTR,5,26,5.0,30.0,0.8,0.5,10:00,14:30,78,11.5,129.16,-56.9,
3459,"NVDA,TSLA,PLTR,COIN",9,20,1.0,50.0,0.8,0.4,10:00,14:30,81,14.8,129.3,-56.9,
3460,"NVDA,TSLA,PLTR,COIN",9,20,1.0,30.0,0.8,0.4,10:00,14:30,81,14.8,129.33,-56.9,
3461,PLTR,5,26,5.0,50.0,0.8,0.5,10:00,14:30,78,11.5,129.16,-56.9,
3462,"MSTR,RIVN,SMCI,COIN",5,20,2.0,50.0,0.6,0.5,10:00,15:30,81,12.3,128.73,-57.1,
3463,"QQQ,NVDA",9,20,5.0,50.0,0.8,0.5,10:00,14:30,80,6.2,128.77,-57.1,
3464,"TSLA,RIVN",9,20,2.0,30.0,0.8,0.4,10:00,15:30,81,9.9,128.67,-57.1,
3465,"QQQ,NVDA",9,20,5.0,30.0,0.6,0.5,10:00,14:30,80,6.2,128.77,-57.1,
3466,"QQQ,NVDA",9,20,5.0,50.0,0.6,0.5,10:00,14:30,80,6.2,128.77,-57.1,
3467,"QQQ,NVDA",9,20,5.0,30.0,0.8,0.5,10:00,14:30,80,6.2,128.77,-57.1,
3468,SPY,9,20,5.0,50.0,0.8,0.4,10:00,15:30,81,7.4,128.2,-57.3,
3469,"MSTR,RIVN,SMCI,COIN",9,26,5.0,30.0,0.8,0.5,10:00,15:30,81,8.6,128.02,-57.3,
3470,SPY,9,20,5.0,30.0,0.8,0.4,10:00,15:30,81,7.4,128.2,-57.3,
3471,"MSTR,RIVN,SMCI,COIN",9,26,5.0,30.0,0.6,0.5,10:00,15:30,81,8.6,128.02,-57.3,
3472,SPY,9,20,5.0,30.0,0.6,0.4,10:00,15:30,81,7.4,128.2,-57.3,
3473,SPY,9,20,5.0,50.0,0.6,0.4,10:00,15:30,81,7.4,128.2,-57.3,
3474,"QQQ,MSTR",5,26,1.0,30.0,0.8,0.4,10:00,14:30,80,12.5,127.83,-57.4,
3475,"MSTR,COIN",5,26,1.0,30.0,0.8,0.4,10:00,14:30,81,16.0,127.93,-57.4,
3476,"QQQ,MSTR",5,26,1.0,50.0,0.8,0.4,10:00,14:30,80,12.5,127.83,-57.4,
3477,"MSTR,COIN",5,26,1.0,50.0,0.8,0.4,10:00,14:30,81,16.0,127.93,-57.4,
3478,"IWM,PLTR",5,26,5.0,50.0,0.6,0.5,10:00,14:30,80,11.2,127.29,-57.6,
3479,COIN,5,26,1.0,50.0,0.8,0.4,10:00,14:30,81,19.8,127.11,-57.6,
3480,"IWM,PLTR",5,26,5.0,50.0,0.8,0.5,10:00,14:30,80,11.2,127.29,-57.6,
3481,COIN,5,26,1.0,30.0,0.8,0.4,10:00,14:30,81,19.8,127.11,-57.6,
3482,"IWM,PLTR",5,26,5.0,30.0,0.6,0.5,10:00,14:30,80,11.2,127.29,-57.6,
3483,"IWM,PLTR",5,26,5.0,30.0,0.8,0.5,10:00,14:30,80,11.2,127.29,-57.6,
3484,"TSLA,RIVN",5,20,2.0,30.0,0.8,0.4,10:00,14:30,81,14.8,126.78,-57.7,
3485,"NVDA,TSLA,MSTR",9,26,1.0,30.0,0.6,0.4,10:00,15:30,81,13.6,126.81,-57.7,
3486,"NVDA,TSLA,MSTR",9,26,1.0,50.0,0.6,0.4,10:00,15:30,81,13.6,126.49,-57.8,
3487,"QQQ,TSLA",9,20,2.0,30.0,0.6,0.4,10:00,15:30,81,8.6,126.74,-57.8,
3488,MSTR,9,20,5.0,50.0,0.6,0.4,10:00,14:30,43,25.6,126.73,-57.8,
3489,MSTR,9,20,5.0,50.0,0.8,0.4,10:00,14:30,43,25.6,126.73,-57.8,
3490,MSTR,9,20,5.0,30.0,0.8,0.4,10:00,14:30,43,25.6,126.73,-57.8,
3491,MSTR,9,20,5.0,30.0,0.6,0.4,10:00,14:30,43,25.6,126.73,-57.8,
3492,"SPY,QQQ,NVDA",9,20,5.0,50.0,0.6,0.5,10:00,14:30,81,3.7,126.03,-58.0,
3493,"SPY,QQQ,NVDA",9,20,5.0,30.0,0.8,0.5,10:00,14:30,81,3.7,126.03,-58.0,
3494,"SPY,QQQ,NVDA",9,20,5.0,30.0,0.6,0.5,10:00,14:30,81,3.7,126.03,-58.0,
3495,"SPY,QQQ,NVDA",9,20,5.0,50.0,0.8,0.5,10:00,14:30,81,3.7,126.03,-58.0,
3496,"MSTR,RIVN,SMCI,COIN",9,26,1.0,30.0,0.8,0.4,10:00,14:30,81,11.1,125.6,-58.1,
3497,"MSTR,RIVN,SMCI,COIN",9,26,5.0,50.0,0.6,0.5,10:00,15:30,81,8.6,125.6,-58.1,
3498,"MSTR,RIVN,SMCI,COIN",9,26,5.0,50.0,0.8,0.5,10:00,15:30,81,8.6,125.6,-58.1,
3499,"MSTR,RIVN,SMCI,COIN",9,26,1.0,50.0,0.8,0.4,10:00,14:30,81,11.1,125.6,-58.1,
3500,"MSTR,RIVN,SMCI,COIN",9,20,1.0,30.0,0.6,0.4,10:00,14:30,81,11.1,125.29,-58.2,
3501,"SPY,NVDA",9,20,2.0,30.0,0.8,0.4,10:00,15:30,81,7.4,125.26,-58.2,
3502,"MSTR,RIVN,SMCI,COIN",9,20,1.0,50.0,0.6,0.4,10:00,14:30,81,11.1,125.29,-58.2,
3503,"SPY,NVDA",9,20,2.0,50.0,0.8,0.4,10:00,15:30,81,7.4,125.26,-58.2,
3504,"MSTR,RIVN,SMCI,COIN",9,20,1.0,50.0,0.6,0.4,10:00,15:30,81,11.1,125.22,-58.3,
3505,"MSTR,RIVN,SMCI,COIN",9,20,1.0,30.0,0.6,0.4,10:00,15:30,81,11.1,125.22,-58.3,
3506,SPY,5,26,1.0,50.0,0.6,0.5,10:00,15:30,81,19.8,124.7,-58.4,
3507,SPY,5,26,1.0,30.0,0.6,0.5,10:00,15:30,81,19.8,124.7,-58.4,
3508,"NVDA,TSLA,MSTR",9,20,2.0,30.0,0.6,0.4,10:00,14:30,81,13.6,124.91,-58.4,
3509,"IWM,PLTR",5,26,2.0,50.0,0.6,0.4,10:00,15:30,81,11.1,124.42,-58.5,
3510,"IWM,PLTR",5,26,2.0,50.0,0.8,0.4,10:00,15:30,81,11.1,124.42,-58.5,
3511,GLD,9,20,1.0,50.0,0.8,0.5,10:00,15:30,79,19.0,124.27,-58.6,
3512,AMD,5,20,2.0,30.0,0.6,0.4,10:00,15:30,78,11.5,123.66,-58.8,
3513,AMD,5,20,2.0,30.0,0.6,0.4,10:00,14:30,78,12.8,123.51,-58.8,
3514,AMD,5,20,2.0,50.0,0.6,0.4,10:00,14:30,78,12.8,123.51,-58.8,
3515,COIN,9,26,5.0,50.0,0.8,0.5,10:00,14:30,81,17.3,123.09,-59.0,
3516,COIN,9,26,5.0,30.0,0.8,0.5,10:00,14:30,81,17.3,123.09,-59.0,
3517,COIN,9,26,5.0,50.0,0.6,0.5,10:00,14:30,81,17.3,123.09,-59.0,
3518,COIN,9,26,5.0,30.0,0.6,0.5,10:00,14:30,81,17.3,123.09,-59.0,
3519,AMD,5,20,2.0,50.0,0.6,0.4,10:00,15:30,78,11.5,122.56,-59.1,
3520,"MSTR,RIVN,SMCI,COIN",5,26,2.0,30.0,0.6,0.4,10:00,14:30,81,7.4,122.5,-59.2,
3521,"QQQ,MSTR",5,20,5.0,50.0,0.8,0.4,10:00,14:30,79,11.4,122.42,-59.2,
3522,"SPY,NVDA",9,26,5.0,30.0,0.8,0.5,10:00,14:30,81,12.3,122.42,-59.2,
3523,"MSTR,RIVN,SMCI,COIN",5,26,2.0,50.0,0.6,0.4,10:00,14:30,81,7.4,122.5,-59.2,
3524,"SPY,NVDA",9,26,5.0,30.0,0.6,0.5,10:00,14:30,81,12.3,122.42,-59.2,
3525,"QQQ,MSTR",5,20,5.0,50.0,0.6,0.4,10:00,14:30,79,11.4,122.42,-59.2,
3526,"QQQ,MSTR",5,20,5.0,30.0,0.8,0.4,10:00,14:30,79,11.4,122.42,-59.2,
3527,"QQQ,MSTR",5,20,5.0,30.0,0.6,0.4,10:00,14:30,79,11.4,122.42,-59.2,
3528,"TSLA,RIVN",5,26,5.0,50.0,0.6,0.4,10:00,15:30,81,8.6,122.21,-59.3,
3529,MSTR,9,26,1.0,50.0,0.8,0.5,10:00,15:30,78,21.8,122.08,-59.3,
3530,GLD,9,26,2.0,50.0,0.8,0.5,10:00,15:30,79,8.9,121.74,-59.4,
3531,"QQQ,MSTR",9,20,1.0,30.0,0.6,0.5,10:00,14:30,80,18.8,121.89,-59.4,
3532,"QQQ,MSTR",9,20,1.0,50.0,0.6,0.5,10:00,14:30,80,18.8,121.89,-59.4,
3533,"QQQ,TSLA",9,20,2.0,50.0,0.6,0.4,10:00,15:30,81,8.6,121.44,-59.5,
3534,"QQQ,TSLA",5,26,1.0,30.0,0.6,0.5,10:00,15:30,81,17.3,121.33,-59.6,
3535,"IWM,PLTR",5,26,5.0,30.0,0.6,0.5,10:00,15:30,81,9.9,121.14,-59.6,
3536,"TSLA,RIVN",5,20,5.0,30.0,0.6,0.4,10:00,15:30,81,7.4,121.12,-59.6,
3537,"IWM,PLTR",5,26,5.0,30.0,0.8,0.5,10:00,15:30,81,9.9,121.14,-59.6,
3538,PLTR,9,20,2.0,30.0,0.6,0.5,10:00,14:30,78,16.7,121.12,-59.6,
3539,PLTR,9,20,2.0,30.0,0.8,0.5,10:00,14:30,78,16.7,121.12,-59.6,
3540,"QQQ,TSLA",9,20,1.0,50.0,0.6,0.4,10:00,14:30,79,20.3,121.15,-59.6,
3541,PLTR,9,20,2.0,50.0,0.8,0.5,10:00,14:30,78,16.7,121.12,-59.6,
3542,PLTR,9,20,2.0,50.0,0.6,0.5,10:00,14:30,78,16.7,121.12,-59.6,
3543,"MSTR,RIVN,SMCI,COIN",9,20,1.0,50.0,0.8,0.4,10:00,15:30,81,11.1,120.96,-59.7,
3544,"SPY,NVDA",9,26,5.0,50.0,0.6,0.5,10:00,14:30,81,12.3,120.81,-59.7,
3545,AMD,5,20,5.0,30.0,0.8,0.5,10:00,15:30,78,11.5,120.82,-59.7,
3546,"MSTR,RIVN,SMCI,COIN",9,20,1.0,30.0,0.8,0.4,10:00,15:30,81,11.1,120.96,-59.7,
3547,"SPY,NVDA",9,26,5.0,50.0,0.8,0.5,10:00,14:30,81,12.3,120.81,-59.7,
3548,"MSTR,COIN",9,20,1.0,50.0,0.8,0.5,10:00,14:30,81,21.0,120.46,-59.8,
3549,"MSTR,COIN",9,20,1.0,30.0,0.8,0.5,10:00,14:30,81,21.0,120.46,-59.8,
3550,"QQQ,TSLA",5,26,2.0,50.0,0.6,0.4,10:00,15:30,81,11.1,120.14,-60.0,
3551,"MSTR,COIN",9,20,5.0,50.0,0.6,0.5,10:00,14:30,81,18.5,120.11,-60.0,
3552,"MSTR,COIN",9,20,5.0,50.0,0.8,0.5,10:00,14:30,81,18.5,120.11,-60.0,
3553,"IWM,PLTR",5,26,5.0,50.0,0.8,0.5,10:00,15:30,81,9.9,120.12,-60.0,
3554,"MSTR,COIN",9,20,5.0,30.0,0.6,0.5,10:00,14:30,81,18.5,120.11,-60.0,
3555,"IWM,PLTR",5,26,5.0,50.0,0.6,0.5,10:00,15:30,81,9.9,120.12,-60.0,
3556,"MSTR,COIN",9,20,5.0,30.0,0.8,0.5,10:00,14:30,81,18.5,120.11,-60.0,
3557,COIN,5,26,1.0,30.0,0.6,0.5,10:00,15:30,81,12.3,119.75,-60.1,
3558,"NVDA,TSLA,MSTR",9,26,1.0,30.0,0.6,0.5,10:00,15:30,81,16.0,119.7,-60.1,
3559,"SPY,QQQ,NVDA",9,20,2.0,50.0,0.6,0.4,10:00,14:30,81,6.2,119.6,-60.1,
3560,COIN,5,26,1.0,50.0,0.6,0.5,10:00,15:30,81,12.3,119.75,-60.1,
3561,"NVDA,TSLA,MSTR",9,26,1.0,50.0,0.6,0.5,10:00,15:30,81,16.0,119.77,-60.1,
3562,"SPY,QQQ,NVDA",9,20,2.0,30.0,0.6,0.4,10:00,14:30,81,6.2,119.6,-60.1,
3563,GLD,9,26,2.0,50.0,0.6,0.5,10:00,15:30,79,8.9,119.4,-60.2,
3564,"QQQ,MSTR",9,20,5.0,30.0,0.6,0.4,10:00,14:30,79,11.4,119.49,-60.2,
3565,"QQQ,MSTR",9,20,5.0,30.0,0.8,0.4,10:00,14:30,79,11.4,119.49,-60.2,
3566,"QQQ,MSTR",9,20,5.0,50.0,0.8,0.4,10:00,14:30,79,11.4,119.49,-60.2,
3567,"QQQ,MSTR",9,20,5.0,50.0,0.6,0.4,10:00,14:30,79,11.4,119.49,-60.2,
3568,"MSTR,RIVN,SMCI,COIN",5,20,2.0,30.0,0.6,0.4,10:00,14:30,81,11.1,118.23,-60.6,
3569,COIN,9,20,5.0,50.0,0.6,0.5,10:00,14:30,81,17.3,118.19,-60.6,
3570,"MSTR,RIVN,SMCI,COIN",5,20,2.0,50.0,0.6,0.4,10:00,14:30,81,11.1,118.23,-60.6,
3571,COIN,9,20,5.0,50.0,0.8,0.5,10:00,14:30,81,17.3,118.19,-60.6,
3572,"QQQ,TSLA",5,26,2.0,50.0,0.8,0.4,10:00,15:30,81,9.9,118.23,-60.6,
3573,COIN,9,20,5.0,30.0,0.6,0.5,10:00,14:30,81,17.3,118.19,-60.6,
3574,COIN,9,20,5.0,30.0,0.8,0.5,10:00,14:30,81,17.3,118.19,-60.6,
3575,"MSTR,RIVN,SMCI,COIN",9,26,1.0,50.0,0.6,0.4,10:00,14:30,81,11.1,117.7,-60.8,
3576,"MSTR,RIVN,SMCI,COIN",9,26,1.0,30.0,0.6,0.4,10:00,14:30,81,11.1,117.7,-60.8,
3577,GLD,9,26,1.0,50.0,0.6,0.4,10:00,14:30,79,13.9,117.17,-60.9,
3578,GLD,9,26,1.0,30.0,0.6,0.4,10:00,14:30,79,13.9,117.17,-60.9,
3579,"NVDA,TSLA,PLTR,COIN",5,26,1.0,30.0,0.6,0.4,10:00,14:30,81,16.0,117.41,-60.9,
3580,AMD,5,20,1.0,50.0,0.6,0.5,10:00,14:30,78,14.1,116.87,-61.0,
3581,AMD,5,20,1.0,30.0,0.6,0.5,10:00,14:30,78,14.1,116.87,-61.0,
3582,"MSTR,RIVN,SMCI,COIN",9,26,1.0,50.0,0.8,0.4,10:00,15:30,81,8.6,116.34,-61.2,
3583,"QQQ,MSTR",9,26,1.0,50.0,0.8,0.4,10:00,14:30,79,11.4,116.3,-61.2,
3584,"QQQ,MSTR",9,26,1.0,30.0,0.8,0.4,10:00,14:30,79,11.4,116.3,-61.2,
3585,"MSTR,RIVN,SMCI,COIN",9,26,1.0,30.0,0.8,0.4,10:00,15:30,81,8.6,116.34,-61.2,
3586,"MSTR,RIVN,SMCI,COIN",5,20,2.0,30.0,0.8,0.4,10:00,14:30,81,11.1,116.16,-61.3,
3587,"MSTR,RIVN,SMCI,COIN",5,20,2.0,50.0,0.8,0.4,10:00,14:30,81,11.1,116.16,-61.3,
3588,"QQQ,MSTR",9,26,2.0,50.0,0.6,0.4,10:00,14:30,79,10.1,115.75,-61.4,
3589,"NVDA,TSLA,PLTR,COIN",5,26,1.0,50.0,0.6,0.4,10:00,14:30,81,16.0,115.78,-61.4,
3590,"QQQ,MSTR",9,26,2.0,30.0,0.6,0.4,10:00,14:30,79,10.1,115.09,-61.6,
3591,"MSTR,COIN",9,20,1.0,50.0,0.6,0.5,10:00,14:30,81,21.0,114.71,-61.8,
3592,"SPY,QQQ,NVDA",9,20,2.0,50.0,0.8,0.4,10:00,14:30,81,6.2,114.54,-61.8,
3593,"SPY,QQQ,NVDA",9,20,2.0,30.0,0.8,0.4,10:00,14:30,81,6.2,114.54,-61.8,
3594,"MSTR,COIN",9,20,1.0,30.0,0.6,0.5,10:00,14:30,81,21.0,114.71,-61.8,
3595,"NVDA,TSLA,PLTR,COIN",5,26,1.0,30.0,0.6,0.4,10:00,15:30,81,9.9,114.44,-61.9,
3596,"TSLA,RIVN",5,20,2.0,50.0,0.8,0.5,10:00,14:30,81,17.3,114.13,-62.0,
3597,PLTR,5,20,2.0,30.0,0.8,0.4,10:00,15:30,80,10.0,113.55,-62.1,
3598,PLTR,5,26,2.0,30.0,0.6,0.5,10:00,14:30,78,15.4,113.82,-62.1,
3599,PLTR,5,26,2.0,50.0,0.8,0.5,10:00,14:30,78,15.4,113.82,-62.1,
3600,PLTR,5,20,2.0,50.0,0.8,0.4,10:00,15:30,80,10.0,113.55,-62.1,
3601,"TSLA,RIVN",5,20,2.0,50.0,0.6,0.5,10:00,14:30,81,18.5,113.71,-62.1,
3602,PLTR,5,26,2.0,50.0,0.6,0.5,10:00,14:30,78,15.4,113.82,-62.1,
3603,PLTR,5,26,2.0,30.0,0.8,0.5,10:00,14:30,78,15.4,113.82,-62.1,
3604,PLTR,5,20,2.0,30.0,0.6,0.4,10:00,15:30,80,10.0,113.55,-62.1,
3605,PLTR,5,20,2.0,50.0,0.6,0.4,10:00,15:30,80,10.0,113.55,-62.1,
3606,"NVDA,TSLA,PLTR,COIN",9,20,1.0,30.0,0.6,0.4,10:00,15:30,81,9.9,113.49,-62.2,
3607,"NVDA,TSLA,PLTR,COIN",9,20,1.0,50.0,0.6,0.4,10:00,15:30,81,9.9,113.4,-62.2,
3608,"QQQ,MSTR",9,26,2.0,30.0,0.8,0.4,10:00,14:30,79,10.1,113.49,-62.2,
3609,GLD,9,20,1.0,30.0,0.8,0.4,10:00,15:30,79,11.4,113.07,-62.3,
3610,"MSTR,RIVN,SMCI,COIN",9,26,1.0,50.0,0.6,0.4,10:00,15:30,81,8.6,112.97,-62.3,
3611,"MSTR,RIVN,SMCI,COIN",9,26,1.0,30.0,0.6,0.4,10:00,15:30,81,8.6,112.97,-62.3,
3612,"QQQ,TSLA",5,26,2.0,30.0,0.8,0.5,10:00,14:30,79,12.7,112.87,-62.4,
3613,"SPY,NVDA",5,26,5.0,30.0,0.8,0.5,10:00,14:30,81,8.6,112.77,-62.4,
3614,"MSTR,RIVN,SMCI,COIN",5,26,1.0,30.0,0.6,0.4,10:00,15:30,81,8.6,112.71,-62.4,
3615,"SPY,NVDA",5,26,5.0,50.0,0.6,0.5,10:00,14:30,81,8.6,112.77,-62.4,
3616,"MSTR,RIVN,SMCI,COIN",5,26,1.0,50.0,0.6,0.4,10:00,15:30,81,8.6,112.71,-62.4,
3617,"SPY,NVDA",5,26,5.0,30.0,0.6,0.5,10:00,14:30,81,8.6,112.77,-62.4,
3618,"SPY,NVDA",5,26,5.0,50.0,0.8,0.5,10:00,14:30,81,8.6,112.77,-62.4,
3619,GLD,9,20,1.0,50.0,0.8,0.4,10:00,15:30,79,11.4,112.57,-62.5,
3620,"NVDA,TSLA,PLTR,COIN",5,26,1.0,50.0,0.6,0.4,10:00,15:30,81,9.9,112.6,-62.5,
3621,"QQQ,TSLA",5,26,1.0,30.0,0.8,0.4,10:00,14:30,79,16.5,112.11,-62.6,
3622,MSTR,9,26,1.0,30.0,0.8,0.4,10:00,15:30,78,15.4,112.19,-62.6,
3623,"NVDA,TSLA,MSTR",9,20,1.0,50.0,0.6,0.5,10:00,14:30,81,19.8,112.17,-62.6,
3624,"MSTR,COIN",9,20,2.0,30.0,0.6,0.4,10:00,14:30,81,13.6,111.95,-62.7,
3625,"MSTR,COIN",9,20,2.0,50.0,0.6,0.4,10:00,14:30,81,13.6,111.95,-62.7,
3626,"NVDA,TSLA,MSTR",5,26,1.0,30.0,0.8,0.4,10:00,15:30,81,16.0,111.99,-62.7,
3627,"QQQ,TSLA",5,26,2.0,30.0,0.6,0.4,10:00,15:30,81,8.6,111.46,-62.8,
3628,"NVDA,TSLA,MSTR",9,26,2.0,30.0,0.6,0.5,10:00,15:30,81,9.9,111.27,-62.9,
3629,"MSTR,RIVN,SMCI,COIN",5,20,1.0,30.0,0.6,0.5,10:00,14:30,81,19.8,111.11,-63.0,
3630,"QQQ,MSTR",9,26,2.0,50.0,0.8,0.4,10:00,14:30,79,10.1,111.14,-63.0,
3631,"MSTR,RIVN,SMCI,COIN",5,20,1.0,50.0,0.6,0.5,10:00,14:30,81,19.8,111.11,-63.0,
3632,"NVDA,TSLA,MSTR",9,26,2.0,50.0,0.6,0.5,10:00,15:30,81,9.9,110.33,-63.2,
3633,"MSTR,RIVN,SMCI,COIN",5,26,2.0,50.0,0.8,0.4,10:00,14:30,81,7.4,110.32,-63.2,
3634,"MSTR,RIVN,SMCI,COIN",5,26,2.0,30.0,0.8,0.4,10:00,14:30,81,7.4,110.32,-63.2,
3635,"QQQ,TSLA",9,26,5.0,30.0,0.8,0.5,10:00,14:30,80,10.0,110.43,-63.2,
3636,"MSTR,RIVN,SMCI,COIN",9,20,1.0,30.0,0.8,0.5,10:00,14:30,81,13.6,110.16,-63.3,
3637,"MSTR,RIVN,SMCI,COIN",9,20,1.0,50.0,0.8,0.5,10:00,14:30,81,13.6,110.16,-63.3,
3638,PLTR,9,26,2.0,30.0,0.8,0.4,10:00,14:30,78,12.8,109.87,-63.4,
3639,"MSTR,RIVN,SMCI,COIN",9,20,1.0,50.0,0.6,0.5,10:00,14:30,81,13.6,109.85,-63.4,
3640,PLTR,9,26,2.0,50.0,0.8,0.4,10:00,14:30,78,12.8,109.87,-63.4,
3641,"MSTR,RIVN,SMCI,COIN",9,20,1.0,30.0,0.6,0.5,10:00,14:30,81,13.6,109.85,-63.4,
3642,"QQQ,TSLA",5,26,1.0,50.0,0.8,0.4,10:00,14:30,79,16.5,109.43,-63.5,
3643,MSTR,9,20,5.0,30.0,0.6,0.5,10:00,14:30,42,23.8,109.16,-63.6,
3644,MSTR,9,20,5.0,30.0,0.8,0.5,10:00,14:30,42,23.8,109.16,-63.6,
3645,MSTR,9,20,5.0,50.0,0.8,0.5,10:00,14:30,42,23.8,109.16,-63.6,
3646,MSTR,9,20,5.0,50.0,0.6,0.5,10:00,14:30,42,23.8,109.16,-63.6,
3647,"QQQ,MSTR",5,26,1.0,30.0,0.6,0.4,10:00,14:30,80,11.2,108.66,-63.8,
3648,"QQQ,MSTR",5,26,1.0,50.0,0.6,0.4,10:00,14:30,80,11.2,108.66,-63.8,
3649,COIN,9,26,1.0,50.0,0.6,0.4,10:00,15:30,81,6.2,107.59,-64.1,
3650,COIN,9,26,1.0,30.0,0.6,0.4,10:00,15:30,81,6.2,107.59,-64.1,
3651,"MSTR,COIN",5,20,5.0,50.0,0.6,0.4,10:00,15:30,81,8.6,107.28,-64.2,
3652,"MSTR,COIN",5,20,5.0,30.0,0.6,0.4,10:00,15:30,81,8.6,107.28,-64.2,
3653,TSLA,9,26,2.0,50.0,0.6,0.5,10:00,15:30,81,14.8,107.38,-64.2,
3654,"QQQ,NVDA",9,26,5.0,30.0,0.6,0.5,10:00,14:30,79,10.1,107.44,-64.2,
3655,"IWM,PLTR",5,26,2.0,50.0,0.8,0.5,10:00,14:30,80,8.8,107.53,-64.2,
3656,"QQQ,NVDA",9,26,5.0,50.0,0.8,0.5,10:00,14:30,79,10.1,107.44,-64.2,
3657,"QQQ,NVDA",9,26,5.0,30.0,0.8,0.5,10:00,14:30,79,10.1,107.44,-64.2,
3658,"MSTR,COIN",5,20,5.0,30.0,0.8,0.4,10:00,15:30,81,8.6,107.28,-64.2,
3659,"IWM,PLTR",5,26,2.0,50.0,0.6,0.5,10:00,14:30,80,8.8,107.53,-64.2,
3660,"QQQ,NVDA",9,26,5.0,50.0,0.6,0.5,10:00,14:30,79,10.1,107.44,-64.2,
3661,"IWM,PLTR",5,26,2.0,30.0,0.8,0.5,10:00,14:30,80,8.8,107.53,-64.2,
3662,"MSTR,COIN",5,20,5.0,50.0,0.8,0.4,10:00,15:30,81,8.6,107.28,-64.2,
3663,"IWM,PLTR",5,26,2.0,30.0,0.6,0.5,10:00,14:30,80,8.8,107.53,-64.2,
3664,"NVDA,TSLA,PLTR,COIN",9,26,5.0,30.0,0.6,0.4,10:00,15:30,81,7.4,107.15,-64.3,
3665,MSTR,9,26,1.0,50.0,0.8,0.4,10:00,15:30,78,15.4,106.83,-64.4,
3666,"TSLA,RIVN",5,20,1.0,50.0,0.8,0.4,10:00,14:30,81,14.8,106.24,-64.6,
3667,AMD,5,20,1.0,30.0,0.6,0.4,10:00,14:30,78,10.3,105.98,-64.7,
3668,"NVDA,TSLA,MSTR",9,26,5.0,50.0,0.6,0.4,10:00,15:30,81,4.9,106.01,-64.7,
3669,AMD,5,20,1.0,50.0,0.6,0.4,10:00,14:30,78,10.3,105.98,-64.7,
3670,"QQQ,TSLA",9,26,5.0,50.0,0.6,0.5,10:00,14:30,80,12.5,106.02,-64.7,
3671,"MSTR,COIN",5,26,1.0,30.0,0.8,0.5,10:00,14:30,81,22.2,105.51,-64.8,
3672,"QQQ,NVDA",9,26,5.0,50.0,0.6,0.4,10:00,15:30,80,7.5,105.17,-64.9,
3673,AMD,5,20,5.0,50.0,0.8,0.5,10:00,15:30,78,11.5,105.18,-64.9,
3674,"QQQ,NVDA",9,26,5.0,30.0,0.6,0.4,10:00,15:30,80,7.5,105.17,-64.9,
3675,"QQQ,NVDA",9,26,5.0,50.0,0.8,0.4,10:00,15:30,80,7.5,105.17,-64.9,
3676,"QQQ,NVDA",9,26,5.0,30.0,0.8,0.4,10:00,15:30,80,7.5,105.17,-64.9,
3677,"MSTR,COIN",9,26,1.0,50.0,0.6,0.4,10:00,15:30,81,8.6,105.35,-64.9,
3678,"MSTR,COIN",9,26,1.0,30.0,0.6,0.4,10:00,15:30,81,8.6,105.35,-64.9,
3679,MSTR,5,20,1.0,30.0,0.6,0.4,10:00,15:30,80,15.0,105.44,-64.9,
3680,PLTR,9,20,5.0,50.0,0.8,0.4,10:00,14:30,77,9.1,105.13,-65.0,
3681,"QQQ,TSLA",9,26,5.0,50.0,0.8,0.5,10:00,14:30,79,12.7,104.96,-65.0,
3682,"MSTR,RIVN,SMCI,COIN",5,26,2.0,50.0,0.6,0.5,10:00,14:30,81,9.9,104.89,-65.0,
3683,PLTR,9,20,5.0,30.0,0.8,0.4,10:00,14:30,77,9.1,105.13,-65.0,
3684,"MSTR,RIVN,SMCI,COIN",5,26,2.0,30.0,0.8,0.5,10:00,14:30,81,9.9,104.89,-65.0,
3685,"MSTR,RIVN,SMCI,COIN",5,26,2.0,30.0,0.6,0.5,10:00,14:30,81,9.9,104.89,-65.0,
3686,PLTR,9,20,5.0,50.0,0.6,0.4,10:00,14:30,77,9.1,105.13,-65.0,
3687,"MSTR,RIVN,SMCI,COIN",5,26,2.0,50.0,0.8,0.5,10:00,14:30,81,9.9,104.89,-65.0,
3688,PLTR,9,20,5.0,30.0,0.6,0.4,10:00,14:30,77,9.1,105.13,-65.0,
3689,COIN,5,20,5.0,50.0,0.6,0.5,10:00,14:30,81,16.0,104.61,-65.1,
3690,COIN,5,20,2.0,30.0,0.8,0.5,10:00,14:30,81,21.0,104.66,-65.1,
3691,COIN,5,20,5.0,30.0,0.6,0.5,10:00,14:30,81,16.0,104.61,-65.1,
3692,COIN,5,20,2.0,50.0,0.8,0.5,10:00,14:30,81,21.0,104.66,-65.1,
3693,"MSTR,COIN",5,26,1.0,50.0,0.8,0.5,10:00,14:30,81,22.2,104.69,-65.1,
3694,COIN,5,20,5.0,50.0,0.8,0.5,10:00,14:30,81,16.0,104.61,-65.1,
3695,COIN,5,20,5.0,30.0,0.8,0.5,10:00,14:30,81,16.0,104.61,-65.1,
3696,"MSTR,RIVN,SMCI,COIN",5,26,1.0,30.0,0.8,0.4,10:00,14:30,81,8.6,104.5,-65.2,
3697,COIN,5,26,2.0,30.0,0.6,0.4,10:00,14:30,81,14.8,104.4,-65.2,
3698,COIN,5,26,2.0,50.0,0.6,0.4,10:00,14:30,81,14.8,104.4,-65.2,
3699,COIN,5,26,2.0,50.0,0.8,0.4,10:00,14:30,81,14.8,104.4,-65.2,
3700,COIN,5,26,2.0,30.0,0.8,0.4,10:00,14:30,81,14.8,104.4,-65.2,
3701,"MSTR,RIVN,SMCI,COIN",5,26,1.0,50.0,0.8,0.4,10:00,14:30,81,8.6,104.5,-65.2,
3702,"PLTR,COIN,SMCI",9,26,5.0,30.0,0.6,0.5,10:00,15:30,81,8.6,104.01,-65.3,
3703,"PLTR,COIN,SMCI",9,26,5.0,30.0,0.8,0.5,10:00,15:30,81,8.6,104.01,-65.3,
3704,"QQQ,MSTR",9,26,1.0,50.0,0.6,0.4,10:00,14:30,79,11.4,103.36,-65.5,
3705,"QQQ,MSTR",9,26,1.0,30.0,0.6,0.4,10:00,14:30,79,11.4,103.36,-65.5,
3706,GLD,9,26,1.0,50.0,0.8,0.5,10:00,15:30,79,16.5,103.4,-65.5,
3707,"NVDA,TSLA,MSTR",5,26,1.0,50.0,0.8,0.4,10:00,15:30,81,14.8,103.59,-65.5,
3708,"NVDA,TSLA,PLTR,COIN",9,20,1.0,30.0,0.6,0.4,10:00,14:30,81,14.8,103.42,-65.5,
3709,"NVDA,TSLA,PLTR,COIN",9,20,5.0,30.0,0.8,0.4,10:00,15:30,81,3.7,103.22,-65.6,
3710,"MSTR,RIVN,SMCI,COIN",9,26,1.0,50.0,0.6,0.5,10:00,14:30,81,11.1,102.99,-65.7,
3711,"MSTR,RIVN,SMCI,COIN",9,26,1.0,30.0,0.6,0.5,10:00,14:30,81,11.1,102.99,-65.7,
3712,"MSTR,RIVN,SMCI,COIN",5,26,1.0,50.0,0.6,0.4,10:00,14:30,81,8.6,102.96,-65.7,
3713,"TSLA,RIVN",5,20,2.0,30.0,0.6,0.5,10:00,14:30,81,16.0,103.02,-65.7,
3714,"MSTR,RIVN,SMCI,COIN",5,26,1.0,30.0,0.6,0.4,10:00,14:30,81,8.6,102.96,-65.7,
3715,"NVDA,TSLA,PLTR,COIN",9,20,1.0,50.0,0.6,0.4,10:00,14:30,81,14.8,102.6,-65.8,
3716,"TSLA,RIVN",5,20,2.0,30.0,0.8,0.5,10:00,14:30,81,16.0,102.46,-65.8,
3717,"MSTR,RIVN,SMCI,COIN",9,26,1.0,30.0,0.8,0.5,10:00,14:30,81,11.1,102.16,-65.9,
3718,"MSTR,RIVN,SMCI,COIN",9,26,1.0,50.0,0.8,0.5,10:00,14:30,81,11.1,102.16,-65.9,
3719,"MSTR,COIN",9,20,2.0,50.0,0.8,0.4,10:00,14:30,81,13.6,102.13,-66.0,
3720,"QQQ,MSTR",5,20,2.0,30.0,0.8,0.4,10:00,14:30,79,13.9,101.99,-66.0,
3721,"QQQ,MSTR",5,20,2.0,50.0,0.8,0.4,10:00,14:30,79,13.9,101.99,-66.0,
3722,"MSTR,COIN",9,20,2.0,30.0,0.8,0.4,10:00,14:30,81,13.6,102.13,-66.0,
3723,"NVDA,TSLA,PLTR,COIN",9,20,2.0,30.0,0.6,0.5,10:00,14:30,81,11.1,102.03,-66.0,
3724,"NVDA,TSLA,PLTR,COIN",9,20,2.0,50.0,0.6,0.5,10:00,14:30,81,11.1,102.12,-66.0,
3725,"NVDA,TSLA,PLTR,COIN",9,26,2.0,50.0,0.6,0.4,10:00,15:30,81,8.6,101.68,-66.1,
3726,"QQQ,NVDA",9,20,5.0,50.0,0.6,0.5,10:00,15:30,81,7.4,101.54,-66.2,
3727,PLTR,5,20,2.0,50.0,0.8,0.5,10:00,15:30,80,10.0,101.44,-66.2,
3728,"QQQ,NVDA",9,20,5.0,30.0,0.8,0.5,10:00,15:30,81,7.4,101.54,-66.2,
3729,"QQQ,NVDA",9,20,5.0,30.0,0.6,0.5,10:00,15:30,81,7.4,101.54,-66.2,
3730,PLTR,5,20,2.0,50.0,0.6,0.5,10:00,15:30,80,10.0,101.44,-66.2,
3731,"QQQ,NVDA",9,20,5.0,50.0,0.8,0.5,10:00,15:30,81,7.4,101.54,-66.2,
3732,PLTR,5,20,2.0,30.0,0.8,0.5,10:00,15:30,80,10.0,101.44,-66.2,
3733,PLTR,5,20,2.0,30.0,0.6,0.5,10:00,15:30,80,10.0,101.44,-66.2,
3734,RIVN,5,26,1.0,30.0,0.8,0.4,10:00,14:30,81,17.3,100.68,-66.4,
3735,PLTR,5,26,2.0,30.0,0.6,0.4,10:00,15:30,78,7.7,100.82,-66.4,
3736,PLTR,5,26,2.0,30.0,0.8,0.4,10:00,15:30,78,7.7,100.82,-66.4,
3737,PLTR,5,26,2.0,50.0,0.8,0.4,10:00,15:30,78,7.7,100.82,-66.4,
3738,PLTR,5,26,2.0,50.0,0.6,0.4,10:00,15:30,78,7.7,100.82,-66.4,
3739,"MSTR,COIN",5,26,1.0,50.0,0.6,0.4,10:00,14:30,81,13.6,100.63,-66.5,
3740,"MSTR,COIN",5,26,1.0,30.0,0.6,0.4,10:00,14:30,81,13.6,100.63,-66.5,
3741,"QQQ,TSLA",5,26,2.0,50.0,0.8,0.5,10:00,14:30,79,12.7,100.31,-66.6,
3742,SPY,5,26,2.0,50.0,0.8,0.4,10:00,15:30,81,8.6,99.8,-66.7,
3743,SPY,5,26,2.0,30.0,0.8,0.4,10:00,15:30,81,8.6,99.8,-66.7,
3744,TSLA,9,26,1.0,30.0,0.6,0.4,10:00,15:30,81,18.5,99.92,-66.7,
3745,RIVN,5,26,1.0,30.0,0.6,0.4,10:00,14:30,81,17.3,99.08,-67.0,
3746,"MSTR,COIN",5,26,1.0,30.0,0.8,0.4,10:00,15:30,81,9.9,98.99,-67.0,
3747,TSLA,9,26,1.0,50.0,0.6,0.4,10:00,15:30,81,18.5,99.01,-67.0,
3748,"NVDA,TSLA,PLTR,COIN",9,20,5.0,30.0,0.8,0.5,10:00,14:30,81,7.4,99.03,-67.0,
3749,"SPY,NVDA",5,26,2.0,30.0,0.8,0.4,10:00,15:30,81,6.2,99.01,-67.0,
3750,"SPY,NVDA",5,26,2.0,50.0,0.8,0.4,10:00,15:30,81,6.2,99.01,-67.0,
3751,"MSTR,COIN",5,26,1.0,50.0,0.8,0.4,10:00,15:30,81,9.9,98.99,-67.0,
3752,TLT,9,26,1.0,30.0,0.6,0.4,10:00,14:30,79,12.7,98.77,-67.1,
3753,"NVDA,TSLA,MSTR",9,20,2.0,50.0,0.6,0.4,10:00,15:30,81,9.9,98.82,-67.1,
3754,"AMD,TSLA,NVDA",9,20,2.0,30.0,0.6,0.4,10:00,15:30,81,6.2,98.31,-67.2,
3755,"NVDA,TSLA,PLTR,COIN",9,20,5.0,50.0,0.8,0.4,10:00,14:30,81,4.9,98.2,-67.3,
3756,"NVDA,TSLA,MSTR",9,20,2.0,30.0,0.6,0.4,10:00,15:30,81,9.9,97.99,-67.3,
3757,MSTR,5,20,1.0,50.0,0.8,0.5,10:00,15:30,80,20.0,97.16,-67.6,
3758,"NVDA,TSLA,PLTR,COIN",9,20,5.0,50.0,0.6,0.4,10:00,14:30,81,4.9,96.79,-67.7,
3759,COIN,5,20,2.0,30.0,0.8,0.4,10:00,14:30,81,12.3,96.28,-67.9,
3760,"MSTR,RIVN,SMCI,COIN",9,20,1.0,30.0,0.8,0.5,10:00,15:30,81,11.1,96.15,-67.9,
3761,"MSTR,RIVN,SMCI,COIN",9,20,1.0,50.0,0.8,0.5,10:00,15:30,81,11.1,96.15,-67.9,
3762,COIN,5,20,2.0,50.0,0.8,0.4,10:00,14:30,81,12.3,96.28,-67.9,
3763,MSTR,5,20,1.0,30.0,0.8,0.5,10:00,15:30,80,20.0,95.94,-68.0,
3764,COIN,5,20,2.0,50.0,0.8,0.5,10:00,15:30,81,12.3,96.13,-68.0,
3765,COIN,9,20,2.0,30.0,0.8,0.4,10:00,14:30,81,14.8,95.48,-68.2,
3766,COIN,9,20,2.0,50.0,0.6,0.4,10:00,14:30,81,14.8,95.48,-68.2,
3767,COIN,9,20,2.0,30.0,0.6,0.4,10:00,14:30,81,14.8,95.48,-68.2,
3768,COIN,9,20,2.0,50.0,0.8,0.4,10:00,14:30,81,14.8,95.48,-68.2,
3769,SPY,5,20,2.0,50.0,0.8,0.4,10:00,15:30,81,7.4,94.97,-68.3,
3770,SPY,5,20,2.0,50.0,0.6,0.4,10:00,15:30,81,7.4,94.97,-68.3,
3771,SPY,5,20,2.0,30.0,0.6,0.4,10:00,15:30,81,7.4,94.97,-68.3,
3772,"PLTR,SMCI",9,20,5.0,50.0,0.6,0.4,10:00,14:30,78,7.7,95.14,-68.3,
3773,"PLTR,SMCI",9,20,5.0,30.0,0.6,0.4,10:00,14:30,78,7.7,95.14,-68.3,
3774,"PLTR,SMCI",9,20,5.0,30.0,0.8,0.4,10:00,14:30,78,7.7,95.14,-68.3,
3775,SPY,5,20,2.0,30.0,0.8,0.4,10:00,15:30,81,7.4,94.97,-68.3,
3776,"PLTR,SMCI",9,20,5.0,50.0,0.8,0.4,10:00,14:30,78,7.7,95.14,-68.3,
3777,GLD,9,26,1.0,30.0,0.8,0.4,10:00,15:30,79,12.7,94.67,-68.4,
3778,"QQQ,TSLA",5,26,1.0,30.0,0.8,0.5,10:00,14:30,79,17.7,94.72,-68.4,
3779,"NVDA,TSLA,PLTR,COIN",9,20,2.0,50.0,0.8,0.5,10:00,14:30,81,11.1,94.95,-68.4,
3780,"QQQ,MSTR",5,20,2.0,30.0,0.6,0.4,10:00,14:30,79,13.9,94.45,-68.5,
3781,"QQQ,MSTR",5,20,2.0,50.0,0.6,0.4,10:00,14:30,79,13.9,94.45,-68.5,
3782,COIN,9,26,2.0,50.0,0.6,0.5,10:00,14:30,81,14.8,94.35,-68.5,
3783,COIN,9,26,2.0,50.0,0.8,0.5,10:00,14:30,81,14.8,94.35,-68.5,
3784,COIN,9,26,2.0,30.0,0.8,0.5,10:00,14:30,81,14.8,94.35,-68.5,
3785,COIN,9,26,2.0,30.0,0.6,0.5,10:00,14:30,81,14.8,94.35,-68.5,
3786,"NVDA,TSLA,PLTR,COIN",9,20,5.0,30.0,0.6,0.5,10:00,14:30,81,7.4,94.3,-68.6,
3787,"MSTR,RIVN,SMCI,COIN",9,20,1.0,30.0,0.6,0.5,10:00,15:30,81,11.1,93.82,-68.7,
3788,MSTR,5,20,5.0,30.0,0.6,0.4,10:00,14:30,56,23.2,93.96,-68.7,
3789,MSTR,5,20,5.0,30.0,0.8,0.4,10:00,14:30,56,23.2,93.96,-68.7,
3790,"MSTR,RIVN,SMCI,COIN",9,20,1.0,50.0,0.6,0.5,10:00,15:30,81,11.1,93.82,-68.7,
3791,MSTR,5,20,5.0,50.0,0.6,0.4,10:00,14:30,56,23.2,93.96,-68.7,
3792,MSTR,5,20,5.0,50.0,0.8,0.4,10:00,14:30,56,23.2,93.96,-68.7,
3793,"NVDA,TSLA,PLTR,COIN",9,26,5.0,30.0,0.8,0.4,10:00,14:30,81,8.6,93.48,-68.8,
3794,"QQQ,TSLA",5,26,1.0,50.0,0.8,0.5,10:00,14:30,79,17.7,93.72,-68.8,
3795,"IWM,PLTR",5,20,5.0,30.0,0.8,0.5,10:00,15:30,81,7.4,92.91,-69.0,
3796,MSTR,5,20,5.0,30.0,0.8,0.5,10:00,14:30,54,24.1,92.93,-69.0,
3797,"IWM,PLTR",5,20,5.0,50.0,0.6,0.5,10:00,15:30,81,7.4,92.91,-69.0,
3798,MSTR,5,20,5.0,50.0,0.6,0.5,10:00,14:30,54,24.1,92.93,-69.0,
3799,MSTR,5,20,5.0,50.0,0.8,0.5,10:00,14:30,54,24.1,92.93,-69.0,
3800,"IWM,PLTR",5,20,5.0,50.0,0.8,0.5,10:00,15:30,81,7.4,92.91,-69.0,
3801,"QQQ,MSTR",5,26,1.0,50.0,0.6,0.5,10:00,14:30,80,17.5,92.86,-69.0,
3802,"QQQ,MSTR",5,26,1.0,30.0,0.6,0.5,10:00,14:30,80,17.5,92.86,-69.0,
3803,MSTR,5,20,5.0,30.0,0.6,0.5,10:00,14:30,54,24.1,92.93,-69.0,
3804,"NVDA,TSLA,PLTR,COIN",9,20,5.0,50.0,0.8,0.5,10:00,14:30,81,8.6,92.87,-69.0,
3805,"IWM,PLTR",5,20,5.0,30.0,0.6,0.5,10:00,15:30,81,7.4,92.91,-69.0,
3806,"NVDA,TSLA,PLTR,COIN",9,26,5.0,30.0,0.8,0.5,10:00,15:30,81,7.4,92.76,-69.1,
3807,MSTR,5,26,1.0,30.0,0.6,0.5,10:00,15:30,80,22.5,91.98,-69.3,
3808,PLTR,5,26,1.0,50.0,0.8,0.5,10:00,15:30,78,12.8,91.8,-69.4,
3809,PLTR,5,26,1.0,30.0,0.8,0.5,10:00,15:30,78,12.8,91.8,-69.4,
3810,"QQQ,MSTR",5,26,1.0,50.0,0.8,0.4,10:00,15:30,81,8.6,91.57,-69.5,
3811,"QQQ,MSTR",5,26,1.0,30.0,0.8,0.4,10:00,15:30,81,8.6,91.57,-69.5,
3812,PLTR,9,26,2.0,30.0,0.6,0.5,10:00,14:30,78,15.4,91.23,-69.6,
3813,PLTR,9,26,2.0,50.0,0.6,0.5,10:00,14:30,78,15.4,91.23,-69.6,
3814,PLTR,9,26,2.0,30.0,0.8,0.5,10:00,14:30,78,15.4,91.23,-69.6,
3815,PLTR,9,26,2.0,50.0,0.8,0.5,10:00,14:30,78,15.4,91.23,-69.6,
3816,"TSLA,RIVN",9,20,2.0,50.0,0.6,0.4,10:00,15:30,81,9.9,91.03,-69.7,
3817,GLD,9,20,2.0,50.0,0.8,0.4,10:00,15:30,79,10.1,90.93,-69.7,
3818,RIVN,5,26,1.0,50.0,0.8,0.4,10:00,14:30,81,17.3,90.89,-69.7,
3819,"MSTR,COIN",5,26,1.0,50.0,0.6,0.4,10:00,15:30,81,8.6,90.32,-69.9,
3820,"TSLA,RIVN",9,20,2.0,50.0,0.8,0.4,10:00,15:30,81,8.6,90.3,-69.9,
3821,"MSTR,COIN",5,26,1.0,30.0,0.6,0.4,10:00,15:30,81,8.6,90.32,-69.9,
3822,"QQQ,TSLA",5,26,2.0,50.0,0.8,0.5,10:00,15:30,81,8.6,90.21,-69.9,
3823,MSTR,9,26,5.0,30.0,0.6,0.4,10:00,15:30,75,10.7,90.12,-70.0,
3824,RIVN,5,26,1.0,50.0,0.6,0.4,10:00,14:30,81,17.3,89.99,-70.0,
3825,"TSLA,RIVN",9,20,2.0,30.0,0.6,0.4,10:00,15:30,81,9.9,90.11,-70.0,
3826,MSTR,9,26,5.0,30.0,0.8,0.4,10:00,15:30,75,10.7,90.12,-70.0,
3827,MSTR,9,26,5.0,50.0,0.6,0.4,10:00,15:30,75,10.7,89.82,-70.1,
3828,MSTR,9,26,5.0,50.0,0.8,0.4,10:00,15:30,75,10.7,89.82,-70.1,
3829,"SPY,QQQ,NVDA",9,26,2.0,50.0,0.6,0.4,10:00,14:30,81,7.4,89.38,-70.2,
3830,"SPY,QQQ,NVDA",9,26,2.0,30.0,0.6,0.4,10:00,14:30,81,7.4,89.38,-70.2,
3831,"SPY,QQQ,NVDA",9,26,2.0,50.0,0.8,0.4,10:00,14:30,81,7.4,89.38,-70.2,
3832,GLD,9,20,2.0,30.0,0.6,0.4,10:00,15:30,79,8.9,89.42,-70.2,
3833,"SPY,QQQ,NVDA",9,26,2.0,30.0,0.8,0.4,10:00,14:30,81,7.4,89.38,-70.2,
3834,COIN,9,26,1.0,30.0,0.6,0.4,10:00,14:30,81,16.0,89.02,-70.3,
3835,MSTR,5,26,5.0,50.0,0.6,0.4,10:00,14:30,48,16.7,89.19,-70.3,
3836,MSTR,5,26,5.0,30.0,0.6,0.4,10:00,14:30,48,16.7,89.19,-70.3,
3837,MSTR,5,26,5.0,30.0,0.8,0.4,10:00,14:30,48,16.7,89.19,-70.3,
3838,MSTR,5,26,5.0,50.0,0.8,0.4,10:00,14:30,48,16.7,89.19,-70.3,
3839,COIN,9,26,1.0,50.0,0.6,0.4,10:00,14:30,81,16.0,89.02,-70.3,
3840,"NVDA,TSLA,PLTR,COIN",9,26,5.0,50.0,0.6,0.4,10:00,15:30,81,6.2,88.94,-70.4,
3841,GLD,9,20,2.0,30.0,0.8,0.4,10:00,15:30,79,8.9,88.61,-70.5,
3842,"NVDA,TSLA,PLTR,COIN",9,26,5.0,30.0,0.6,0.4,10:00,14:30,81,8.6,88.3,-70.6,
3843,"QQQ,TSLA",9,26,5.0,50.0,0.6,0.5,10:00,15:30,81,6.2,88.06,-70.6,
3844,MSTR,5,26,5.0,50.0,0.8,0.5,10:00,14:30,46,17.4,87.84,-70.7,
3845,MSTR,5,26,5.0,50.0,0.6,0.5,10:00,14:30,46,17.4,87.84,-70.7,
3846,MSTR,5,26,5.0,30.0,0.8,0.5,10:00,14:30,46,17.4,87.84,-70.7,
3847,MSTR,5,26,5.0,30.0,0.6,0.5,10:00,14:30,46,17.4,87.84,-70.7,
3848,GLD,9,20,5.0,30.0,0.6,0.4,10:00,15:30,79,8.9,87.16,-70.9,
3849,GLD,9,20,5.0,30.0,0.8,0.4,10:00,15:30,79,8.9,87.16,-70.9,
3850,"MSTR,COIN",5,26,1.0,50.0,0.6,0.5,10:00,14:30,81,22.2,87.37,-70.9,
3851,"TSLA,RIVN",5,20,2.0,50.0,0.8,0.4,10:00,15:30,81,8.6,87.17,-70.9,
3852,"MSTR,RIVN,SMCI,COIN",5,26,1.0,30.0,0.6,0.5,10:00,15:30,81,6.2,86.94,-71.0,
3853,"NVDA,TSLA,MSTR",9,20,1.0,30.0,0.6,0.5,10:00,15:30,81,9.9,86.97,-71.0,
3854,GLD,9,20,2.0,50.0,0.6,0.4,10:00,15:30,79,10.1,87.11,-71.0,
3855,"MSTR,RIVN,SMCI,COIN",5,26,1.0,50.0,0.6,0.5,10:00,15:30,81,6.2,86.94,-71.0,
3856,COIN,5,26,2.0,30.0,0.6,0.5,10:00,14:30,81,17.3,86.77,-71.1,
3857,COIN,5,26,2.0,50.0,0.6,0.5,10:00,14:30,81,17.3,86.77,-71.1,
3858,COIN,5,26,2.0,30.0,0.8,0.5,10:00,14:30,81,17.3,86.77,-71.1,
3859,PLTR,9,20,1.0,50.0,0.8,0.5,10:00,15:30,78,14.1,86.83,-71.1,
3860,COIN,5,26,2.0,50.0,0.8,0.5,10:00,14:30,81,17.3,86.77,-71.1,
3861,PLTR,9,20,1.0,30.0,0.8,0.5,10:00,15:30,78,14.1,86.83,-71.1,
3862,"IWM,PLTR",9,26,2.0,50.0,0.8,0.4,10:00,14:30,80,10.0,86.4,-71.2,
3863,"IWM,PLTR",9,26,2.0,30.0,0.6,0.4,10:00,14:30,80,10.0,86.48,-71.2,
3864,"IWM,PLTR",9,26,2.0,50.0,0.6,0.4,10:00,14:30,80,10.0,86.4,-71.2,
3865,"IWM,PLTR",9,26,2.0,30.0,0.8,0.4,10:00,14:30,80,10.0,86.48,-71.2,
3866,"NVDA,TSLA,MSTR",9,20,1.0,50.0,0.6,0.5,10:00,15:30,81,9.9,85.56,-71.5,
3867,"MSTR,COIN",5,26,1.0,30.0,0.6,0.5,10:00,14:30,81,22.2,85.3,-71.6,
3868,"MSTR,COIN",9,20,1.0,50.0,0.6,0.5,10:00,15:30,81,12.3,85.29,-71.6,
3869,"TSLA,RIVN",5,20,5.0,50.0,0.6,0.4,10:00,15:30,81,8.6,85.19,-71.6,
3870,MSTR,5,26,1.0,30.0,0.6,0.4,10:00,15:30,80,12.5,85.17,-71.6,
3871,"MSTR,COIN",9,20,1.0,30.0,0.6,0.5,10:00,15:30,81,12.3,85.29,-71.6,
3872,GLD,5,20,5.0,30.0,0.8,0.4,10:00,15:30,81,7.4,84.82,-71.7,
3873,COIN,9,20,2.0,30.0,0.8,0.4,10:00,15:30,81,7.4,84.77,-71.7,
3874,COIN,9,20,2.0,30.0,0.6,0.4,10:00,15:30,81,7.4,84.77,-71.7,
3875,GLD,5,20,5.0,30.0,0.6,0.4,10:00,15:30,81,7.4,84.82,-71.7,
3876,COIN,9,20,2.0,50.0,0.8,0.4,10:00,15:30,81,7.4,84.77,-71.7,
3877,COIN,9,20,2.0,50.0,0.6,0.4,10:00,15:30,81,7.4,84.77,-71.7,
3878,"MSTR,RIVN,SMCI,COIN",5,26,1.0,30.0,0.8,0.4,10:00,15:30,81,8.6,84.46,-71.8,
3879,GLD,9,26,1.0,50.0,0.8,0.4,10:00,15:30,79,12.7,84.46,-71.8,
3880,"MSTR,RIVN,SMCI,COIN",5,26,1.0,50.0,0.8,0.4,10:00,15:30,81,8.6,84.46,-71.8,
3881,"TSLA,RIVN",5,20,2.0,30.0,0.8,0.4,10:00,15:30,81,7.4,84.54,-71.8,
3882,"QQQ,TSLA",5,26,2.0,50.0,0.6,0.5,10:00,14:30,79,12.7,84.47,-71.8,
3883,"QQQ,TSLA",5,26,2.0,30.0,0.6,0.5,10:00,14:30,79,12.7,84.24,-71.9,
3884,MSTR,5,26,1.0,50.0,0.6,0.5,10:00,15:30,80,21.2,84.33,-71.9,
3885,MSTR,5,26,1.0,50.0,0.6,0.4,10:00,15:30,80,12.5,84.1,-72.0,
3886,"TSLA,RIVN",5,26,5.0,50.0,0.8,0.5,10:00,15:30,81,8.6,83.94,-72.0,
3887,MSTR,5,20,1.0,30.0,0.8,0.4,10:00,15:30,80,11.2,83.8,-72.1,
3888,"NVDA,TSLA,PLTR,COIN",9,26,5.0,50.0,0.8,0.4,10:00,14:30,81,8.6,83.3,-72.2,
3889,"IWM,PLTR",5,20,2.0,50.0,0.6,0.5,10:00,14:30,81,11.1,83.0,-72.3,
3890,"IWM,PLTR",5,20,2.0,50.0,0.8,0.5,10:00,14:30,81,11.1,83.0,-72.3,
3891,"IWM,PLTR",5,20,2.0,30.0,0.8,0.5,10:00,14:30,81,11.1,83.0,-72.3,
3892,"IWM,PLTR",5,20,2.0,30.0,0.6,0.5,10:00,14:30,81,11.1,83.0,-72.3,
3893,COIN,9,26,1.0,30.0,0.8,0.4,10:00,14:30,81,16.0,83.05,-72.3,
3894,COIN,9,26,1.0,50.0,0.8,0.4,10:00,14:30,81,16.0,83.05,-72.3,
3895,GLD,9,26,1.0,50.0,0.6,0.4,10:00,15:30,79,12.7,82.9,-72.4,
3896,"TSLA,RIVN",9,20,5.0,30.0,0.8,0.5,10:00,15:30,81,7.4,82.68,-72.4,
3897,"TSLA,RIVN",9,26,2.0,50.0,0.8,0.5,10:00,15:30,81,12.3,82.57,-72.5,
3898,"NVDA,TSLA,PLTR,COIN",9,26,5.0,50.0,0.6,0.4,10:00,14:30,81,8.6,82.15,-72.6,
3899,GLD,9,20,5.0,50.0,0.8,0.4,10:00,15:30,79,10.1,82.09,-72.6,
3900,PLTR,5,20,5.0,30.0,0.6,0.4,10:00,15:30,80,7.5,82.33,-72.6,
3901,GLD,9,20,5.0,50.0,0.6,0.4,10:00,15:30,79,10.1,82.09,-72.6,
3902,PLTR,5,20,5.0,50.0,0.8,0.4,10:00,15:30,80,7.5,82.33,-72.6,
3903,PLTR,5,20,5.0,30.0,0.8,0.4,10:00,15:30,80,7.5,82.33,-72.6,
3904,PLTR,5,20,5.0,50.0,0.6,0.4,10:00,15:30,80,7.5,82.33,-72.6,
3905,"QQQ,MSTR",9,20,2.0,50.0,0.6,0.5,10:00,14:30,79,13.9,81.55,-72.8,
3906,"QQQ,MSTR",9,20,2.0,30.0,0.6,0.5,10:00,14:30,79,13.9,81.55,-72.8,
3907,MSTR,9,20,1.0,30.0,0.8,0.4,10:00,15:30,79,11.4,80.66,-73.1,
3908,"IWM,PLTR",9,20,2.0,30.0,0.8,0.4,10:00,15:30,81,8.6,80.67,-73.1,
3909,"IWM,PLTR",9,20,2.0,30.0,0.6,0.4,10:00,15:30,81,8.6,80.67,-73.1,
3910,GLD,9,26,1.0,30.0,0.6,0.4,10:00,15:30,79,12.7,80.79,-73.1,
3911,"IWM,PLTR",9,20,2.0,50.0,0.8,0.4,10:00,15:30,81,8.6,80.33,-73.2,
3912,"IWM,PLTR",9,20,2.0,50.0,0.6,0.4,10:00,15:30,81,8.6,80.33,-73.2,
3913,"IWM,PLTR",9,20,1.0,50.0,0.8,0.4,10:00,15:30,81,9.9,80.49,-73.2,
3914,"IWM,PLTR",9,20,1.0,30.0,0.8,0.4,10:00,15:30,81,9.9,80.49,-73.2,
3915,"MSTR,COIN",5,26,1.0,50.0,0.6,0.5,10:00,15:30,81,14.8,80.16,-73.3,
3916,"MSTR,COIN",5,26,1.0,30.0,0.6,0.5,10:00,15:30,81,14.8,80.19,-73.3,
3917,"TSLA,RIVN",5,20,2.0,50.0,0.6,0.4,10:00,15:30,81,8.6,79.68,-73.4,
3918,PLTR,9,26,5.0,50.0,0.6,0.5,10:00,14:30,77,13.0,79.75,-73.4,
3919,PLTR,9,26,5.0,30.0,0.8,0.5,10:00,14:30,77,13.0,79.75,-73.4,
3920,PLTR,9,26,5.0,50.0,0.8,0.5,10:00,14:30,77,13.0,79.75,-73.4,
3921,PLTR,9,26,5.0,30.0,0.6,0.5,10:00,14:30,77,13.0,79.75,-73.4,
3922,COIN,9,20,2.0,30.0,0.6,0.5,10:00,14:30,81,18.5,79.47,-73.5,
3923,MSTR,9,20,1.0,50.0,0.8,0.4,10:00,15:30,79,11.4,79.58,-73.5,
3924,COIN,9,20,2.0,50.0,0.6,0.5,10:00,14:30,81,18.5,79.47,-73.5,
3925,COIN,9,20,2.0,30.0,0.8,0.5,10:00,14:30,81,18.5,79.47,-73.5,
3926,COIN,9,20,2.0,50.0,0.8,0.5,10:00,14:30,81,18.5,79.47,-73.5,
3927,"MSTR,COIN",9,26,2.0,50.0,0.6,0.5,10:00,14:30,81,16.0,79.11,-73.6,
3928,"MSTR,COIN",9,26,2.0,30.0,0.8,0.5,10:00,14:30,81,16.0,79.11,-73.6,
3929,"MSTR,COIN",9,26,2.0,30.0,0.6,0.5,10:00,14:30,81,16.0,79.11,-73.6,
3930,"MSTR,COIN",9,26,2.0,50.0,0.8,0.5,10:00,14:30,81,16.0,79.11,-73.6,
3931,"TSLA,RIVN",9,20,5.0,30.0,0.6,0.4,10:00,15:30,81,4.9,78.86,-73.7,
3932,"QQQ,MSTR",9,20,2.0,30.0,0.8,0.5,10:00,14:30,79,13.9,78.53,-73.8,
3933,"QQQ,MSTR",9,20,2.0,50.0,0.8,0.5,10:00,14:30,79,13.9,78.53,-73.8,
3934,"TSLA,RIVN",9,20,5.0,50.0,0.8,0.5,10:00,15:30,81,9.9,78.34,-73.9,
3935,COIN,5,20,5.0,50.0,0.6,0.4,10:00,15:30,81,6.2,78.32,-73.9,
3936,COIN,5,20,5.0,30.0,0.8,0.4,10:00,15:30,81,6.2,78.32,-73.9,
3937,COIN,5,20,5.0,50.0,0.8,0.4,10:00,15:30,81,6.2,78.32,-73.9,
3938,COIN,5,20,5.0,30.0,0.6,0.4,10:00,15:30,81,6.2,78.32,-73.9,
3939,"NVDA,TSLA,MSTR",9,20,1.0,30.0,0.8,0.4,10:00,14:30,81,16.0,77.26,-74.2,
3940,"IWM,PLTR",9,20,1.0,50.0,0.6,0.4,10:00,15:30,81,9.9,77.22,-74.3,
3941,"IWM,PLTR",9,20,1.0,30.0,0.6,0.4,10:00,15:30,81,9.9,77.22,-74.3,
3942,"QQQ,MSTR",9,20,1.0,50.0,0.8,0.4,10:00,14:30,79,11.4,76.07,-74.6,
3943,"NVDA,TSLA,MSTR",9,20,1.0,50.0,0.8,0.4,10:00,14:30,81,16.0,76.22,-74.6,
3944,"QQQ,MSTR",9,20,1.0,30.0,0.8,0.4,10:00,14:30,79,11.4,76.07,-74.6,
3945,"TSLA,RIVN",9,26,2.0,30.0,0.8,0.5,10:00,15:30,81,9.9,75.87,-74.7,
3946,"IWM,PLTR",5,20,5.0,30.0,0.8,0.5,10:00,14:30,81,8.6,75.58,-74.8,
3947,"TSLA,RIVN",9,26,2.0,50.0,0.6,0.5,10:00,15:30,81,11.1,75.69,-74.8,
3948,"NVDA,TSLA,PLTR,COIN",9,26,2.0,30.0,0.8,0.4,10:00,14:30,81,9.9,75.6,-74.8,
3949,"IWM,PLTR",5,20,5.0,50.0,0.8,0.5,10:00,14:30,81,8.6,75.58,-74.8,
3950,"IWM,PLTR",5,20,5.0,50.0,0.6,0.5,10:00,14:30,81,8.6,75.58,-74.8,
3951,"QQQ,MSTR",9,20,1.0,50.0,0.6,0.4,10:00,14:30,79,13.9,75.46,-74.8,
3952,"NVDA,TSLA,MSTR",9,20,1.0,50.0,0.6,0.4,10:00,15:30,81,8.6,75.59,-74.8,
3953,"QQQ,MSTR",9,20,1.0,30.0,0.6,0.4,10:00,14:30,79,13.9,75.46,-74.8,
3954,"MSTR,COIN",9,20,1.0,30.0,0.8,0.5,10:00,15:30,81,8.6,75.68,-74.8,
3955,"IWM,PLTR",5,20,5.0,30.0,0.6,0.5,10:00,14:30,81,8.6,75.58,-74.8,
3956,"MSTR,COIN",9,20,1.0,50.0,0.8,0.5,10:00,15:30,81,8.6,75.68,-74.8,
3957,"QQQ,TSLA",5,26,1.0,50.0,0.6,0.4,10:00,15:30,81,11.1,75.45,-74.9,
3958,"QQQ,TSLA",5,26,1.0,30.0,0.6,0.4,10:00,15:30,81,11.1,74.95,-75.0,
3959,"TSLA,RIVN",9,20,2.0,30.0,0.8,0.5,10:00,15:30,81,11.1,74.52,-75.2,
3960,"TSLA,RIVN",5,26,5.0,30.0,0.6,0.5,10:00,15:30,81,6.2,74.02,-75.3,
3961,"QQQ,MSTR",5,26,1.0,50.0,0.6,0.4,10:00,15:30,81,7.4,73.75,-75.4,
3962,"NVDA,TSLA,PLTR,COIN",9,26,2.0,50.0,0.8,0.4,10:00,14:30,81,9.9,73.74,-75.4,
3963,"QQQ,MSTR",5,26,1.0,30.0,0.6,0.4,10:00,15:30,81,7.4,73.75,-75.4,
3964,MSTR,5,26,2.0,30.0,0.8,0.4,10:00,14:30,67,17.9,73.07,-75.6,
3965,"TSLA,RIVN",9,26,5.0,30.0,0.8,0.5,10:00,15:30,81,8.6,73.35,-75.6,
3966,MSTR,5,26,2.0,30.0,0.6,0.4,10:00,14:30,67,17.9,73.07,-75.6,
3967,MSTR,5,26,2.0,50.0,0.6,0.4,10:00,14:30,67,17.9,73.04,-75.7,
3968,MSTR,5,26,2.0,50.0,0.8,0.4,10:00,14:30,67,17.9,73.04,-75.7,
3969,"TSLA,RIVN",5,20,5.0,30.0,0.6,0.5,10:00,15:30,81,6.2,72.53,-75.8,
3970,GLD,5,20,5.0,50.0,0.8,0.4,10:00,15:30,81,7.4,72.27,-75.9,
3971,GLD,5,20,5.0,50.0,0.6,0.4,10:00,15:30,81,7.4,72.27,-75.9,
3972,TSLA,9,26,1.0,30.0,0.6,0.5,10:00,15:30,81,18.5,72.39,-75.9,
3973,"NVDA,TSLA,PLTR,COIN",9,20,2.0,50.0,0.6,0.4,10:00,14:30,81,6.2,71.9,-76.0,
3974,"NVDA,TSLA,PLTR,COIN",9,20,2.0,30.0,0.6,0.4,10:00,14:30,81,6.2,71.69,-76.1,
3975,"QQQ,TSLA",9,26,1.0,50.0,0.6,0.5,10:00,15:30,81,16.0,71.76,-76.1,
3976,"NVDA,TSLA,MSTR",9,20,1.0,50.0,0.8,0.4,10:00,15:30,81,9.9,71.61,-76.1,
3977,"TSLA,RIVN",5,20,2.0,30.0,0.6,0.4,10:00,14:30,81,8.6,71.53,-76.2,
3978,"NVDA,TSLA,MSTR",9,20,1.0,30.0,0.8,0.4,10:00,15:30,81,9.9,71.03,-76.3,
3979,MSTR,9,20,5.0,50.0,0.6,0.4,10:00,15:30,72,9.7,70.91,-76.4,
3980,COIN,5,20,2.0,30.0,0.8,0.4,10:00,15:30,81,8.6,70.67,-76.4,
3981,"QQQ,TSLA",9,26,1.0,30.0,0.6,0.5,10:00,15:30,81,16.0,70.9,-76.4,
3982,MSTR,9,20,5.0,50.0,0.8,0.4,10:00,15:30,72,9.7,70.91,-76.4,
3983,MSTR,9,20,5.0,30.0,0.6,0.4,10:00,15:30,72,9.7,70.36,-76.5,
3984,MSTR,9,20,5.0,30.0,0.8,0.4,10:00,15:30,72,9.7,70.36,-76.5,
3985,"TSLA,RIVN",9,20,2.0,50.0,0.8,0.5,10:00,15:30,81,11.1,70.4,-76.5,
3986,"QQQ,MSTR",9,20,5.0,50.0,0.6,0.5,10:00,14:30,78,7.7,70.06,-76.6,
3987,"QQQ,MSTR",9,20,5.0,30.0,0.8,0.5,10:00,14:30,78,7.7,70.06,-76.6,
3988,"QQQ,MSTR",9,20,5.0,50.0,0.8,0.5,10:00,14:30,78,7.7,70.06,-76.6,
3989,MSTR,5,26,2.0,30.0,0.6,0.5,10:00,14:30,69,23.2,70.16,-76.6,
3990,"QQQ,MSTR",9,20,5.0,30.0,0.6,0.5,10:00,14:30,78,7.7,70.06,-76.6,
3991,MSTR,5,26,2.0,30.0,0.8,0.5,10:00,14:30,69,23.2,70.16,-76.6,
3992,MSTR,5,26,2.0,50.0,0.6,0.5,10:00,14:30,69,23.2,70.02,-76.7,
3993,MSTR,5,26,2.0,50.0,0.8,0.5,10:00,14:30,69,23.2,70.02,-76.7,
3994,"TSLA,RIVN",9,20,5.0,30.0,0.6,0.5,10:00,15:30,81,8.6,69.84,-76.7,
3995,GLD,5,20,2.0,30.0,0.8,0.5,10:00,14:30,81,13.6,69.71,-76.8,
3996,GLD,5,20,2.0,30.0,0.6,0.5,10:00,14:30,81,13.6,69.71,-76.8,
3997,MSTR,5,26,1.0,50.0,0.8,0.5,10:00,15:30,79,17.7,69.49,-76.8,
3998,GLD,5,20,2.0,50.0,0.6,0.5,10:00,14:30,81,13.6,69.71,-76.8,
3999,GLD,5,20,2.0,50.0,0.8,0.5,10:00,14:30,81,13.6,69.71,-76.8,
4000,COIN,5,20,2.0,50.0,0.8,0.4,10:00,15:30,81,8.6,69.36,-76.9,
4001,"TSLA,RIVN",9,26,1.0,50.0,0.6,0.4,10:00,15:30,81,11.1,69.02,-77.0,
4002,"SPY,QQQ,NVDA",5,20,2.0,30.0,0.8,0.4,10:00,14:30,81,7.4,69.11,-77.0,
4003,"SPY,QQQ,NVDA",5,20,2.0,50.0,0.8,0.4,10:00,14:30,81,7.4,69.11,-77.0,
4004,"NVDA,TSLA,PLTR,COIN",9,26,2.0,30.0,0.6,0.4,10:00,14:30,81,9.9,68.47,-77.2,
4005,"NVDA,TSLA,PLTR,COIN",9,20,2.0,30.0,0.8,0.4,10:00,14:30,81,4.9,68.19,-77.3,
4006,"SPY,QQQ,NVDA",5,20,2.0,30.0,0.6,0.4,10:00,14:30,81,7.4,67.79,-77.4,
4007,MSTR,9,26,5.0,50.0,0.6,0.5,10:00,15:30,72,11.1,67.76,-77.4,
4008,MSTR,9,26,5.0,30.0,0.8,0.5,10:00,15:30,72,11.1,67.76,-77.4,
4009,MSTR,9,26,5.0,30.0,0.6,0.5,10:00,15:30,72,11.1,67.76,-77.4,
4010,MSTR,9,26,5.0,50.0,0.8,0.5,10:00,15:30,72,11.1,67.76,-77.4,
4011,"TSLA,RIVN",5,26,5.0,50.0,0.6,0.5,10:00,15:30,81,9.9,67.95,-77.4,
4012,"SPY,QQQ,NVDA",5,20,2.0,50.0,0.6,0.4,10:00,14:30,81,7.4,67.79,-77.4,
4013,"QQQ,TSLA",9,20,1.0,30.0,0.6,0.5,10:00,15:30,81,13.6,67.61,-77.5,
4014,"QQQ,MSTR",9,26,1.0,30.0,0.6,0.4,10:00,15:30,80,11.2,67.44,-77.5,
4015,"NVDA,TSLA,PLTR,COIN",9,20,2.0,50.0,0.8,0.4,10:00,14:30,81,4.9,67.63,-77.5,
4016,"NVDA,TSLA,PLTR,COIN",9,20,5.0,30.0,0.6,0.4,10:00,15:30,81,3.7,67.1,-77.6,
4017,"NVDA,TSLA,PLTR,COIN",9,20,5.0,50.0,0.8,0.4,10:00,15:30,81,3.7,67.3,-77.6,
4018,"QQQ,NVDA",9,26,5.0,50.0,0.6,0.4,10:00,14:30,79,10.1,67.04,-77.7,
4019,"QQQ,MSTR",9,20,1.0,50.0,0.6,0.5,10:00,15:30,81,9.9,66.79,-77.7,
4020,"QQQ,NVDA",9,26,5.0,30.0,0.8,0.4,10:00,14:30,79,10.1,67.04,-77.7,
4021,"QQQ,NVDA",9,26,5.0,30.0,0.6,0.4,10:00,14:30,79,10.1,67.04,-77.7,
4022,"QQQ,MSTR",9,26,1.0,50.0,0.6,0.4,10:00,15:30,80,11.2,66.85,-77.7,
4023,"QQQ,NVDA",9,26,5.0,50.0,0.8,0.4,10:00,14:30,79,10.1,67.04,-77.7,
4024,"QQQ,MSTR",9,20,1.0,30.0,0.6,0.5,10:00,15:30,81,9.9,66.79,-77.7,
4025,COIN,5,20,5.0,30.0,0.6,0.5,10:00,15:30,81,9.9,66.56,-77.8,
4026,PLTR,5,26,2.0,30.0,0.8,0.5,10:00,15:30,78,9.0,66.61,-77.8,
4027,COIN,5,20,5.0,30.0,0.8,0.5,10:00,15:30,81,9.9,66.56,-77.8,
4028,PLTR,5,26,2.0,30.0,0.6,0.5,10:00,15:30,78,9.0,66.61,-77.8,
4029,PLTR,5,26,2.0,50.0,0.8,0.5,10:00,15:30,78,9.0,66.61,-77.8,
4030,COIN,5,20,5.0,50.0,0.6,0.5,10:00,15:30,81,9.9,66.56,-77.8,
4031,COIN,5,20,5.0,50.0,0.8,0.5,10:00,15:30,81,9.9,66.56,-77.8,
4032,"QQQ,TSLA",9,20,1.0,50.0,0.6,0.5,10:00,15:30,81,13.6,66.71,-77.8,
4033,PLTR,5,26,2.0,50.0,0.6,0.5,10:00,15:30,78,9.0,66.61,-77.8,
4034,"QQQ,TSLA",5,26,1.0,50.0,0.8,0.4,10:00,15:30,81,9.9,66.62,-77.8,
4035,"QQQ,TSLA",5,26,1.0,30.0,0.8,0.4,10:00,15:30,81,9.9,66.39,-77.9,
4036,"IWM,PLTR",5,26,5.0,30.0,0.8,0.4,10:00,15:30,81,7.4,65.87,-78.0,
4037,"IWM,PLTR",5,26,5.0,50.0,0.8,0.4,10:00,15:30,81,7.4,65.87,-78.0,
4038,"IWM,PLTR",5,26,5.0,30.0,0.6,0.4,10:00,15:30,81,7.4,65.87,-78.0,
4039,"IWM,PLTR",5,26,5.0,50.0,0.6,0.4,10:00,15:30,81,7.4,65.87,-78.0,
4040,"IWM,PLTR",9,26,2.0,30.0,0.8,0.4,10:00,15:30,81,6.2,65.82,-78.1,
4041,COIN,9,20,2.0,50.0,0.6,0.5,10:00,15:30,81,6.2,65.7,-78.1,
4042,COIN,9,20,2.0,30.0,0.8,0.5,10:00,15:30,81,6.2,65.7,-78.1,
4043,"IWM,PLTR",9,26,2.0,30.0,0.6,0.4,10:00,15:30,81,6.2,65.82,-78.1,
4044,"MSTR,RIVN,SMCI,COIN",5,26,1.0,50.0,0.8,0.5,10:00,14:30,81,7.4,65.69,-78.1,
4045,COIN,9,20,2.0,30.0,0.6,0.5,10:00,15:30,81,6.2,65.7,-78.1,
4046,COIN,9,20,2.0,50.0,0.8,0.5,10:00,15:30,81,6.2,65.7,-78.1,
4047,"MSTR,RIVN,SMCI,COIN",5,26,1.0,30.0,0.8,0.5,10:00,14:30,81,7.4,65.69,-78.1,
4048,"QQQ,MSTR",9,26,1.0,30.0,0.8,0.4,10:00,15:30,80,10.0,65.16,-78.3,
4049,"QQQ,MSTR",5,26,1.0,50.0,0.8,0.5,10:00,14:30,79,15.2,65.01,-78.3,
4050,"MSTR,RIVN,SMCI,COIN",5,26,1.0,30.0,0.6,0.5,10:00,14:30,81,7.4,65.24,-78.3,
4051,"MSTR,RIVN,SMCI,COIN",5,26,1.0,50.0,0.6,0.5,10:00,14:30,81,7.4,65.24,-78.3,
4052,"QQQ,MSTR",9,26,1.0,50.0,0.8,0.4,10:00,15:30,80,10.0,65.16,-78.3,
4053,"NVDA,TSLA,PLTR,COIN",9,26,2.0,50.0,0.6,0.4,10:00,14:30,81,9.9,65.09,-78.3,
4054,"QQQ,MSTR",5,26,1.0,30.0,0.8,0.5,10:00,14:30,79,15.2,65.01,-78.3,
4055,"TSLA,RIVN",9,26,1.0,50.0,0.8,0.5,10:00,15:30,81,12.3,64.93,-78.4,
4056,"TSLA,RIVN",5,20,5.0,50.0,0.6,0.5,10:00,15:30,81,7.4,64.86,-78.4,
4057,"NVDA,TSLA,PLTR,COIN",9,20,5.0,30.0,0.8,0.5,10:00,15:30,81,4.9,64.88,-78.4,
4058,"TSLA,RIVN",9,26,1.0,30.0,0.8,0.5,10:00,15:30,81,12.3,64.93,-78.4,
4059,"QQQ,MSTR",9,26,2.0,50.0,0.6,0.5,10:00,15:30,80,6.2,64.74,-78.4,
4060,"QQQ,MSTR",9,26,2.0,30.0,0.6,0.5,10:00,15:30,80,6.2,64.74,-78.4,
4061,"TSLA,RIVN",9,26,5.0,30.0,0.8,0.4,10:00,15:30,81,6.2,64.64,-78.5,
4062,"TSLA,RIVN",9,26,1.0,50.0,0.6,0.5,10:00,15:30,81,12.3,64.57,-78.5,
4063,COIN,5,26,2.0,30.0,0.6,0.4,10:00,15:30,81,7.4,64.63,-78.5,
4064,COIN,5,26,2.0,50.0,0.8,0.4,10:00,15:30,81,7.4,64.63,-78.5,
4065,COIN,5,26,2.0,30.0,0.8,0.4,10:00,15:30,81,7.4,64.63,-78.5,
4066,COIN,5,26,2.0,50.0,0.6,0.4,10:00,15:30,81,7.4,64.63,-78.5,
4067,"TSLA,RIVN",9,26,1.0,30.0,0.6,0.5,10:00,15:30,81,12.3,64.6,-78.5,
4068,"NVDA,TSLA,PLTR,COIN",9,20,5.0,50.0,0.8,0.5,10:00,15:30,81,6.2,64.43,-78.5,
4069,"QQQ,MSTR",9,20,1.0,30.0,0.8,0.4,10:00,15:30,81,8.6,64.29,-78.6,
4070,"TSLA,RIVN",9,20,2.0,30.0,0.6,0.5,10:00,15:30,81,11.1,64.16,-78.6,
4071,"QQQ,MSTR",9,20,1.0,50.0,0.8,0.4,10:00,15:30,81,8.6,64.29,-78.6,
4072,"IWM,PLTR",5,26,5.0,30.0,0.6,0.4,10:00,14:30,80,7.5,63.59,-78.8,
4073,"NVDA,TSLA,MSTR",9,20,5.0,30.0,0.6,0.5,10:00,15:30,81,6.2,63.51,-78.8,
4074,"IWM,PLTR",5,26,5.0,50.0,0.8,0.4,10:00,14:30,80,7.5,63.59,-78.8,
4075,"IWM,PLTR",5,26,5.0,50.0,0.6,0.4,10:00,14:30,80,7.5,63.59,-78.8,
4076,"IWM,PLTR",5,26,5.0,30.0,0.8,0.4,10:00,14:30,80,7.5,63.59,-78.8,
4077,"TSLA,RIVN",9,20,1.0,30.0,0.8,0.4,10:00,15:30,81,9.9,63.03,-79.0,
4078,"TSLA,RIVN",9,20,1.0,50.0,0.8,0.4,10:00,15:30,81,9.9,63.08,-79.0,
4079,"QQQ,MSTR",5,20,5.0,50.0,0.6,0.5,10:00,14:30,78,7.7,62.69,-79.1,
4080,"QQQ,MSTR",5,20,5.0,30.0,0.8,0.5,10:00,14:30,78,7.7,62.69,-79.1,
4081,"QQQ,MSTR",5,26,1.0,50.0,0.6,0.5,10:00,15:30,81,12.3,62.63,-79.1,
4082,"IWM,PLTR",9,26,2.0,50.0,0.8,0.4,10:00,15:30,81,6.2,62.55,-79.1,
4083,"QQQ,MSTR",5,20,5.0,50.0,0.8,0.5,10:00,14:30,78,7.7,62.69,-79.1,
4084,"NVDA,TSLA,PLTR,COIN",9,26,5.0,30.0,0.6,0.5,10:00,15:30,81,6.2,62.78,-79.1,
4085,"QQQ,MSTR",5,20,5.0,30.0,0.6,0.5,10:00,14:30,78,7.7,62.69,-79.1,
4086,"QQQ,MSTR",5,26,1.0,30.0,0.6,0.5,10:00,15:30,81,12.3,62.63,-79.1,
4087,"SPY,QQQ,NVDA",5,20,5.0,30.0,0.8,0.4,10:00,14:30,81,1.2,62.05,-79.3,
4088,"SPY,QQQ,NVDA",5,20,5.0,30.0,0.6,0.4,10:00,14:30,81,1.2,62.05,-79.3,
4089,TLT,9,26,1.0,50.0,0.6,0.4,10:00,14:30,79,11.4,62.02,-79.3,
4090,"SPY,QQQ,NVDA",5,20,5.0,50.0,0.6,0.4,10:00,14:30,81,1.2,62.05,-79.3,
4091,"SPY,QQQ,NVDA",5,20,5.0,50.0,0.8,0.4,10:00,14:30,81,1.2,62.05,-79.3,
4092,"NVDA,TSLA,MSTR",9,20,1.0,30.0,0.6,0.4,10:00,14:30,81,16.0,62.0,-79.3,
4093,"NVDA,TSLA,MSTR",9,20,1.0,50.0,0.6,0.4,10:00,14:30,81,16.0,61.77,-79.4,
4094,"TSLA,RIVN",9,20,5.0,50.0,0.6,0.5,10:00,15:30,81,7.4,61.53,-79.5,
4095,NVDA,9,20,5.0,30.0,0.8,0.5,10:00,14:30,80,11.2,61.09,-79.6,
4096,NVDA,9,20,5.0,50.0,0.8,0.5,10:00,14:30,80,11.2,61.09,-79.6,
4097,"IWM,PLTR",5,26,2.0,50.0,0.6,0.4,10:00,14:30,80,6.2,61.16,-79.6,
4098,TLT,9,26,1.0,30.0,0.8,0.4,10:00,14:30,79,11.4,61.28,-79.6,
4099,"MSTR,RIVN,SMCI,COIN",9,20,2.0,30.0,0.6,0.5,10:00,15:30,81,7.4,61.19,-79.6,
4100,"MSTR,RIVN,SMCI,COIN",9,20,2.0,50.0,0.8,0.5,10:00,15:30,81,7.4,61.19,-79.6,
4101,"MSTR,RIVN,SMCI,COIN",9,20,2.0,30.0,0.8,0.5,10:00,15:30,81,7.4,61.19,-79.6,
4102,"MSTR,RIVN,SMCI,COIN",9,20,2.0,50.0,0.6,0.5,10:00,15:30,81,7.4,61.19,-79.6,
4103,GLD,9,20,1.0,30.0,0.6,0.4,10:00,15:30,79,10.1,61.1,-79.6,
4104,"IWM,PLTR",5,26,2.0,30.0,0.8,0.4,10:00,14:30,80,6.2,61.16,-79.6,
4105,"NVDA,TSLA,PLTR,COIN",9,26,5.0,50.0,0.6,0.5,10:00,14:30,81,9.9,61.31,-79.6,
4106,GLD,9,20,1.0,50.0,0.6,0.4,10:00,15:30,79,10.1,61.1,-79.6,
4107,"IWM,PLTR",5,26,2.0,30.0,0.6,0.4,10:00,14:30,80,6.2,61.16,-79.6,
4108,"IWM,PLTR",5,26,2.0,50.0,0.8,0.4,10:00,14:30,80,6.2,61.16,-79.6,
4109,NVDA,9,20,5.0,30.0,0.6,0.5,10:00,14:30,80,11.2,61.09,-79.6,
4110,NVDA,9,20,5.0,50.0,0.6,0.5,10:00,14:30,80,11.2,61.09,-79.6,
4111,GLD,9,20,5.0,50.0,0.8,0.5,10:00,14:30,79,11.4,60.47,-79.8,
4112,GLD,9,20,5.0,30.0,0.8,0.5,10:00,14:30,79,11.4,60.47,-79.8,
4113,GLD,9,20,5.0,30.0,0.6,0.5,10:00,14:30,79,11.4,60.47,-79.8,
4114,GLD,9,20,5.0,50.0,0.6,0.5,10:00,14:30,79,11.4,60.47,-79.8,
4115,GLD,9,20,2.0,50.0,0.6,0.5,10:00,14:30,79,12.7,60.2,-79.9,
4116,GLD,9,20,2.0,30.0,0.6,0.5,10:00,14:30,79,12.7,60.2,-79.9,
4117,"MSTR,RIVN,SMCI,COIN",5,26,5.0,30.0,0.6,0.4,10:00,15:30,81,3.7,60.25,-79.9,
4118,"MSTR,RIVN,SMCI,COIN",5,26,5.0,50.0,0.8,0.4,10:00,15:30,81,3.7,60.25,-79.9,
4119,"TSLA,RIVN",9,20,2.0,50.0,0.6,0.5,10:00,15:30,81,11.1,60.39,-79.9,
4120,"MSTR,RIVN,SMCI,COIN",5,26,5.0,50.0,0.6,0.4,10:00,15:30,81,3.7,60.25,-79.9,
4121,GLD,9,20,2.0,50.0,0.8,0.5,10:00,14:30,79,12.7,60.2,-79.9,
4122,"MSTR,RIVN,SMCI,COIN",5,26,5.0,30.0,0.8,0.4,10:00,15:30,81,3.7,60.25,-79.9,
4123,GLD,9,20,2.0,30.0,0.8,0.5,10:00,14:30,79,12.7,60.2,-79.9,
4124,"QQQ,NVDA",5,26,5.0,30.0,0.8,0.5,10:00,15:30,81,6.2,59.95,-80.0,
4125,"QQQ,NVDA",5,26,5.0,30.0,0.6,0.5,10:00,15:30,81,6.2,59.95,-80.0,
4126,"NVDA,TSLA,PLTR,COIN",9,26,5.0,50.0,0.8,0.5,10:00,14:30,81,9.9,60.12,-80.0,
4127,"QQQ,NVDA",5,26,5.0,50.0,0.6,0.5,10:00,15:30,81,6.2,59.95,-80.0,
4128,"QQQ,NVDA",5,26,5.0,50.0,0.8,0.5,10:00,15:30,81,6.2,59.95,-80.0,
4129,TLT,9,20,1.0,50.0,0.8,0.4,10:00,15:30,79,10.1,60.09,-80.0,
4130,"QQQ,NVDA",5,20,5.0,50.0,0.6,0.4,10:00,14:30,80,3.8,59.03,-80.3,
4131,"QQQ,NVDA",5,20,5.0,30.0,0.6,0.4,10:00,14:30,80,3.8,59.03,-80.3,
4132,"QQQ,NVDA",5,20,5.0,30.0,0.8,0.4,10:00,14:30,80,3.8,59.03,-80.3,
4133,"TSLA,RIVN",9,26,2.0,30.0,0.6,0.5,10:00,15:30,81,9.9,59.25,-80.3,
4134,"QQQ,NVDA",5,20,5.0,50.0,0.8,0.4,10:00,14:30,80,3.8,59.03,-80.3,
4135,NVDA,9,26,5.0,50.0,0.6,0.4,10:00,15:30,78,7.7,58.16,-80.6,
4136,NVDA,9,26,5.0,50.0,0.8,0.4,10:00,15:30,78,7.7,58.16,-80.6,
4137,"NVDA,TSLA,MSTR",9,20,1.0,30.0,0.6,0.4,10:00,15:30,81,8.6,58.15,-80.6,
4138,NVDA,9,26,5.0,30.0,0.6,0.4,10:00,15:30,78,7.7,58.16,-80.6,
4139,NVDA,9,26,5.0,30.0,0.8,0.4,10:00,15:30,78,7.7,58.16,-80.6,
4140,"QQQ,MSTR",9,20,2.0,50.0,0.6,0.4,10:00,15:30,80,5.0,57.48,-80.8,
4141,PLTR,5,26,5.0,30.0,0.6,0.4,10:00,14:30,78,9.0,57.18,-80.9,
4142,PLTR,5,26,5.0,30.0,0.8,0.4,10:00,14:30,78,9.0,57.18,-80.9,
4143,PLTR,5,26,5.0,50.0,0.8,0.4,10:00,14:30,78,9.0,57.18,-80.9,
4144,PLTR,5,26,5.0,50.0,0.6,0.4,10:00,14:30,78,9.0,57.18,-80.9,
4145,"QQQ,MSTR",9,20,2.0,30.0,0.6,0.4,10:00,15:30,80,5.0,56.87,-81.0,
4146,TLT,9,26,1.0,50.0,0.8,0.4,10:00,14:30,79,11.4,56.91,-81.0,
4147,TLT,5,20,1.0,30.0,0.6,0.5,10:00,14:30,79,11.4,57.05,-81.0,
4148,TLT,5,20,1.0,50.0,0.6,0.5,10:00,14:30,79,11.4,57.06,-81.0,
4149,"SPY,QQQ,NVDA",9,26,5.0,50.0,0.8,0.4,10:00,14:30,81,4.9,56.32,-81.2,
4150,"SPY,QQQ,NVDA",5,26,2.0,30.0,0.6,0.4,10:00,15:30,81,4.9,56.51,-81.2,
4151,"SPY,NVDA",9,20,5.0,30.0,0.6,0.5,10:00,14:30,81,7.4,56.31,-81.2,
4152,"SPY,NVDA",9,20,5.0,50.0,0.6,0.5,10:00,14:30,81,7.4,56.31,-81.2,
4153,TLT,9,26,5.0,30.0,0.8,0.4,10:00,14:30,79,11.4,56.45,-81.2,
4154,"SPY,NVDA",9,20,5.0,50.0,0.8,0.5,10:00,14:30,81,7.4,56.31,-81.2,
4155,"SPY,NVDA",9,20,5.0,30.0,0.8,0.5,10:00,14:30,81,7.4,56.31,-81.2,
4156,TLT,9,26,2.0,50.0,0.6,0.4,10:00,14:30,79,11.4,56.45,-81.2,
4157,TLT,9,26,2.0,50.0,0.8,0.4,10:00,14:30,79,11.4,56.45,-81.2,
4158,TLT,9,26,2.0,30.0,0.8,0.4,10:00,14:30,79,11.4,56.45,-81.2,
4159,"SPY,QQQ,NVDA",5,26,2.0,50.0,0.6,0.4,10:00,15:30,81,4.9,56.51,-81.2,
4160,"SPY,QQQ,NVDA",9,26,5.0,30.0,0.6,0.4,10:00,14:30,81,4.9,56.32,-81.2,
4161,TLT,9,26,5.0,30.0,0.6,0.4,10:00,14:30,79,11.4,56.45,-81.2,
4162,"SPY,QQQ,NVDA",5,26,2.0,30.0,0.8,0.4,10:00,15:30,81,4.9,56.51,-81.2,
4163,TLT,9,26,2.0,30.0,0.6,0.4,10:00,14:30,79,11.4,56.45,-81.2,
4164,"SPY,QQQ,NVDA",9,26,5.0,50.0,0.6,0.4,10:00,14:30,81,4.9,56.32,-81.2,
4165,TLT,9,26,5.0,50.0,0.6,0.4,10:00,14:30,79,11.4,56.45,-81.2,
4166,TLT,9,26,5.0,50.0,0.8,0.4,10:00,14:30,79,11.4,56.45,-81.2,
4167,"SPY,QQQ,NVDA",9,26,5.0,30.0,0.8,0.4,10:00,14:30,81,4.9,56.32,-81.2,
4168,"SPY,QQQ,NVDA",5,26,2.0,50.0,0.8,0.4,10:00,15:30,81,4.9,56.51,-81.2,
4169,"QQQ,TSLA",5,26,1.0,30.0,0.8,0.5,10:00,15:30,81,11.1,55.95,-81.3,
4170,MSTR,5,26,5.0,30.0,0.6,0.5,10:00,15:30,75,12.0,55.41,-81.5,
4171,MSTR,5,26,5.0,30.0,0.8,0.5,10:00,15:30,75,12.0,55.41,-81.5,
4172,NVDA,5,26,5.0,30.0,0.6,0.5,10:00,15:30,80,8.8,55.06,-81.6,
4173,NVDA,5,26,5.0,50.0,0.6,0.5,10:00,15:30,80,8.8,55.06,-81.6,
4174,NVDA,5,26,5.0,30.0,0.8,0.5,10:00,15:30,80,8.8,55.06,-81.6,
4175,NVDA,5,26,5.0,50.0,0.8,0.5,10:00,15:30,80,8.8,55.06,-81.6,
4176,"NVDA,TSLA,PLTR,COIN",9,20,5.0,50.0,0.6,0.4,10:00,15:30,81,3.7,55.07,-81.6,
4177,GLD,5,26,5.0,30.0,0.6,0.5,10:00,14:30,81,9.9,54.87,-81.7,
4178,GLD,5,26,5.0,50.0,0.6,0.5,10:00,14:30,81,9.9,54.87,-81.7,
4179,GLD,5,26,5.0,30.0,0.8,0.5,10:00,14:30,81,9.9,54.87,-81.7,
4180,GLD,5,26,5.0,50.0,0.8,0.5,10:00,14:30,81,9.9,54.87,-81.7,
4181,"QQQ,MSTR",9,26,1.0,30.0,0.6,0.5,10:00,15:30,80,11.2,54.82,-81.7,
4182,"QQQ,MSTR",9,26,1.0,50.0,0.6,0.5,10:00,15:30,80,11.2,54.82,-81.7,
4183,"SPY,NVDA",9,26,5.0,50.0,0.6,0.4,10:00,15:30,81,6.2,54.29,-81.9,
4184,"SPY,QQQ,NVDA",5,20,5.0,30.0,0.6,0.5,10:00,14:30,81,3.7,54.19,-81.9,
4185,GLD,5,26,2.0,50.0,0.8,0.5,10:00,14:30,81,9.9,54.44,-81.9,
4186,"SPY,NVDA",9,26,5.0,30.0,0.6,0.4,10:00,15:30,81,6.2,54.29,-81.9,
4187,"SPY,QQQ,NVDA",5,20,5.0,30.0,0.8,0.5,10:00,14:30,81,3.7,54.19,-81.9,
4188,MSTR,5,26,5.0,50.0,0.8,0.5,10:00,15:30,75,12.0,54.21,-81.9,
4189,"QQQ,MSTR",9,20,1.0,50.0,0.6,0.4,10:00,15:30,80,8.8,54.33,-81.9,
4190,"SPY,QQQ,NVDA",5,20,5.0,50.0,0.8,0.5,10:00,14:30,81,3.7,54.19,-81.9,
4191,MSTR,5,26,5.0,50.0,0.6,0.5,10:00,15:30,75,12.0,54.21,-81.9,
4192,"SPY,QQQ,NVDA",5,20,5.0,50.0,0.6,0.5,10:00,14:30,81,3.7,54.19,-81.9,
4193,"SPY,NVDA",9,26,5.0,50.0,0.8,0.4,10:00,15:30,81,6.2,54.29,-81.9,
4194,GLD,5,26,2.0,50.0,0.6,0.5,10:00,14:30,81,9.9,54.44,-81.9,
4195,"SPY,NVDA",9,26,5.0,30.0,0.8,0.4,10:00,15:30,81,6.2,54.29,-81.9,
4196,"QQQ,MSTR",9,20,1.0,30.0,0.6,0.4,10:00,15:30,80,8.8,54.33,-81.9,
4197,"MSTR,COIN",9,20,1.0,30.0,0.6,0.4,10:00,15:30,81,8.6,54.02,-82.0,
4198,"MSTR,COIN",9,20,1.0,50.0,0.6,0.4,10:00,15:30,81,8.6,54.02,-82.0,
4199,"QQQ,NVDA",5,26,5.0,30.0,0.8,0.5,10:00,14:30,80,8.8,53.61,-82.1,
4200,"QQQ,NVDA",5,26,5.0,50.0,0.6,0.5,10:00,14:30,80,8.8,53.61,-82.1,
4201,"QQQ,MSTR",9,26,1.0,50.0,0.8,0.5,10:00,15:30,80,11.2,53.84,-82.1,
4202,"QQQ,MSTR",9,26,1.0,30.0,0.8,0.5,10:00,15:30,80,11.2,53.84,-82.1,
4203,"QQQ,NVDA",5,26,5.0,30.0,0.6,0.5,10:00,14:30,80,8.8,53.61,-82.1,
4204,"QQQ,NVDA",5,26,5.0,50.0,0.8,0.5,10:00,14:30,80,8.8,53.61,-82.1,
4205,"QQQ,TSLA",5,26,1.0,50.0,0.8,0.5,10:00,15:30,81,11.1,53.7,-82.1,
4206,"QQQ,MSTR",9,26,5.0,30.0,0.6,0.4,10:00,14:30,78,9.0,53.48,-82.2,
4207,"QQQ,MSTR",9,26,5.0,50.0,0.6,0.4,10:00,14:30,78,9.0,53.48,-82.2,
4208,"QQQ,MSTR",9,26,5.0,50.0,0.8,0.4,10:00,14:30,78,9.0,53.48,-82.2,
4209,"QQQ,MSTR",9,26,5.0,30.0,0.8,0.4,10:00,14:30,78,9.0,53.48,-82.2,
4210,SPY,5,20,5.0,50.0,0.6,0.5,10:00,15:30,81,7.4,53.09,-82.3,
4211,SPY,5,20,5.0,30.0,0.6,0.5,10:00,15:30,81,7.4,53.09,-82.3,
4212,"SPY,QQQ,NVDA",9,26,5.0,50.0,0.8,0.4,10:00,15:30,81,4.9,53.05,-82.3,
4213,"SPY,QQQ,NVDA",9,26,5.0,30.0,0.6,0.4,10:00,15:30,81,4.9,53.05,-82.3,
4214,SPY,5,20,5.0,50.0,0.8,0.5,10:00,15:30,81,7.4,53.09,-82.3,
4215,"SPY,QQQ,NVDA",9,26,5.0,30.0,0.8,0.4,10:00,15:30,81,4.9,53.05,-82.3,
4216,SPY,5,20,5.0,30.0,0.8,0.5,10:00,15:30,81,7.4,53.09,-82.3,
4217,"SPY,QQQ,NVDA",9,26,5.0,50.0,0.6,0.4,10:00,15:30,81,4.9,53.05,-82.3,
4218,"NVDA,TSLA,PLTR,COIN",9,26,5.0,30.0,0.8,0.5,10:00,14:30,81,8.6,52.3,-82.6,
4219,TLT,5,20,5.0,30.0,0.8,0.5,10:00,14:30,79,11.4,52.02,-82.7,
4220,TLT,5,20,5.0,50.0,0.8,0.5,10:00,14:30,79,11.4,52.02,-82.7,
4221,TLT,5,20,5.0,50.0,0.6,0.5,10:00,14:30,79,11.4,52.02,-82.7,
4222,TLT,5,20,2.0,30.0,0.6,0.5,10:00,14:30,79,11.4,52.02,-82.7,
4223,MSTR,5,26,5.0,30.0,0.8,0.4,10:00,15:30,75,9.3,51.95,-82.7,
4224,TLT,5,20,2.0,30.0,0.8,0.5,10:00,14:30,79,11.4,52.02,-82.7,
4225,TLT,5,20,5.0,30.0,0.6,0.5,10:00,14:30,79,11.4,52.02,-82.7,
4226,MSTR,5,26,5.0,30.0,0.6,0.4,10:00,15:30,75,9.3,51.95,-82.7,
4227,TLT,5,20,2.0,50.0,0.8,0.5,10:00,14:30,79,11.4,52.02,-82.7,
4228,TLT,5,20,2.0,50.0,0.6,0.5,10:00,14:30,79,11.4,52.02,-82.7,
4229,"SPY,NVDA",5,26,5.0,30.0,0.6,0.4,10:00,15:30,81,3.7,51.55,-82.8,
4230,"SPY,NVDA",5,26,5.0,50.0,0.6,0.4,10:00,15:30,81,3.7,51.55,-82.8,
4231,"NVDA,TSLA,PLTR,COIN",9,20,5.0,50.0,0.6,0.5,10:00,15:30,81,6.2,51.69,-82.8,
4232,"SPY,NVDA",5,26,5.0,50.0,0.8,0.4,10:00,15:30,81,3.7,51.55,-82.8,
4233,"SPY,NVDA",5,26,5.0,30.0,0.8,0.4,10:00,15:30,81,3.7,51.55,-82.8,
4234,SPY,5,26,5.0,30.0,0.6,0.4,10:00,14:30,80,6.2,51.26,-82.9,
4235,SPY,5,26,5.0,50.0,0.6,0.4,10:00,14:30,80,6.2,51.26,-82.9,
4236,SPY,5,26,5.0,50.0,0.8,0.4,10:00,14:30,80,6.2,51.26,-82.9,
4237,SPY,5,26,5.0,30.0,0.8,0.4,10:00,14:30,80,6.2,51.26,-82.9,
4238,MSTR,9,20,5.0,30.0,0.8,0.5,10:00,15:30,70,11.4,51.08,-83.0,
4239,MSTR,9,20,5.0,50.0,0.8,0.5,10:00,15:30,70,11.4,51.08,-83.0,
4240,MSTR,9,20,5.0,30.0,0.6,0.5,10:00,15:30,70,11.4,51.08,-83.0,
4241,MSTR,9,20,5.0,50.0,0.6,0.5,10:00,15:30,70,11.4,51.08,-83.0,
4242,"SPY,QQQ,NVDA",9,20,2.0,30.0,0.6,0.4,10:00,15:30,81,2.5,50.4,-83.2,
4243,"SPY,QQQ,NVDA",9,20,2.0,50.0,0.8,0.4,10:00,15:30,81,2.5,50.4,-83.2,
4244,"SPY,QQQ,NVDA",9,20,2.0,50.0,0.6,0.4,10:00,15:30,81,2.5,50.4,-83.2,
4245,"SPY,QQQ,NVDA",9,20,2.0,30.0,0.8,0.4,10:00,15:30,81,2.5,50.4,-83.2,
4246,MSTR,5,26,5.0,50.0,0.8,0.4,10:00,15:30,75,9.3,49.98,-83.3,
4247,MSTR,5,26,5.0,50.0,0.6,0.4,10:00,15:30,75,9.3,49.98,-83.3,
4248,TLT,9,26,1.0,30.0,0.6,0.5,10:00,14:30,79,12.7,49.68,-83.4,
4249,"TSLA,RIVN",9,26,1.0,30.0,0.6,0.4,10:00,15:30,81,9.9,49.74,-83.4,
4250,TLT,5,20,1.0,50.0,0.8,0.5,10:00,14:30,79,11.4,49.41,-83.5,
4251,TLT,5,20,1.0,30.0,0.8,0.5,10:00,14:30,79,11.4,49.41,-83.5,
4252,MSTR,5,26,1.0,30.0,0.8,0.5,10:00,15:30,79,15.2,49.18,-83.6,
4253,"NVDA,TSLA,PLTR,COIN",9,26,5.0,30.0,0.6,0.5,10:00,14:30,81,8.6,49.19,-83.6,
4254,PLTR,5,26,5.0,50.0,0.8,0.5,10:00,15:30,78,9.0,48.59,-83.8,
4255,PLTR,5,26,5.0,30.0,0.6,0.5,10:00,15:30,78,9.0,48.59,-83.8,
4256,PLTR,5,26,5.0,50.0,0.6,0.5,10:00,15:30,78,9.0,48.59,-83.8,
4257,PLTR,5,26,5.0,30.0,0.8,0.5,10:00,15:30,78,9.0,48.59,-83.8,
4258,"SPY,QQQ,NVDA",5,26,2.0,30.0,0.6,0.4,10:00,14:30,81,3.7,48.69,-83.8,
4259,"SPY,QQQ,NVDA",5,26,2.0,50.0,0.8,0.4,10:00,14:30,81,3.7,48.69,-83.8,
4260,"SPY,QQQ,NVDA",5,26,2.0,30.0,0.8,0.4,10:00,14:30,81,3.7,48.69,-83.8,
4261,"SPY,QQQ,NVDA",5,26,2.0,50.0,0.6,0.4,10:00,14:30,81,3.7,48.69,-83.8,
4262,TLT,9,26,5.0,30.0,0.8,0.5,10:00,14:30,79,12.7,48.38,-83.9,
4263,TLT,9,26,5.0,50.0,0.6,0.5,10:00,14:30,79,12.7,48.38,-83.9,
4264,TLT,9,26,5.0,30.0,0.6,0.5,10:00,14:30,79,12.7,48.38,-83.9,
4265,TLT,9,26,2.0,50.0,0.8,0.5,10:00,14:30,79,12.7,48.38,-83.9,
4266,TLT,9,26,5.0,50.0,0.8,0.5,10:00,14:30,79,12.7,48.38,-83.9,
4267,TLT,9,26,2.0,30.0,0.6,0.5,10:00,14:30,79,12.7,48.38,-83.9,
4268,TLT,9,26,2.0,30.0,0.8,0.5,10:00,14:30,79,12.7,48.38,-83.9,
4269,TLT,9,26,2.0,50.0,0.6,0.5,10:00,14:30,79,12.7,48.38,-83.9,
4270,"SPY,QQQ,NVDA",5,26,2.0,50.0,0.6,0.5,10:00,15:30,81,4.9,47.94,-84.0,
4271,"MSTR,COIN",5,20,5.0,50.0,0.8,0.5,10:00,15:30,81,8.6,47.86,-84.0,
4272,"MSTR,COIN",5,20,5.0,30.0,0.8,0.5,10:00,15:30,81,8.6,47.86,-84.0,
4273,"MSTR,COIN",5,20,5.0,30.0,0.6,0.5,10:00,15:30,81,8.6,47.86,-84.0,
4274,"SPY,QQQ,NVDA",5,26,2.0,30.0,0.6,0.5,10:00,15:30,81,4.9,47.94,-84.0,
4275,"SPY,QQQ,NVDA",5,26,2.0,30.0,0.8,0.5,10:00,15:30,81,4.9,47.94,-84.0,
4276,"MSTR,COIN",5,20,5.0,50.0,0.6,0.5,10:00,15:30,81,8.6,47.86,-84.0,
4277,"SPY,QQQ,NVDA",5,26,2.0,50.0,0.8,0.5,10:00,15:30,81,4.9,47.94,-84.0,
4278,"MSTR,COIN",9,20,2.0,50.0,0.6,0.5,10:00,14:30,81,14.8,47.82,-84.1,
4279,"MSTR,COIN",9,20,2.0,30.0,0.6,0.5,10:00,14:30,81,14.8,47.82,-84.1,
4280,"MSTR,COIN",9,20,2.0,50.0,0.8,0.5,10:00,14:30,81,14.8,47.82,-84.1,
4281,"MSTR,COIN",9,20,2.0,30.0,0.8,0.5,10:00,14:30,81,14.8,47.82,-84.1,
4282,"NVDA,TSLA,PLTR,COIN",9,20,5.0,30.0,0.6,0.5,10:00,15:30,81,4.9,47.31,-84.2,
4283,"TSLA,RIVN",5,20,1.0,50.0,0.6,0.4,10:00,14:30,81,9.9,47.06,-84.3,
4284,TLT,9,26,1.0,50.0,0.6,0.5,10:00,14:30,79,12.7,46.99,-84.3,
4285,TLT,9,26,1.0,30.0,0.8,0.5,10:00,14:30,79,12.7,47.06,-84.3,
4286,"TSLA,RIVN",5,20,1.0,30.0,0.6,0.4,10:00,14:30,81,9.9,47.23,-84.3,
4287,TLT,9,26,1.0,50.0,0.8,0.5,10:00,14:30,79,12.7,47.06,-84.3,
4288,"QQQ,MSTR",9,20,1.0,30.0,0.8,0.5,10:00,15:30,80,8.8,46.69,-84.4,
4289,"QQQ,MSTR",9,20,1.0,50.0,0.8,0.5,10:00,15:30,80,8.8,46.69,-84.4,
4290,"TSLA,RIVN",5,20,2.0,50.0,0.8,0.5,10:00,15:30,81,8.6,46.52,-84.5,
4291,"QQQ,MSTR",9,26,1.0,50.0,0.6,0.5,10:00,14:30,79,13.9,45.19,-84.9,
4292,"QQQ,MSTR",9,26,1.0,30.0,0.6,0.5,10:00,14:30,79,13.9,45.19,-84.9,
4293,"QQQ,MSTR",9,26,1.0,30.0,0.8,0.5,10:00,14:30,79,13.9,45.19,-84.9,
4294,"QQQ,MSTR",9,26,1.0,50.0,0.8,0.5,10:00,14:30,79,13.9,45.19,-84.9,
4295,"TSLA,RIVN",5,20,2.0,30.0,0.8,0.5,10:00,15:30,81,7.4,44.95,-85.0,
4296,"QQQ,TSLA",5,26,5.0,50.0,0.8,0.5,10:00,15:30,81,6.2,44.75,-85.1,
4297,"NVDA,TSLA,PLTR,COIN",9,20,2.0,50.0,0.8,0.4,10:00,15:30,81,3.7,44.76,-85.1,
4298,"IWM,PLTR",9,20,1.0,30.0,0.6,0.5,10:00,14:30,80,5.0,44.31,-85.2,
4299,"NVDA,TSLA,PLTR,COIN",9,20,2.0,30.0,0.8,0.4,10:00,15:30,81,3.7,44.26,-85.2,
4300,"IWM,PLTR",9,20,1.0,50.0,0.6,0.5,10:00,14:30,80,5.0,44.31,-85.2,
4301,"IWM,PLTR",9,20,1.0,50.0,0.8,0.5,10:00,14:30,80,5.0,44.31,-85.2,
4302,"IWM,PLTR",9,20,1.0,30.0,0.8,0.5,10:00,14:30,80,5.0,44.31,-85.2,
4303,"QQQ,TSLA",5,26,5.0,30.0,0.6,0.5,10:00,15:30,81,4.9,44.3,-85.2,
4304,GLD,9,26,2.0,30.0,0.6,0.4,10:00,14:30,79,8.9,44.08,-85.3,
4305,GLD,9,26,2.0,50.0,0.6,0.4,10:00,14:30,79,8.9,44.08,-85.3,
4306,TLT,9,20,1.0,30.0,0.6,0.4,10:00,14:30,79,8.9,43.97,-85.3,
4307,GLD,9,26,2.0,50.0,0.8,0.4,10:00,14:30,79,8.9,44.08,-85.3,
4308,GLD,9,26,2.0,30.0,0.8,0.4,10:00,14:30,79,8.9,44.08,-85.3,
4309,TLT,9,20,1.0,50.0,0.6,0.4,10:00,14:30,79,8.9,43.97,-85.3,
4310,"TSLA,RIVN",5,26,2.0,30.0,0.8,0.4,10:00,15:30,81,6.2,44.1,-85.3,
4311,SPY,5,26,5.0,30.0,0.8,0.4,10:00,15:30,81,4.9,43.81,-85.4,
4312,"QQQ,MSTR",9,26,2.0,50.0,0.8,0.5,10:00,15:30,80,6.2,43.89,-85.4,
4313,"QQQ,MSTR",9,26,2.0,30.0,0.8,0.5,10:00,15:30,80,6.2,43.89,-85.4,
4314,SPY,5,26,5.0,50.0,0.6,0.4,10:00,15:30,81,4.9,43.81,-85.4,
4315,SPY,5,26,5.0,50.0,0.8,0.4,10:00,15:30,81,4.9,43.81,-85.4,
4316,SPY,5,26,5.0,30.0,0.6,0.4,10:00,15:30,81,4.9,43.81,-85.4,
4317,"MSTR,RIVN,SMCI,COIN",5,20,5.0,50.0,0.6,0.5,10:00,14:30,81,9.9,43.12,-85.6,
4318,SPY,5,20,5.0,30.0,0.6,0.4,10:00,15:30,81,3.7,43.1,-85.6,
4319,SPY,5,20,5.0,50.0,0.6,0.4,10:00,15:30,81,3.7,43.1,-85.6,
4320,"MSTR,RIVN,SMCI,COIN",5,20,5.0,30.0,0.8,0.5,10:00,14:30,81,9.9,43.12,-85.6,
4321,SPY,5,20,5.0,30.0,0.8,0.4,10:00,15:30,81,3.7,43.1,-85.6,
4322,"MSTR,RIVN,SMCI,COIN",5,20,5.0,50.0,0.8,0.5,10:00,14:30,81,9.9,43.12,-85.6,
4323,SPY,5,20,5.0,50.0,0.8,0.4,10:00,15:30,81,3.7,43.1,-85.6,
4324,"MSTR,RIVN,SMCI,COIN",5,20,5.0,30.0,0.6,0.5,10:00,14:30,81,9.9,43.12,-85.6,
4325,"QQQ,TSLA",9,20,5.0,50.0,0.8,0.5,10:00,15:30,81,6.2,42.7,-85.8,
4326,"IWM,PLTR",9,26,5.0,50.0,0.6,0.4,10:00,15:30,81,4.9,41.32,-86.2,
4327,"IWM,PLTR",9,26,5.0,30.0,0.6,0.4,10:00,15:30,81,4.9,41.32,-86.2,
4328,"IWM,PLTR",9,26,5.0,50.0,0.8,0.4,10:00,15:30,81,4.9,41.32,-86.2,
4329,"IWM,PLTR",9,26,5.0,30.0,0.8,0.4,10:00,15:30,81,4.9,41.32,-86.2,
4330,"MSTR,RIVN,SMCI,COIN",5,20,2.0,30.0,0.6,0.4,10:00,15:30,81,6.2,41.0,-86.3,
4331,GLD,9,26,5.0,30.0,0.8,0.4,10:00,14:30,79,7.6,40.56,-86.5,
4332,GLD,9,26,5.0,50.0,0.8,0.4,10:00,14:30,79,7.6,40.56,-86.5,
4333,GLD,9,26,5.0,50.0,0.6,0.4,10:00,14:30,79,7.6,40.56,-86.5,
4334,GLD,9,26,5.0,30.0,0.6,0.4,10:00,14:30,79,7.6,40.56,-86.5,
4335,"QQQ,NVDA",5,20,5.0,30.0,0.6,0.4,10:00,15:30,81,4.9,40.26,-86.6,
4336,GLD,9,26,2.0,30.0,0.6,0.5,10:00,15:30,79,6.3,40.22,-86.6,
4337,PLTR,9,20,5.0,50.0,0.6,0.4,10:00,15:30,76,5.3,40.31,-86.6,
4338,"QQQ,NVDA",5,20,5.0,50.0,0.6,0.4,10:00,15:30,81,4.9,40.26,-86.6,
4339,GLD,9,26,5.0,30.0,0.6,0.5,10:00,15:30,79,6.3,40.15,-86.6,
4340,"QQQ,NVDA",5,20,5.0,50.0,0.8,0.4,10:00,15:30,81,4.9,40.26,-86.6,
4341,GLD,9,26,2.0,30.0,0.8,0.5,10:00,15:30,79,6.3,40.26,-86.6,
4342,PLTR,9,20,5.0,30.0,0.6,0.4,10:00,15:30,76,5.3,40.31,-86.6,
4343,GLD,9,26,5.0,30.0,0.8,0.5,10:00,15:30,79,6.3,40.15,-86.6,
4344,PLTR,9,20,5.0,50.0,0.8,0.4,10:00,15:30,76,5.3,40.31,-86.6,
4345,"QQQ,NVDA",5,20,5.0,30.0,0.8,0.4,10:00,15:30,81,4.9,40.26,-86.6,
4346,PLTR,9,20,5.0,30.0,0.8,0.4,10:00,15:30,76,5.3,40.31,-86.6,
4347,"IWM,PLTR",9,20,1.0,30.0,0.8,0.5,10:00,15:30,81,8.6,39.88,-86.7,
4348,"IWM,PLTR",9,20,1.0,50.0,0.8,0.5,10:00,15:30,81,8.6,39.88,-86.7,
4349,"NVDA,TSLA,PLTR,COIN",9,26,5.0,50.0,0.6,0.5,10:00,15:30,81,4.9,39.9,-86.7,
4350,COIN,9,20,1.0,30.0,0.8,0.5,10:00,15:30,81,6.2,39.52,-86.8,
4351,"QQQ,TSLA",5,26,5.0,30.0,0.6,0.5,10:00,14:30,79,5.1,39.47,-86.8,
4352,COIN,9,20,1.0,50.0,0.8,0.5,10:00,15:30,81,6.2,39.52,-86.8,
4353,"TSLA,RIVN",5,20,1.0,50.0,0.8,0.5,10:00,14:30,81,11.1,39.66,-86.8,
4354,"TSLA,RIVN",5,20,1.0,30.0,0.8,0.4,10:00,15:30,81,7.4,39.49,-86.8,
4355,"TSLA,RIVN",5,20,1.0,30.0,0.8,0.5,10:00,14:30,81,11.1,39.56,-86.8,
4356,"IWM,PLTR",9,20,1.0,50.0,0.6,0.5,10:00,15:30,81,8.6,39.16,-86.9,
4357,"QQQ,TSLA",9,20,5.0,50.0,0.6,0.5,10:00,15:30,81,6.2,39.33,-86.9,
4358,"TSLA,RIVN",5,20,2.0,50.0,0.6,0.5,10:00,15:30,81,8.6,39.4,-86.9,
4359,"IWM,PLTR",9,20,1.0,30.0,0.6,0.5,10:00,15:30,81,8.6,39.16,-86.9,
4360,MSTR,9,20,2.0,30.0,0.6,0.4,10:00,15:30,75,8.0,39.28,-86.9,
4361,MSTR,9,20,2.0,30.0,0.8,0.4,10:00,15:30,75,8.0,39.28,-86.9,
4362,MSTR,9,20,2.0,50.0,0.8,0.4,10:00,15:30,75,8.0,39.28,-86.9,
4363,MSTR,9,20,2.0,50.0,0.6,0.4,10:00,15:30,75,8.0,39.28,-86.9,
4364,GLD,9,20,2.0,30.0,0.8,0.5,10:00,15:30,79,6.3,39.13,-87.0,
4365,GLD,9,20,2.0,30.0,0.6,0.5,10:00,15:30,79,6.3,39.13,-87.0,
4366,TLT,9,20,5.0,50.0,0.8,0.4,10:00,14:30,79,8.9,39.01,-87.0,
4367,TLT,9,20,5.0,50.0,0.6,0.4,10:00,14:30,79,8.9,39.01,-87.0,
4368,TLT,9,20,1.0,30.0,0.8,0.4,10:00,14:30,79,8.9,39.04,-87.0,
4369,"QQQ,TSLA",5,26,5.0,30.0,0.8,0.5,10:00,14:30,79,5.1,39.07,-87.0,
4370,TLT,9,20,2.0,50.0,0.8,0.4,10:00,14:30,79,8.9,39.01,-87.0,
4371,TLT,9,20,1.0,50.0,0.8,0.4,10:00,14:30,79,8.9,38.96,-87.0,
4372,TLT,9,20,2.0,50.0,0.6,0.4,10:00,14:30,79,8.9,39.01,-87.0,
4373,TLT,9,20,5.0,30.0,0.6,0.4,10:00,14:30,79,8.9,38.63,-87.1,
4374,TLT,9,20,2.0,30.0,0.6,0.4,10:00,14:30,79,8.9,38.63,-87.1,
4375,"TSLA,RIVN",5,20,1.0,50.0,0.8,0.4,10:00,15:30,81,7.4,38.84,-87.1,
4376,TLT,9,20,2.0,30.0,0.8,0.4,10:00,14:30,79,8.9,38.63,-87.1,
4377,GLD,5,26,1.0,50.0,0.8,0.4,10:00,14:30,81,8.6,38.81,-87.1,
4378,TLT,9,20,5.0,30.0,0.8,0.4,10:00,14:30,79,8.9,38.63,-87.1,
4379,GLD,5,26,1.0,30.0,0.8,0.4,10:00,14:30,81,8.6,38.81,-87.1,
4380,SPY,5,20,2.0,30.0,0.8,0.4,10:00,14:30,80,5.0,38.39,-87.2,
4381,SPY,5,20,2.0,30.0,0.6,0.4,10:00,14:30,80,5.0,38.39,-87.2,
4382,SPY,5,20,2.0,50.0,0.8,0.4,10:00,14:30,80,5.0,38.39,-87.2,
4383,"IWM,PLTR",9,20,2.0,50.0,0.8,0.5,10:00,15:30,81,7.4,38.47,-87.2,
4384,"IWM,PLTR",9,20,2.0,50.0,0.6,0.5,10:00,15:30,81,7.4,38.47,-87.2,
4385,"IWM,PLTR",9,20,2.0,30.0,0.8,0.5,10:00,15:30,81,7.4,38.47,-87.2,
4386,"IWM,PLTR",9,20,2.0,30.0,0.6,0.5,10:00,15:30,81,7.4,38.47,-87.2,
4387,SPY,5,20,2.0,50.0,0.6,0.4,10:00,14:30,80,5.0,38.39,-87.2,
4388,"IWM,PLTR",9,26,2.0,30.0,0.8,0.5,10:00,15:30,81,4.9,37.74,-87.4,
4389,"IWM,PLTR",9,26,2.0,30.0,0.6,0.5,10:00,15:30,81,4.9,37.74,-87.4,
4390,"TSLA,RIVN",9,20,1.0,50.0,0.6,0.5,10:00,15:30,81,9.9,37.67,-87.4,
4391,MSTR,5,20,2.0,30.0,0.6,0.4,10:00,15:30,79,7.6,37.43,-87.5,
4392,"TSLA,RIVN",9,20,1.0,30.0,0.6,0.5,10:00,15:30,81,9.9,37.01,-87.7,
4393,RIVN,5,20,1.0,50.0,0.8,0.4,10:00,15:30,80,6.2,36.48,-87.8,
4394,RIVN,5,20,1.0,30.0,0.8,0.4,10:00,15:30,80,6.2,36.48,-87.8,
4395,"IWM,PLTR",9,26,5.0,30.0,0.6,0.4,10:00,14:30,80,6.2,36.63,-87.8,
4396,"IWM,PLTR",9,26,5.0,50.0,0.6,0.4,10:00,14:30,80,6.2,36.63,-87.8,
4397,"IWM,PLTR",9,26,5.0,50.0,0.8,0.4,10:00,14:30,80,6.2,36.63,-87.8,
4398,PLTR,9,20,2.0,30.0,0.6,0.4,10:00,15:30,77,6.5,36.68,-87.8,
4399,RIVN,5,20,1.0,50.0,0.6,0.4,10:00,15:30,80,6.2,36.48,-87.8,
4400,PLTR,9,20,2.0,50.0,0.8,0.4,10:00,15:30,77,6.5,36.68,-87.8,
4401,RIVN,5,20,1.0,30.0,0.6,0.4,10:00,15:30,80,6.2,36.48,-87.8,
4402,PLTR,9,20,2.0,50.0,0.6,0.4,10:00,15:30,77,6.5,36.68,-87.8,
4403,PLTR,9,20,2.0,30.0,0.8,0.4,10:00,15:30,77,6.5,36.68,-87.8,
4404,"IWM,PLTR",9,26,5.0,30.0,0.8,0.4,10:00,14:30,80,6.2,36.63,-87.8,
4405,MSTR,9,26,2.0,30.0,0.8,0.5,10:00,15:30,75,10.7,36.32,-87.9,
4406,"IWM,PLTR",9,26,1.0,30.0,0.6,0.4,10:00,14:30,80,3.8,36.38,-87.9,
4407,"IWM,PLTR",9,26,1.0,50.0,0.6,0.4,10:00,14:30,80,3.8,36.38,-87.9,
4408,MSTR,9,26,2.0,50.0,0.8,0.5,10:00,15:30,75,10.7,36.32,-87.9,
4409,MSTR,9,26,2.0,30.0,0.6,0.5,10:00,15:30,75,10.7,36.32,-87.9,
4410,MSTR,9,26,2.0,50.0,0.6,0.5,10:00,15:30,75,10.7,36.32,-87.9,
4411,"IWM,PLTR",9,26,1.0,50.0,0.8,0.4,10:00,14:30,80,3.8,36.38,-87.9,
4412,"IWM,PLTR",9,26,1.0,30.0,0.8,0.4,10:00,14:30,80,3.8,36.38,-87.9,
4413,PLTR,9,20,2.0,50.0,0.8,0.5,10:00,15:30,77,9.1,36.08,-88.0,
4414,GLD,5,20,5.0,30.0,0.8,0.5,10:00,14:30,81,9.9,35.86,-88.0,
4415,PLTR,9,20,2.0,30.0,0.8,0.5,10:00,15:30,77,9.1,36.08,-88.0,
4416,GLD,5,20,5.0,30.0,0.6,0.5,10:00,14:30,81,9.9,35.86,-88.0,
4417,PLTR,5,26,5.0,50.0,0.6,0.4,10:00,15:30,77,6.5,36.06,-88.0,
4418,PLTR,9,20,2.0,30.0,0.6,0.5,10:00,15:30,77,9.1,36.08,-88.0,
4419,PLTR,9,20,2.0,50.0,0.6,0.5,10:00,15:30,77,9.1,36.08,-88.0,
4420,PLTR,5,26,5.0,50.0,0.8,0.4,10:00,15:30,77,6.5,36.06,-88.0,
4421,PLTR,5,26,5.0,30.0,0.6,0.4,10:00,15:30,77,6.5,36.06,-88.0,
4422,PLTR,5,26,5.0,30.0,0.8,0.4,10:00,15:30,77,6.5,36.06,-88.0,
4423,RIVN,5,20,5.0,30.0,0.6,0.4,10:00,15:30,80,6.2,35.71,-88.1,
4424,RIVN,5,20,5.0,50.0,0.8,0.4,10:00,15:30,80,6.2,35.71,-88.1,
4425,RIVN,5,20,2.0,50.0,0.8,0.4,10:00,15:30,80,6.2,35.71,-88.1,
4426,RIVN,5,20,2.0,30.0,0.6,0.4,10:00,15:30,80,6.2,35.71,-88.1,
4427,RIVN,5,20,5.0,50.0,0.6,0.4,10:00,15:30,80,6.2,35.71,-88.1,
4428,RIVN,5,20,2.0,50.0,0.6,0.4,10:00,15:30,80,6.2,35.71,-88.1,
4429,RIVN,5,20,2.0,30.0,0.8,0.4,10:00,15:30,80,6.2,35.71,-88.1,
4430,RIVN,5,20,5.0,30.0,0.8,0.4,10:00,15:30,80,6.2,35.71,-88.1,
4431,NVDA,5,20,5.0,30.0,0.8,0.5,10:00,15:30,80,8.8,35.35,-88.2,
4432,NVDA,5,20,5.0,50.0,0.6,0.5,10:00,15:30,80,8.8,35.35,-88.2,
4433,NVDA,5,20,5.0,30.0,0.6,0.5,10:00,15:30,80,8.8,35.35,-88.2,
4434,"TSLA,RIVN",5,26,2.0,50.0,0.8,0.4,10:00,15:30,81,6.2,35.42,-88.2,
4435,NVDA,5,20,5.0,50.0,0.8,0.5,10:00,15:30,80,8.8,35.35,-88.2,
4436,"TSLA,RIVN",9,20,1.0,30.0,0.6,0.4,10:00,15:30,81,8.6,35.23,-88.3,
4437,TLT,9,20,1.0,30.0,0.6,0.5,10:00,14:30,79,11.4,35.01,-88.3,
4438,"TSLA,RIVN",9,20,1.0,50.0,0.6,0.4,10:00,15:30,81,8.6,35.08,-88.3,
4439,GLD,5,20,5.0,50.0,0.6,0.5,10:00,14:30,81,9.9,34.98,-88.3,
4440,GLD,5,20,5.0,50.0,0.8,0.5,10:00,14:30,81,9.9,34.98,-88.3,
4441,"TSLA,RIVN",5,20,1.0,30.0,0.6,0.5,10:00,14:30,81,11.1,34.74,-88.4,
4442,TLT,9,20,5.0,30.0,0.8,0.5,10:00,14:30,79,11.4,34.62,-88.5,
4443,TLT,9,20,2.0,30.0,0.8,0.5,10:00,14:30,79,11.4,34.62,-88.5,
4444,TLT,9,20,5.0,50.0,0.6,0.5,10:00,14:30,79,11.4,34.62,-88.5,
4445,"MSTR,RIVN,SMCI,COIN",5,20,5.0,50.0,0.8,0.5,10:00,15:30,81,4.9,34.39,-88.5,
4446,"MSTR,RIVN,SMCI,COIN",5,20,5.0,30.0,0.8,0.5,10:00,15:30,81,4.9,34.39,-88.5,
4447,TLT,9,20,2.0,50.0,0.8,0.5,10:00,14:30,79,11.4,34.62,-88.5,
4448,"MSTR,RIVN,SMCI,COIN",5,20,5.0,50.0,0.6,0.5,10:00,15:30,81,4.9,34.39,-88.5,
4449,TLT,9,20,5.0,50.0,0.8,0.5,10:00,14:30,79,11.4,34.62,-88.5,
4450,"MSTR,RIVN,SMCI,COIN",5,20,5.0,30.0,0.6,0.5,10:00,15:30,81,4.9,34.39,-88.5,
4451,GLD,9,26,5.0,50.0,0.8,0.5,10:00,15:30,79,5.1,34.65,-88.5,
4452,GLD,9,26,5.0,50.0,0.6,0.5,10:00,15:30,79,5.1,34.65,-88.5,
4453,TLT,9,20,2.0,50.0,0.6,0.5,10:00,14:30,79,11.4,34.62,-88.5,
4454,TLT,9,20,5.0,30.0,0.6,0.5,10:00,14:30,79,11.4,34.62,-88.5,
4455,TLT,9,20,2.0,30.0,0.6,0.5,10:00,14:30,79,11.4,34.62,-88.5,
4456,TLT,9,20,1.0,50.0,0.6,0.5,10:00,14:30,79,11.4,34.3,-88.6,
4457,"MSTR,RIVN,SMCI,COIN",5,26,2.0,50.0,0.8,0.4,10:00,15:30,81,2.5,33.78,-88.7,
4458,"MSTR,RIVN,SMCI,COIN",5,26,2.0,30.0,0.6,0.4,10:00,15:30,81,2.5,33.78,-88.7,
4459,"MSTR,RIVN,SMCI,COIN",5,26,2.0,30.0,0.8,0.4,10:00,15:30,81,2.5,33.78,-88.7,
4460,"QQQ,MSTR",9,20,2.0,30.0,0.8,0.4,10:00,15:30,80,3.8,33.85,-88.7,
4461,"MSTR,RIVN,SMCI,COIN",5,26,2.0,50.0,0.6,0.4,10:00,15:30,81,2.5,33.78,-88.7,
4462,"TSLA,RIVN",9,26,2.0,30.0,0.8,0.4,10:00,15:30,81,8.6,33.59,-88.8,
4463,PLTR,9,26,5.0,50.0,0.6,0.4,10:00,14:30,74,9.5,33.19,-88.9,
4464,PLTR,9,26,5.0,30.0,0.8,0.4,10:00,14:30,74,9.5,33.19,-88.9,
4465,PLTR,9,26,5.0,30.0,0.6,0.4,10:00,14:30,74,9.5,33.19,-88.9,
4466,"QQQ,MSTR",9,26,5.0,50.0,0.8,0.4,10:00,15:30,79,5.1,33.44,-88.9,
4467,PLTR,9,26,5.0,50.0,0.8,0.4,10:00,14:30,74,9.5,33.19,-88.9,
4468,"QQQ,MSTR",9,26,5.0,30.0,0.8,0.4,10:00,15:30,79,5.1,33.44,-88.9,
4469,"QQQ,MSTR",9,26,5.0,50.0,0.6,0.4,10:00,15:30,79,5.1,33.44,-88.9,
4470,"QQQ,MSTR",9,26,5.0,30.0,0.6,0.4,10:00,15:30,79,5.1,33.44,-88.9,
4471,"QQQ,MSTR",9,20,2.0,50.0,0.8,0.4,10:00,15:30,79,3.8,32.86,-89.0,
4472,TLT,9,20,1.0,50.0,0.8,0.5,10:00,14:30,79,11.4,33.14,-89.0,
4473,"TSLA,RIVN",5,26,2.0,30.0,0.6,0.4,10:00,15:30,81,6.2,32.86,-89.0,
4474,"TSLA,RIVN",5,26,2.0,50.0,0.6,0.4,10:00,15:30,81,6.2,32.8,-89.1,
4475,"IWM,PLTR",9,26,5.0,30.0,0.6,0.5,10:00,15:30,81,4.9,32.67,-89.1,
4476,"IWM,PLTR",9,26,5.0,30.0,0.8,0.5,10:00,15:30,81,4.9,32.67,-89.1,
4477,TLT,9,20,1.0,30.0,0.8,0.5,10:00,14:30,79,11.4,32.71,-89.1,
4478,"IWM,PLTR",9,26,5.0,50.0,0.6,0.5,10:00,15:30,81,4.9,32.16,-89.3,
4479,PLTR,5,20,5.0,30.0,0.6,0.5,10:00,15:30,79,7.6,32.01,-89.3,
4480,"IWM,PLTR",9,26,5.0,50.0,0.8,0.5,10:00,15:30,81,4.9,32.16,-89.3,
4481,PLTR,5,20,5.0,30.0,0.8,0.5,10:00,15:30,79,7.6,32.01,-89.3,
4482,PLTR,5,20,5.0,50.0,0.8,0.5,10:00,15:30,79,7.6,32.01,-89.3,
4483,PLTR,5,20,5.0,50.0,0.6,0.5,10:00,15:30,79,7.6,32.01,-89.3,
4484,"TSLA,RIVN",5,20,1.0,50.0,0.6,0.5,10:00,14:30,81,11.1,32.04,-89.3,
4485,"IWM,PLTR",9,26,2.0,50.0,0.6,0.5,10:00,15:30,81,4.9,31.9,-89.4,
4486,"TSLA,RIVN",5,20,1.0,30.0,0.6,0.4,10:00,15:30,81,7.4,31.92,-89.4,
4487,"IWM,PLTR",9,26,2.0,50.0,0.8,0.5,10:00,15:30,81,4.9,31.9,-89.4,
4488,"TSLA,RIVN",5,20,1.0,50.0,0.8,0.5,10:00,15:30,81,9.9,31.86,-89.4,
4489,GLD,9,20,5.0,30.0,0.6,0.5,10:00,15:30,79,6.3,31.61,-89.5,
4490,GLD,9,20,5.0,30.0,0.8,0.5,10:00,15:30,79,6.3,31.61,-89.5,
4491,GLD,9,26,2.0,50.0,0.6,0.4,10:00,15:30,79,5.1,31.07,-89.6,
4492,GLD,9,26,2.0,50.0,0.8,0.4,10:00,15:30,79,5.1,31.07,-89.6,
4493,GLD,9,26,2.0,30.0,0.8,0.4,10:00,15:30,79,5.1,31.07,-89.6,
4494,"TSLA,RIVN",9,26,2.0,30.0,0.6,0.4,10:00,15:30,81,7.4,31.2,-89.6,
4495,GLD,9,26,2.0,30.0,0.6,0.4,10:00,15:30,79,5.1,31.07,-89.6,
4496,"QQQ,MSTR",5,26,1.0,30.0,0.8,0.5,10:00,15:30,81,9.9,30.76,-89.7,
4497,TLT,5,20,1.0,30.0,0.8,0.4,10:00,15:30,80,8.8,30.98,-89.7,
4498,TLT,9,20,5.0,50.0,0.6,0.4,10:00,15:30,79,7.6,30.85,-89.7,
4499,"TSLA,RIVN",5,20,1.0,50.0,0.6,0.4,10:00,15:30,81,7.4,30.99,-89.7,
4500,TLT,9,20,2.0,50.0,0.8,0.4,10:00,15:30,79,7.6,30.85,-89.7,
4501,TLT,5,20,1.0,50.0,0.8,0.4,10:00,15:30,80,8.8,30.8,-89.7,
4502,TLT,9,20,5.0,50.0,0.8,0.4,10:00,15:30,79,7.6,30.85,-89.7,
4503,TLT,9,20,2.0,50.0,0.6,0.4,10:00,15:30,79,7.6,30.85,-89.7,
4504,TLT,5,20,5.0,30.0,0.6,0.4,10:00,15:30,80,8.8,30.48,-89.8,
4505,"MSTR,COIN",9,26,5.0,50.0,0.6,0.4,10:00,15:30,81,6.2,30.64,-89.8,
4506,"MSTR,COIN",9,26,5.0,30.0,0.6,0.4,10:00,15:30,81,6.2,30.64,-89.8,
4507,"MSTR,COIN",9,26,5.0,50.0,0.8,0.4,10:00,15:30,81,6.2,30.64,-89.8,
4508,TLT,5,20,2.0,30.0,0.8,0.4,10:00,15:30,80,8.8,30.48,-89.8,
4509,TLT,5,20,2.0,30.0,0.6,0.4,10:00,15:30,80,8.8,30.48,-89.8,
4510,TLT,5,20,1.0,30.0,0.6,0.4,10:00,15:30,80,8.8,30.54,-89.8,
4511,"MSTR,COIN",9,26,5.0,30.0,0.8,0.4,10:00,15:30,81,6.2,30.64,-89.8,
4512,GLD,9,26,5.0,30.0,0.8,0.4,10:00,15:30,79,5.1,30.53,-89.8,
4513,GLD,9,26,5.0,30.0,0.6,0.4,10:00,15:30,79,5.1,30.53,-89.8,
4514,TLT,5,20,5.0,30.0,0.8,0.4,10:00,15:30,80,8.8,30.48,-89.8,
4515,TLT,5,20,1.0,50.0,0.6,0.4,10:00,15:30,80,8.8,30.64,-89.8,
4516,MSTR,9,20,2.0,50.0,0.6,0.5,10:00,15:30,73,8.2,30.32,-89.9,
4517,MSTR,9,20,2.0,30.0,0.8,0.5,10:00,15:30,73,8.2,30.32,-89.9,
4518,"MSTR,COIN",5,26,5.0,50.0,0.8,0.5,10:00,15:30,81,8.6,30.32,-89.9,
4519,MSTR,9,20,2.0,50.0,0.8,0.5,10:00,15:30,73,8.2,30.32,-89.9,
4520,"MSTR,COIN",5,26,5.0,30.0,0.8,0.5,10:00,15:30,81,8.6,30.32,-89.9,
4521,"MSTR,COIN",5,26,5.0,30.0,0.6,0.5,10:00,15:30,81,8.6,30.32,-89.9,
4522,MSTR,9,20,2.0,30.0,0.6,0.5,10:00,15:30,73,8.2,30.32,-89.9,
4523,"MSTR,COIN",5,26,5.0,50.0,0.6,0.5,10:00,15:30,81,8.6,30.32,-89.9,
4524,TLT,9,20,1.0,50.0,0.6,0.4,10:00,15:30,79,7.6,30.08,-90.0,
4525,"QQQ,MSTR",9,20,5.0,30.0,0.8,0.4,10:00,15:30,79,3.8,29.63,-90.1,
4526,"QQQ,MSTR",9,20,5.0,50.0,0.6,0.4,10:00,15:30,79,3.8,29.63,-90.1,
4527,"QQQ,MSTR",9,20,5.0,30.0,0.6,0.4,10:00,15:30,79,3.8,29.63,-90.1,
4528,"QQQ,MSTR",9,20,5.0,50.0,0.8,0.4,10:00,15:30,79,3.8,29.63,-90.1,
4529,"QQQ,MSTR",5,26,1.0,50.0,0.8,0.5,10:00,15:30,81,9.9,29.79,-90.1,
4530,GLD,9,20,2.0,50.0,0.8,0.5,10:00,15:30,79,6.3,29.42,-90.2,
4531,GLD,9,20,2.0,50.0,0.6,0.5,10:00,15:30,79,6.3,29.42,-90.2,
4532,"IWM,PLTR",9,20,1.0,50.0,0.8,0.4,10:00,14:30,80,5.0,29.25,-90.3,
4533,TLT,9,20,1.0,30.0,0.8,0.4,10:00,15:30,79,6.3,29.02,-90.3,
4534,"IWM,PLTR",9,20,1.0,30.0,0.8,0.4,10:00,14:30,80,5.0,29.25,-90.3,
4535,"IWM,PLTR",9,20,1.0,30.0,0.6,0.4,10:00,14:30,80,5.0,29.25,-90.3,
4536,"IWM,PLTR",9,20,1.0,50.0,0.6,0.4,10:00,14:30,80,5.0,29.25,-90.3,
4537,"MSTR,COIN",9,26,1.0,30.0,0.8,0.4,10:00,15:30,81,6.2,28.86,-90.4,
4538,PLTR,9,20,5.0,50.0,0.8,0.5,10:00,15:30,75,5.3,28.74,-90.4,
4539,GLD,9,20,5.0,50.0,0.6,0.5,10:00,15:30,79,6.3,28.81,-90.4,
4540,PLTR,9,20,5.0,30.0,0.6,0.5,10:00,15:30,75,5.3,28.74,-90.4,
4541,GLD,9,20,5.0,50.0,0.8,0.5,10:00,15:30,79,6.3,28.81,-90.4,
4542,"MSTR,COIN",9,26,1.0,50.0,0.8,0.4,10:00,15:30,81,6.2,28.86,-90.4,
4543,PLTR,9,20,5.0,50.0,0.6,0.5,10:00,15:30,75,5.3,28.74,-90.4,
4544,PLTR,9,20,5.0,30.0,0.8,0.5,10:00,15:30,75,5.3,28.74,-90.4,
4545,RIVN,5,26,1.0,30.0,0.8,0.5,10:00,14:30,80,12.5,28.42,-90.5,
4546,TLT,9,20,2.0,30.0,0.8,0.4,10:00,15:30,79,6.3,28.53,-90.5,
4547,TLT,9,20,2.0,30.0,0.6,0.4,10:00,15:30,79,6.3,28.53,-90.5,
4548,TLT,9,20,5.0,30.0,0.8,0.4,10:00,15:30,79,6.3,28.53,-90.5,
4549,TLT,9,20,5.0,30.0,0.6,0.4,10:00,15:30,79,6.3,28.53,-90.5,
4550,"MSTR,COIN",9,26,2.0,50.0,0.6,0.4,10:00,15:30,81,4.9,28.34,-90.6,
4551,"MSTR,COIN",9,26,2.0,30.0,0.8,0.4,10:00,15:30,81,4.9,28.34,-90.6,
4552,GLD,9,26,5.0,50.0,0.6,0.4,10:00,15:30,79,5.1,28.27,-90.6,
4553,GLD,9,26,5.0,50.0,0.8,0.4,10:00,15:30,79,5.1,28.27,-90.6,
4554,"MSTR,COIN",9,26,2.0,30.0,0.6,0.4,10:00,15:30,81,4.9,28.34,-90.6,
4555,"MSTR,COIN",9,26,2.0,50.0,0.8,0.4,10:00,15:30,81,4.9,28.34,-90.6,
4556,SPY,9,20,5.0,50.0,0.6,0.4,10:00,14:30,80,6.2,27.96,-90.7,
4557,SPY,9,20,5.0,30.0,0.8,0.4,10:00,14:30,80,6.2,27.96,-90.7,
4558,SPY,9,20,5.0,30.0,0.6,0.4,10:00,14:30,80,6.2,27.96,-90.7,
4559,SPY,9,20,5.0,50.0,0.8,0.4,10:00,14:30,80,6.2,27.96,-90.7,
4560,"TSLA,RIVN",5,20,2.0,30.0,0.6,0.4,10:00,15:30,81,4.9,26.92,-91.0,
4561,COIN,5,26,5.0,50.0,0.6,0.5,10:00,15:30,81,7.4,26.58,-91.1,
4562,MSTR,5,26,2.0,30.0,0.6,0.5,10:00,15:30,75,9.3,26.62,-91.1,
4563,COIN,9,20,1.0,30.0,0.8,0.4,10:00,15:30,81,6.2,26.63,-91.1,
4564,"TSLA,RIVN",9,20,1.0,30.0,0.8,0.5,10:00,15:30,81,8.6,26.66,-91.1,
4565,COIN,5,26,5.0,30.0,0.6,0.5,10:00,15:30,81,7.4,26.58,-91.1,
4566,"MSTR,RIVN,SMCI,COIN",5,20,5.0,50.0,0.8,0.4,10:00,15:30,81,4.9,26.84,-91.1,
4567,"MSTR,RIVN,SMCI,COIN",5,20,5.0,50.0,0.6,0.4,10:00,15:30,81,4.9,26.84,-91.1,
4568,COIN,9,20,1.0,50.0,0.8,0.4,10:00,15:30,81,6.2,26.63,-91.1,
4569,MSTR,5,26,2.0,50.0,0.6,0.5,10:00,15:30,75,9.3,26.62,-91.1,
4570,MSTR,5,26,2.0,30.0,0.8,0.5,10:00,15:30,75,9.3,26.62,-91.1,
4571,"TSLA,RIVN",9,20,1.0,50.0,0.8,0.5,10:00,15:30,81,8.6,26.66,-91.1,
4572,COIN,5,26,5.0,50.0,0.8,0.5,10:00,15:30,81,7.4,26.58,-91.1,
4573,COIN,5,26,5.0,30.0,0.8,0.5,10:00,15:30,81,7.4,26.58,-91.1,
4574,MSTR,5,26,2.0,50.0,0.8,0.5,10:00,15:30,75,9.3,26.62,-91.1,
4575,"MSTR,RIVN,SMCI,COIN",5,20,5.0,30.0,0.8,0.4,10:00,15:30,81,4.9,26.48,-91.2,
4576,"MSTR,RIVN,SMCI,COIN",5,20,5.0,30.0,0.6,0.4,10:00,15:30,81,4.9,26.48,-91.2,
4577,SPY,5,20,5.0,50.0,0.6,0.5,10:00,14:30,80,8.8,26.51,-91.2,
4578,SPY,5,20,5.0,50.0,0.8,0.5,10:00,14:30,80,8.8,26.51,-91.2,
4579,SPY,5,20,5.0,30.0,0.8,0.5,10:00,14:30,80,8.8,26.51,-91.2,
4580,SPY,5,20,5.0,30.0,0.6,0.5,10:00,14:30,80,8.8,26.51,-91.2,
4581,"NVDA,AMD",5,20,5.0,30.0,0.6,0.5,10:00,14:30,80,8.8,25.67,-91.4,
4582,"TSLA,RIVN",9,26,5.0,30.0,0.6,0.4,10:00,15:30,81,4.9,25.68,-91.4,
4583,"NVDA,AMD",5,20,5.0,50.0,0.6,0.5,10:00,14:30,80,8.8,25.67,-91.4,
4584,SPY,5,20,5.0,50.0,0.6,0.4,10:00,14:30,80,3.8,25.85,-91.4,
4585,SPY,5,20,5.0,30.0,0.8,0.4,10:00,14:30,80,3.8,25.85,-91.4,
4586,TLT,9,20,1.0,30.0,0.6,0.4,10:00,15:30,79,6.3,25.83,-91.4,
4587,"NVDA,AMD",5,20,5.0,50.0,0.8,0.5,10:00,14:30,80,8.8,25.67,-91.4,
4588,SPY,5,20,5.0,50.0,0.8,0.4,10:00,14:30,80,3.8,25.85,-91.4,
4589,SPY,5,20,5.0,30.0,0.6,0.4,10:00,14:30,80,3.8,25.85,-91.4,
4590,"NVDA,AMD",5,20,5.0,30.0,0.8,0.5,10:00,14:30,80,8.8,25.67,-91.4,
4591,MSTR,5,26,2.0,30.0,0.6,0.4,10:00,15:30,76,7.9,25.57,-91.5,
4592,MSTR,5,26,2.0,50.0,0.6,0.4,10:00,15:30,76,7.9,25.57,-91.5,
4593,"TSLA,RIVN",5,20,1.0,30.0,0.8,0.5,10:00,15:30,81,9.9,25.58,-91.5,
4594,MSTR,5,26,2.0,50.0,0.8,0.4,10:00,15:30,76,7.9,25.57,-91.5,
4595,MSTR,5,26,2.0,30.0,0.8,0.4,10:00,15:30,76,7.9,25.57,-91.5,
4596,GLD,9,26,1.0,30.0,0.6,0.5,10:00,15:30,79,10.1,25.06,-91.6,
4597,GLD,9,26,1.0,50.0,0.6,0.5,10:00,15:30,79,10.1,25.06,-91.6,
4598,"TSLA,RIVN",5,26,1.0,30.0,0.8,0.4,10:00,15:30,81,7.4,24.91,-91.7,
4599,"TSLA,RIVN",5,26,1.0,50.0,0.8,0.4,10:00,15:30,81,7.4,24.6,-91.8,
4600,"MSTR,COIN",9,20,1.0,50.0,0.8,0.4,10:00,15:30,81,7.4,24.32,-91.9,
4601,"QQQ,MSTR",5,26,5.0,50.0,0.8,0.4,10:00,14:30,78,7.7,24.32,-91.9,
4602,"MSTR,COIN",9,20,1.0,30.0,0.8,0.4,10:00,15:30,81,7.4,24.32,-91.9,
4603,"QQQ,MSTR",5,26,5.0,30.0,0.6,0.4,10:00,14:30,78,7.7,24.32,-91.9,
4604,"QQQ,MSTR",5,26,5.0,30.0,0.8,0.4,10:00,14:30,78,7.7,24.32,-91.9,
4605,"QQQ,MSTR",5,26,5.0,50.0,0.6,0.4,10:00,14:30,78,7.7,24.32,-91.9,
4606,MSTR,5,26,1.0,50.0,0.8,0.4,10:00,15:30,78,9.0,23.48,-92.2,
4607,"QQQ,MSTR",5,26,2.0,30.0,0.6,0.4,10:00,14:30,78,7.7,23.3,-92.2,
4608,MSTR,5,26,1.0,30.0,0.8,0.4,10:00,15:30,78,9.0,23.48,-92.2,
4609,"QQQ,MSTR",5,26,2.0,30.0,0.8,0.4,10:00,14:30,78,7.7,23.3,-92.2,
4610,"QQQ,MSTR",5,26,2.0,50.0,0.6,0.4,10:00,14:30,78,7.7,23.3,-92.2,
4611,"QQQ,MSTR",5,26,2.0,50.0,0.8,0.4,10:00,14:30,78,7.7,23.3,-92.2,
4612,GLD,9,20,1.0,50.0,0.6,0.5,10:00,15:30,79,8.9,23.18,-92.3,
4613,TLT,9,20,2.0,50.0,0.8,0.5,10:00,15:30,79,8.9,23.23,-92.3,
4614,RIVN,5,26,1.0,30.0,0.6,0.5,10:00,14:30,80,12.5,23.08,-92.3,
4615,TLT,9,20,5.0,50.0,0.6,0.5,10:00,15:30,79,8.9,23.23,-92.3,
4616,TLT,9,20,2.0,50.0,0.6,0.5,10:00,15:30,79,8.9,23.23,-92.3,
4617,GLD,9,20,1.0,30.0,0.6,0.5,10:00,15:30,79,8.9,23.18,-92.3,
4618,TLT,9,20,5.0,50.0,0.8,0.5,10:00,15:30,79,8.9,23.23,-92.3,
4619,RIVN,5,26,1.0,50.0,0.8,0.5,10:00,14:30,80,12.5,22.96,-92.3,
4620,"QQQ,MSTR",9,26,5.0,50.0,0.6,0.5,10:00,14:30,78,7.7,22.74,-92.4,
4621,"QQQ,MSTR",9,26,5.0,50.0,0.8,0.5,10:00,14:30,78,7.7,22.74,-92.4,
4622,"QQQ,MSTR",9,26,5.0,30.0,0.8,0.5,10:00,14:30,78,7.7,22.74,-92.4,
4623,"QQQ,MSTR",9,26,5.0,30.0,0.6,0.5,10:00,14:30,78,7.7,22.74,-92.4,
4624,RIVN,5,26,1.0,50.0,0.6,0.5,10:00,14:30,80,12.5,22.88,-92.4,
4625,"IWM,PLTR",9,20,5.0,50.0,0.6,0.4,10:00,15:30,81,3.7,22.63,-92.5,
4626,"IWM,PLTR",9,20,5.0,50.0,0.8,0.4,10:00,15:30,81,3.7,22.63,-92.5,
4627,"IWM,PLTR",9,20,5.0,30.0,0.6,0.4,10:00,15:30,81,3.7,22.63,-92.5,
4628,"IWM,PLTR",9,20,5.0,30.0,0.8,0.4,10:00,15:30,81,3.7,22.63,-92.5,
4629,TLT,9,20,1.0,50.0,0.6,0.5,10:00,15:30,79,8.9,22.19,-92.6,
4630,GLD,5,26,5.0,30.0,0.8,0.5,10:00,15:30,81,7.4,21.77,-92.7,
4631,TLT,9,20,1.0,50.0,0.8,0.5,10:00,15:30,79,8.9,22.02,-92.7,
4632,GLD,5,26,5.0,50.0,0.8,0.5,10:00,15:30,81,7.4,21.77,-92.7,
4633,"NVDA,TSLA,PLTR,COIN",9,20,5.0,50.0,0.6,0.5,10:00,14:30,81,4.9,21.77,-92.7,
4634,GLD,5,26,5.0,50.0,0.6,0.5,10:00,15:30,81,7.4,21.77,-92.7,
4635,GLD,5,26,5.0,30.0,0.6,0.5,10:00,15:30,81,7.4,21.77,-92.7,
4636,GLD,5,26,2.0,50.0,0.6,0.5,10:00,15:30,81,7.4,21.49,-92.8,
4637,GLD,5,26,2.0,30.0,0.6,0.5,10:00,15:30,81,7.4,21.49,-92.8,
4638,GLD,5,26,2.0,30.0,0.8,0.5,10:00,15:30,81,7.4,21.49,-92.8,
4639,GLD,5,26,2.0,50.0,0.8,0.5,10:00,15:30,81,7.4,21.49,-92.8,
4640,"QQQ,MSTR",9,26,2.0,50.0,0.6,0.5,10:00,14:30,78,9.0,21.26,-92.9,
4641,"QQQ,MSTR",9,26,2.0,30.0,0.8,0.5,10:00,14:30,78,9.0,21.26,-92.9,
4642,"QQQ,MSTR",9,26,2.0,30.0,0.6,0.5,10:00,14:30,78,9.0,21.26,-92.9,
4643,"QQQ,MSTR",9,26,2.0,50.0,0.8,0.5,10:00,14:30,78,9.0,21.26,-92.9,
4644,"MSTR,RIVN,SMCI,COIN",9,26,2.0,30.0,0.8,0.5,10:00,15:30,81,4.9,21.04,-93.0,
4645,"MSTR,RIVN,SMCI,COIN",9,26,2.0,50.0,0.8,0.5,10:00,15:30,81,4.9,21.04,-93.0,
4646,"MSTR,RIVN,SMCI,COIN",9,26,2.0,30.0,0.6,0.5,10:00,15:30,81,4.9,21.04,-93.0,
4647,"MSTR,RIVN,SMCI,COIN",9,26,2.0,50.0,0.6,0.5,10:00,15:30,81,4.9,21.04,-93.0,
4648,"TSLA,RIVN",5,26,2.0,50.0,0.8,0.5,10:00,15:30,81,6.2,20.41,-93.2,
4649,TLT,9,26,1.0,50.0,0.8,0.4,10:00,15:30,79,6.3,20.2,-93.3,
4650,"IWM,PLTR",9,20,2.0,50.0,0.6,0.4,10:00,14:30,80,3.8,20.13,-93.3,
4651,"IWM,PLTR",9,20,2.0,50.0,0.8,0.4,10:00,14:30,80,3.8,20.13,-93.3,
4652,"IWM,PLTR",9,20,2.0,30.0,0.6,0.4,10:00,14:30,80,3.8,20.13,-93.3,
4653,"IWM,PLTR",9,20,2.0,30.0,0.8,0.4,10:00,14:30,80,3.8,20.13,-93.3,
4654,RIVN,5,26,1.0,50.0,0.6,0.4,10:00,15:30,80,3.8,19.86,-93.4,
4655,RIVN,5,26,1.0,30.0,0.8,0.4,10:00,15:30,80,3.8,19.86,-93.4,
4656,"IWM,PLTR",9,26,2.0,30.0,0.6,0.5,10:00,14:30,80,3.8,19.88,-93.4,
4657,"IWM,PLTR",9,26,2.0,50.0,0.6,0.5,10:00,14:30,80,3.8,19.88,-93.4,
4658,"IWM,PLTR",9,26,2.0,30.0,0.8,0.5,10:00,14:30,80,3.8,19.88,-93.4,
4659,RIVN,5,26,1.0,30.0,0.6,0.4,10:00,15:30,80,3.8,19.86,-93.4,
4660,RIVN,5,26,1.0,50.0,0.8,0.4,10:00,15:30,80,3.8,19.86,-93.4,
4661,"IWM,PLTR",9,26,2.0,50.0,0.8,0.5,10:00,14:30,80,3.8,19.88,-93.4,
4662,"MSTR,RIVN,SMCI,COIN",5,20,2.0,30.0,0.8,0.4,10:00,15:30,81,3.7,19.49,-93.5,
4663,"TSLA,RIVN",9,26,5.0,30.0,0.6,0.5,10:00,15:30,81,7.4,19.56,-93.5,
4664,"MSTR,RIVN,SMCI,COIN",5,20,2.0,50.0,0.8,0.4,10:00,15:30,81,3.7,19.49,-93.5,
4665,"NVDA,AMD",5,20,5.0,30.0,0.8,0.5,10:00,15:30,80,5.0,18.9,-93.7,
4666,"NVDA,AMD",5,20,5.0,50.0,0.8,0.5,10:00,15:30,80,5.0,18.9,-93.7,
4667,"NVDA,AMD",5,20,5.0,30.0,0.6,0.5,10:00,15:30,80,5.0,18.9,-93.7,
4668,"NVDA,AMD",5,20,5.0,50.0,0.6,0.5,10:00,15:30,80,5.0,18.9,-93.7,
4669,"SPY,NVDA",5,20,5.0,50.0,0.6,0.5,10:00,14:30,81,9.9,18.61,-93.8,
4670,GLD,5,26,2.0,30.0,0.8,0.4,10:00,15:30,81,6.2,18.69,-93.8,
4671,"SPY,NVDA",5,20,5.0,30.0,0.6,0.5,10:00,14:30,81,9.9,18.61,-93.8,
4672,GLD,5,26,2.0,50.0,0.8,0.4,10:00,15:30,81,6.2,18.69,-93.8,
4673,GLD,5,26,2.0,50.0,0.6,0.4,10:00,15:30,81,6.2,18.69,-93.8,
4674,"SPY,NVDA",5,20,5.0,30.0,0.8,0.5,10:00,14:30,81,9.9,18.61,-93.8,
4675,"TSLA,RIVN",5,26,1.0,30.0,0.6,0.4,10:00,15:30,81,6.2,18.52,-93.8,
4676,GLD,5,26,2.0,30.0,0.6,0.4,10:00,15:30,81,6.2,18.69,-93.8,
4677,"SPY,NVDA",5,20,5.0,50.0,0.8,0.5,10:00,14:30,81,9.9,18.61,-93.8,
4678,"QQQ,MSTR",9,26,5.0,50.0,0.8,0.5,10:00,15:30,79,5.1,18.28,-93.9,
4679,GLD,5,26,5.0,30.0,0.8,0.4,10:00,15:30,81,6.2,18.44,-93.9,
4680,GLD,5,26,5.0,30.0,0.6,0.4,10:00,15:30,81,6.2,18.44,-93.9,
4681,"QQQ,MSTR",9,26,5.0,30.0,0.6,0.5,10:00,15:30,79,5.1,18.28,-93.9,
4682,PLTR,9,26,2.0,30.0,0.8,0.4,10:00,15:30,75,5.3,18.29,-93.9,
4683,PLTR,9,26,2.0,50.0,0.8,0.4,10:00,15:30,75,5.3,18.29,-93.9,
4684,GLD,5,26,5.0,50.0,0.6,0.4,10:00,15:30,81,6.2,18.44,-93.9,
4685,"QQQ,MSTR",9,26,5.0,50.0,0.6,0.5,10:00,15:30,79,5.1,18.28,-93.9,
4686,GLD,5,26,5.0,50.0,0.8,0.4,10:00,15:30,81,6.2,18.44,-93.9,
4687,"QQQ,MSTR",9,26,5.0,30.0,0.8,0.5,10:00,15:30,79,5.1,18.28,-93.9,
4688,MSTR,5,20,5.0,50.0,0.8,0.4,10:00,15:30,69,8.7,18.1,-94.0,
4689,MSTR,5,20,5.0,30.0,0.6,0.4,10:00,15:30,69,8.7,18.1,-94.0,
4690,MSTR,5,20,5.0,50.0,0.6,0.4,10:00,15:30,69,8.7,18.1,-94.0,
4691,MSTR,5,20,5.0,30.0,0.8,0.4,10:00,15:30,69,8.7,18.1,-94.0,
4692,"TSLA,RIVN",5,26,1.0,50.0,0.6,0.4,10:00,15:30,81,6.2,17.77,-94.1,
4693,"TSLA,RIVN",5,20,1.0,30.0,0.6,0.5,10:00,15:30,81,7.4,17.35,-94.2,
4694,RIVN,5,20,2.0,30.0,0.6,0.5,10:00,15:30,80,6.2,17.43,-94.2,
4695,RIVN,5,20,5.0,50.0,0.6,0.5,10:00,15:30,80,6.2,17.43,-94.2,
4696,RIVN,5,20,5.0,50.0,0.8,0.5,10:00,15:30,80,6.2,17.43,-94.2,
4697,RIVN,5,20,2.0,50.0,0.8,0.5,10:00,15:30,80,6.2,17.43,-94.2,
4698,RIVN,5,20,2.0,50.0,0.6,0.5,10:00,15:30,80,6.2,17.43,-94.2,
4699,RIVN,5,20,5.0,30.0,0.6,0.5,10:00,15:30,80,6.2,17.43,-94.2,
4700,RIVN,5,20,5.0,30.0,0.8,0.5,10:00,15:30,80,6.2,17.43,-94.2,
4701,TLT,5,20,2.0,50.0,0.6,0.4,10:00,15:30,80,7.5,17.44,-94.2,
4702,TLT,5,20,5.0,50.0,0.6,0.4,10:00,15:30,80,7.5,17.44,-94.2,
4703,RIVN,5,20,2.0,30.0,0.8,0.5,10:00,15:30,80,6.2,17.43,-94.2,
4704,"MSTR,RIVN,SMCI,COIN",5,20,2.0,30.0,0.6,0.5,10:00,15:30,81,4.9,17.37,-94.2,
4705,"TSLA,RIVN",5,20,1.0,50.0,0.6,0.5,10:00,15:30,81,7.4,17.4,-94.2,
4706,TLT,5,20,2.0,50.0,0.8,0.4,10:00,15:30,80,7.5,17.44,-94.2,
4707,TLT,5,20,5.0,50.0,0.8,0.4,10:00,15:30,80,7.5,17.44,-94.2,
4708,"TSLA,RIVN",5,20,2.0,30.0,0.6,0.5,10:00,15:30,81,4.9,16.68,-94.4,
4709,RIVN,5,20,2.0,30.0,0.6,0.4,10:00,14:30,79,6.3,16.74,-94.4,
4710,RIVN,5,20,5.0,30.0,0.6,0.4,10:00,14:30,79,6.3,16.74,-94.4,
4711,"QQQ,MSTR",5,26,2.0,30.0,0.6,0.4,10:00,15:30,80,3.8,16.66,-94.4,
4712,RIVN,5,20,1.0,30.0,0.6,0.5,10:00,15:30,80,6.2,16.93,-94.4,
4713,RIVN,5,20,5.0,50.0,0.8,0.4,10:00,14:30,79,6.3,16.74,-94.4,
4714,RIVN,5,20,1.0,50.0,0.8,0.5,10:00,15:30,80,6.2,16.93,-94.4,
4715,"QQQ,MSTR",5,26,2.0,50.0,0.6,0.4,10:00,15:30,80,3.8,16.66,-94.4,
4716,RIVN,5,20,2.0,50.0,0.8,0.4,10:00,14:30,79,6.3,16.74,-94.4,
4717,"QQQ,MSTR",5,26,2.0,50.0,0.8,0.4,10:00,15:30,80,3.8,16.66,-94.4,
4718,RIVN,5,20,5.0,50.0,0.6,0.4,10:00,14:30,79,6.3,16.74,-94.4,
4719,RIVN,5,20,1.0,50.0,0.6,0.5,10:00,15:30,80,6.2,16.93,-94.4,
4720,RIVN,5,20,2.0,30.0,0.8,0.4,10:00,14:30,79,6.3,16.74,-94.4,
4721,"TSLA,RIVN",9,26,5.0,50.0,0.6,0.5,10:00,15:30,81,9.9,16.92,-94.4,
4722,"TSLA,RIVN",5,26,2.0,50.0,0.6,0.5,10:00,15:30,80,5.0,16.78,-94.4,
4723,RIVN,5,20,1.0,30.0,0.8,0.5,10:00,15:30,80,6.2,16.93,-94.4,
4724,RIVN,5,20,2.0,50.0,0.6,0.4,10:00,14:30,79,6.3,16.74,-94.4,
4725,RIVN,5,20,5.0,30.0,0.8,0.4,10:00,14:30,79,6.3,16.74,-94.4,
4726,"QQQ,MSTR",5,26,2.0,30.0,0.8,0.4,10:00,15:30,80,3.8,16.66,-94.4,
4727,RIVN,9,26,1.0,50.0,0.8,0.4,10:00,14:30,79,8.9,16.58,-94.5,
4728,RIVN,9,26,1.0,50.0,0.6,0.4,10:00,14:30,79,8.9,16.58,-94.5,
4729,"SPY,QQQ,NVDA",5,20,5.0,30.0,0.6,0.5,10:00,15:30,81,3.7,16.52,-94.5,
4730,RIVN,9,26,2.0,50.0,0.6,0.4,10:00,14:30,79,8.9,16.58,-94.5,
4731,RIVN,9,26,5.0,50.0,0.8,0.4,10:00,14:30,79,8.9,16.55,-94.5,
4732,"TSLA,RIVN",5,26,2.0,30.0,0.8,0.5,10:00,15:30,80,3.8,16.64,-94.5,
4733,"SPY,NVDA",5,20,5.0,50.0,0.8,0.5,10:00,15:30,81,4.9,16.41,-94.5,
4734,RIVN,9,26,2.0,30.0,0.6,0.4,10:00,14:30,79,8.9,16.58,-94.5,
4735,RIVN,9,26,1.0,30.0,0.8,0.4,10:00,14:30,79,8.9,16.58,-94.5,
4736,RIVN,9,26,2.0,30.0,0.8,0.4,10:00,14:30,79,8.9,16.58,-94.5,
4737,RIVN,9,26,5.0,30.0,0.8,0.4,10:00,14:30,79,8.9,16.55,-94.5,
4738,"SPY,NVDA",5,20,5.0,30.0,0.8,0.5,10:00,15:30,81,4.9,16.41,-94.5,
4739,"SPY,QQQ,NVDA",5,20,5.0,30.0,0.8,0.5,10:00,15:30,81,3.7,16.52,-94.5,
4740,"SPY,QQQ,NVDA",5,20,5.0,50.0,0.6,0.5,10:00,15:30,81,3.7,16.52,-94.5,
4741,"SPY,NVDA",5,20,5.0,50.0,0.6,0.5,10:00,15:30,81,4.9,16.41,-94.5,
4742,RIVN,9,26,5.0,50.0,0.6,0.4,10:00,14:30,79,8.9,16.55,-94.5,
4743,"SPY,QQQ,NVDA",5,20,5.0,50.0,0.8,0.5,10:00,15:30,81,3.7,16.52,-94.5,
4744,RIVN,9,26,5.0,30.0,0.6,0.4,10:00,14:30,79,8.9,16.55,-94.5,
4745,RIVN,9,26,2.0,50.0,0.8,0.4,10:00,14:30,79,8.9,16.58,-94.5,
4746,"SPY,NVDA",5,20,5.0,30.0,0.6,0.5,10:00,15:30,81,4.9,16.41,-94.5,
4747,RIVN,9,26,1.0,30.0,0.6,0.4,10:00,14:30,79,8.9,16.58,-94.5,
4748,"MSTR,COIN",5,26,5.0,30.0,0.8,0.4,10:00,15:30,81,6.2,16.18,-94.6,
4749,"MSTR,COIN",5,26,5.0,50.0,0.8,0.4,10:00,15:30,81,6.2,16.18,-94.6,
4750,RIVN,5,26,5.0,50.0,0.8,0.4,10:00,14:30,79,8.9,16.15,-94.6,
4751,RIVN,5,26,2.0,50.0,0.8,0.4,10:00,14:30,79,8.9,16.15,-94.6,
4752,RIVN,5,26,2.0,30.0,0.6,0.4,10:00,14:30,79,8.9,16.15,-94.6,
4753,RIVN,5,26,2.0,50.0,0.6,0.4,10:00,14:30,79,8.9,16.15,-94.6,
4754,"MSTR,COIN",5,26,5.0,30.0,0.6,0.4,10:00,15:30,81,6.2,16.18,-94.6,
4755,RIVN,5,26,5.0,50.0,0.6,0.4,10:00,14:30,79,8.9,16.15,-94.6,
4756,RIVN,5,26,5.0,30.0,0.6,0.4,10:00,14:30,79,8.9,16.15,-94.6,
4757,RIVN,5,26,5.0,30.0,0.8,0.4,10:00,14:30,79,8.9,16.15,-94.6,
4758,RIVN,5,20,1.0,30.0,0.6,0.4,10:00,14:30,79,6.3,16.25,-94.6,
4759,RIVN,5,20,1.0,50.0,0.6,0.4,10:00,14:30,79,6.3,16.25,-94.6,
4760,PLTR,9,26,5.0,50.0,0.8,0.4,10:00,15:30,75,2.7,16.1,-94.6,
4761,RIVN,5,20,1.0,30.0,0.8,0.4,10:00,14:30,79,6.3,16.25,-94.6,
4762,PLTR,9,26,5.0,30.0,0.6,0.4,10:00,15:30,75,2.7,16.1,-94.6,
4763,"MSTR,COIN",5,26,5.0,50.0,0.6,0.4,10:00,15:30,81,6.2,16.18,-94.6,
4764,PLTR,9,26,5.0,50.0,0.6,0.4,10:00,15:30,75,2.7,16.1,-94.6,
4765,RIVN,5,20,1.0,50.0,0.8,0.4,10:00,14:30,79,6.3,16.25,-94.6,
4766,PLTR,9,26,5.0,30.0,0.8,0.4,10:00,15:30,75,2.7,16.1,-94.6,
4767,RIVN,5,26,2.0,30.0,0.8,0.4,10:00,14:30,79,8.9,16.15,-94.6,
4768,RIVN,9,20,1.0,50.0,0.6,0.4,10:00,14:30,78,10.3,15.6,-94.8,
4769,TLT,9,26,2.0,30.0,0.6,0.4,10:00,15:30,79,5.1,15.51,-94.8,
4770,"MSTR,RIVN,SMCI,COIN",9,26,1.0,30.0,0.8,0.5,10:00,15:30,81,2.5,15.67,-94.8,
4771,"IWM,PLTR",9,20,5.0,30.0,0.8,0.5,10:00,15:30,81,4.9,15.51,-94.8,
4772,TLT,9,26,2.0,50.0,0.6,0.4,10:00,15:30,79,5.1,15.68,-94.8,
4773,"MSTR,RIVN,SMCI,COIN",9,26,1.0,30.0,0.6,0.5,10:00,15:30,81,2.5,15.67,-94.8,
4774,"MSTR,RIVN,SMCI,COIN",9,26,1.0,50.0,0.6,0.5,10:00,15:30,81,2.5,15.67,-94.8,
4775,TLT,9,26,2.0,30.0,0.8,0.4,10:00,15:30,79,5.1,15.51,-94.8,
4776,"IWM,PLTR",9,20,5.0,30.0,0.6,0.5,10:00,15:30,81,4.9,15.51,-94.8,
4777,RIVN,9,20,1.0,50.0,0.8,0.4,10:00,14:30,78,10.3,15.6,-94.8,
4778,RIVN,9,20,1.0,30.0,0.6,0.4,10:00,14:30,78,10.3,15.6,-94.8,
4779,TLT,9,26,2.0,50.0,0.8,0.4,10:00,15:30,79,5.1,15.68,-94.8,
4780,"IWM,PLTR",9,20,5.0,50.0,0.6,0.5,10:00,15:30,81,4.9,15.51,-94.8,
4781,TLT,9,26,5.0,30.0,0.8,0.4,10:00,15:30,79,5.1,15.51,-94.8,
4782,RIVN,9,20,1.0,30.0,0.8,0.4,10:00,14:30,78,10.3,15.6,-94.8,
4783,TLT,9,26,5.0,50.0,0.6,0.4,10:00,15:30,79,5.1,15.68,-94.8,
4784,"IWM,PLTR",9,20,5.0,50.0,0.8,0.5,10:00,15:30,81,4.9,15.51,-94.8,
4785,TLT,9,26,5.0,30.0,0.6,0.4,10:00,15:30,79,5.1,15.51,-94.8,
4786,TLT,9,26,5.0,50.0,0.8,0.4,10:00,15:30,79,5.1,15.68,-94.8,
4787,"MSTR,RIVN,SMCI,COIN",9,26,1.0,50.0,0.8,0.5,10:00,15:30,81,2.5,15.67,-94.8,
4788,TLT,9,26,1.0,30.0,0.8,0.4,10:00,15:30,79,5.1,15.59,-94.8,
4789,"IWM,PLTR",9,26,5.0,30.0,0.8,0.5,10:00,14:30,80,3.8,15.32,-94.9,
4790,"IWM,PLTR",9,26,5.0,50.0,0.6,0.5,10:00,14:30,80,3.8,15.32,-94.9,
4791,"IWM,PLTR",9,26,5.0,30.0,0.6,0.5,10:00,14:30,80,3.8,15.32,-94.9,
4792,"IWM,PLTR",9,26,5.0,50.0,0.8,0.5,10:00,14:30,80,3.8,15.32,-94.9,
4793,"SPY,QQQ,NVDA",9,20,5.0,50.0,0.8,0.4,10:00,15:30,81,1.2,15.06,-95.0,
4794,"SPY,QQQ,NVDA",9,20,5.0,30.0,0.6,0.4,10:00,15:30,81,1.2,15.06,-95.0,
4795,RIVN,5,26,5.0,50.0,0.8,0.4,10:00,15:30,79,2.5,14.96,-95.0,
4796,RIVN,5,26,5.0,30.0,0.8,0.4,10:00,15:30,79,2.5,14.96,-95.0,
4797,RIVN,5,26,2.0,30.0,0.6,0.4,10:00,15:30,79,2.5,14.96,-95.0,
4798,TLT,9,26,1.0,50.0,0.6,0.4,10:00,15:30,79,5.1,15.13,-95.0,
4799,RIVN,5,26,5.0,30.0,0.6,0.4,10:00,15:30,79,2.5,14.96,-95.0,
4800,"SPY,QQQ,NVDA",9,20,5.0,30.0,0.8,0.4,10:00,15:30,81,1.2,15.06,-95.0,
4801,"SPY,QQQ,NVDA",9,20,5.0,50.0,0.6,0.4,10:00,15:30,81,1.2,15.06,-95.0,
4802,RIVN,5,26,2.0,50.0,0.8,0.4,10:00,15:30,79,2.5,14.96,-95.0,
4803,RIVN,5,26,2.0,50.0,0.6,0.4,10:00,15:30,79,2.5,14.96,-95.0,
4804,RIVN,5,26,2.0,30.0,0.8,0.4,10:00,15:30,79,2.5,14.96,-95.0,
4805,RIVN,5,26,5.0,50.0,0.6,0.4,10:00,15:30,79,2.5,14.96,-95.0,
4806,TLT,9,26,1.0,30.0,0.6,0.4,10:00,15:30,79,5.1,15.13,-95.0,
4807,"SPY,QQQ,NVDA",5,26,5.0,30.0,0.6,0.4,10:00,15:30,81,1.2,14.77,-95.1,
4808,"SPY,QQQ,NVDA",5,26,5.0,30.0,0.8,0.4,10:00,15:30,81,1.2,14.77,-95.1,
4809,"SPY,QQQ,NVDA",5,26,5.0,50.0,0.6,0.4,10:00,15:30,81,1.2,14.77,-95.1,
4810,"SPY,QQQ,NVDA",5,26,5.0,50.0,0.8,0.4,10:00,15:30,81,1.2,14.77,-95.1,
4811,TLT,9,20,2.0,30.0,0.8,0.5,10:00,15:30,79,6.3,14.28,-95.2,
4812,TLT,9,20,2.0,30.0,0.6,0.5,10:00,15:30,79,6.3,14.28,-95.2,
4813,TLT,9,20,5.0,30.0,0.6,0.5,10:00,15:30,79,6.3,14.28,-95.2,
4814,TLT,9,20,5.0,30.0,0.8,0.5,10:00,15:30,79,6.3,14.28,-95.2,
4815,GLD,5,20,5.0,30.0,0.8,0.5,10:00,15:30,81,4.9,13.77,-95.4,
4816,TLT,9,20,1.0,30.0,0.8,0.5,10:00,15:30,79,6.3,13.71,-95.4,
4817,"QQQ,MSTR",5,26,2.0,50.0,0.8,0.5,10:00,14:30,78,6.4,13.75,-95.4,
4818,"QQQ,MSTR",5,26,2.0,50.0,0.6,0.5,10:00,14:30,78,6.4,13.75,-95.4,
4819,"TSLA,RIVN",5,26,2.0,30.0,0.6,0.5,10:00,15:30,80,3.8,13.71,-95.4,
4820,GLD,5,20,5.0,30.0,0.6,0.5,10:00,15:30,81,4.9,13.77,-95.4,
4821,"QQQ,MSTR",5,26,2.0,30.0,0.6,0.5,10:00,14:30,78,6.4,13.75,-95.4,
4822,"QQQ,MSTR",5,26,2.0,30.0,0.8,0.5,10:00,14:30,78,6.4,13.75,-95.4,
4823,"MSTR,COIN",9,20,5.0,50.0,0.6,0.4,10:00,15:30,81,6.2,13.49,-95.5,
4824,GLD,5,20,5.0,50.0,0.6,0.5,10:00,15:30,81,4.9,13.41,-95.5,
4825,"MSTR,COIN",9,20,5.0,50.0,0.8,0.4,10:00,15:30,81,6.2,13.49,-95.5,
4826,"QQQ,MSTR",9,20,5.0,50.0,0.6,0.5,10:00,15:30,79,3.8,13.62,-95.5,
4827,"QQQ,MSTR",9,20,5.0,50.0,0.8,0.5,10:00,15:30,79,3.8,13.62,-95.5,
4828,MSTR,5,20,5.0,30.0,0.8,0.5,10:00,15:30,69,8.7,13.48,-95.5,
4829,"QQQ,MSTR",9,20,5.0,30.0,0.8,0.5,10:00,15:30,79,3.8,13.62,-95.5,
4830,MSTR,5,20,5.0,50.0,0.8,0.5,10:00,15:30,69,8.7,13.48,-95.5,
4831,"QQQ,MSTR",9,20,5.0,30.0,0.6,0.5,10:00,15:30,79,3.8,13.62,-95.5,
4832,MSTR,5,20,5.0,30.0,0.6,0.5,10:00,15:30,69,8.7,13.48,-95.5,
4833,"MSTR,COIN",9,20,5.0,30.0,0.8,0.4,10:00,15:30,81,6.2,13.49,-95.5,
4834,GLD,5,20,5.0,50.0,0.8,0.5,10:00,15:30,81,4.9,13.41,-95.5,
4835,"MSTR,COIN",9,20,5.0,30.0,0.6,0.4,10:00,15:30,81,6.2,13.49,-95.5,
4836,MSTR,5,20,5.0,50.0,0.6,0.5,10:00,15:30,69,8.7,13.48,-95.5,
4837,"SPY,NVDA",5,20,5.0,50.0,0.8,0.4,10:00,14:30,81,2.5,13.15,-95.6,
4838,"SPY,NVDA",5,20,5.0,30.0,0.6,0.4,10:00,14:30,81,2.5,13.15,-95.6,
4839,"SPY,NVDA",5,20,5.0,30.0,0.8,0.4,10:00,14:30,81,2.5,13.15,-95.6,
4840,TLT,9,26,1.0,50.0,0.8,0.5,10:00,15:30,79,7.6,13.24,-95.6,
4841,"SPY,NVDA",5,20,5.0,50.0,0.6,0.4,10:00,14:30,81,2.5,13.15,-95.6,
4842,"SPY,QQQ,NVDA",9,26,5.0,30.0,0.8,0.5,10:00,14:30,80,5.0,12.89,-95.7,
4843,COIN,5,26,5.0,30.0,0.6,0.4,10:00,15:30,81,4.9,12.98,-95.7,
4844,"SPY,QQQ,NVDA",9,26,5.0,50.0,0.8,0.5,10:00,14:30,80,5.0,12.89,-95.7,
4845,"QQQ,MSTR",5,26,5.0,50.0,0.8,0.5,10:00,14:30,78,5.1,12.88,-95.7,
4846,GLD,5,20,2.0,50.0,0.6,0.5,10:00,15:30,81,4.9,12.98,-95.7,
4847,GLD,5,20,2.0,30.0,0.6,0.5,10:00,15:30,81,4.9,12.98,-95.7,
4848,"QQQ,MSTR",5,26,5.0,50.0,0.6,0.5,10:00,14:30,78,5.1,12.88,-95.7,
4849,"QQQ,MSTR",5,26,5.0,30.0,0.6,0.5,10:00,14:30,78,5.1,12.88,-95.7,
4850,COIN,5,26,5.0,50.0,0.8,0.4,10:00,15:30,81,4.9,12.98,-95.7,
4851,GLD,5,20,2.0,50.0,0.8,0.5,10:00,15:30,81,4.9,12.98,-95.7,
4852,"SPY,QQQ,NVDA",9,26,5.0,50.0,0.6,0.5,10:00,14:30,80,5.0,12.89,-95.7,
4853,COIN,5,26,5.0,30.0,0.8,0.4,10:00,15:30,81,4.9,12.98,-95.7,
4854,"SPY,QQQ,NVDA",9,26,5.0,30.0,0.6,0.5,10:00,14:30,80,5.0,12.89,-95.7,
4855,COIN,5,26,5.0,50.0,0.6,0.4,10:00,15:30,81,4.9,12.98,-95.7,
4856,GLD,5,20,2.0,30.0,0.8,0.5,10:00,15:30,81,4.9,12.98,-95.7,
4857,"QQQ,MSTR",5,26,5.0,30.0,0.8,0.5,10:00,14:30,78,5.1,12.88,-95.7,
4858,"MSTR,COIN",9,26,2.0,30.0,0.8,0.5,10:00,15:30,81,4.9,12.68,-95.8,
4859,"MSTR,COIN",9,26,2.0,30.0,0.6,0.5,10:00,15:30,81,4.9,12.68,-95.8,
4860,"MSTR,COIN",9,26,2.0,50.0,0.8,0.5,10:00,15:30,81,4.9,12.68,-95.8,
4861,"MSTR,COIN",9,26,2.0,50.0,0.6,0.5,10:00,15:30,81,4.9,12.68,-95.8,
4862,"TSLA,RIVN",5,26,1.0,30.0,0.8,0.5,10:00,15:30,81,4.9,12.24,-95.9,
4863,COIN,9,26,2.0,50.0,0.6,0.4,10:00,15:30,81,3.7,12.17,-95.9,
4864,COIN,9,26,2.0,30.0,0.8,0.4,10:00,15:30,81,3.7,12.17,-95.9,
4865,TLT,9,20,1.0,30.0,0.6,0.5,10:00,15:30,79,6.3,12.38,-95.9,
4866,COIN,9,26,2.0,30.0,0.6,0.4,10:00,15:30,81,3.7,12.17,-95.9,
4867,COIN,9,26,2.0,50.0,0.8,0.4,10:00,15:30,81,3.7,12.17,-95.9,
4868,"IWM,PLTR",9,20,5.0,50.0,0.8,0.4,10:00,14:30,80,2.5,12.14,-96.0,
4869,"IWM,PLTR",9,20,5.0,30.0,0.8,0.4,10:00,14:30,80,2.5,12.14,-96.0,
4870,"MSTR,COIN",9,26,5.0,50.0,0.8,0.5,10:00,15:30,81,6.2,12.0,-96.0,
4871,"SPY,NVDA",5,20,5.0,50.0,0.8,0.4,10:00,15:30,81,2.5,11.98,-96.0,
4872,"SPY,QQQ,NVDA",5,20,5.0,50.0,0.8,0.4,10:00,15:30,81,1.2,12.05,-96.0,
4873,"IWM,PLTR",9,20,5.0,50.0,0.6,0.4,10:00,14:30,80,2.5,12.14,-96.0,
4874,RIVN,9,26,1.0,50.0,0.6,0.5,10:00,14:30,78,9.0,11.87,-96.0,
4875,"SPY,QQQ,NVDA",5,20,5.0,30.0,0.8,0.4,10:00,15:30,81,1.2,12.05,-96.0,
4876,"SPY,NVDA",5,20,5.0,30.0,0.8,0.4,10:00,15:30,81,2.5,11.98,-96.0,
4877,RIVN,9,26,1.0,30.0,0.6,0.5,10:00,14:30,78,9.0,11.87,-96.0,
4878,"MSTR,COIN",9,26,5.0,30.0,0.6,0.5,10:00,15:30,81,6.2,12.0,-96.0,
4879,"SPY,QQQ,NVDA",5,20,5.0,50.0,0.6,0.4,10:00,15:30,81,1.2,12.05,-96.0,
4880,"SPY,NVDA",5,20,5.0,50.0,0.6,0.4,10:00,15:30,81,2.5,11.98,-96.0,
4881,"SPY,QQQ,NVDA",5,20,5.0,30.0,0.6,0.4,10:00,15:30,81,1.2,12.05,-96.0,
4882,RIVN,9,26,1.0,50.0,0.8,0.5,10:00,14:30,78,9.0,11.87,-96.0,
4883,"MSTR,COIN",9,26,5.0,30.0,0.8,0.5,10:00,15:30,81,6.2,12.0,-96.0,
4884,"IWM,PLTR",9,20,5.0,30.0,0.6,0.4,10:00,14:30,80,2.5,12.14,-96.0,
4885,"SPY,NVDA",5,20,5.0,30.0,0.6,0.4,10:00,15:30,81,2.5,11.98,-96.0,
4886,"TSLA,RIVN",5,26,1.0,50.0,0.8,0.5,10:00,15:30,81,4.9,12.13,-96.0,
4887,RIVN,9,26,1.0,30.0,0.8,0.5,10:00,14:30,78,9.0,11.87,-96.0,
4888,"MSTR,COIN",9,26,5.0,50.0,0.6,0.5,10:00,15:30,81,6.2,12.0,-96.0,
4889,RIVN,9,26,2.0,30.0,0.6,0.5,10:00,14:30,78,9.0,11.83,-96.1,
4890,RIVN,9,26,5.0,30.0,0.6,0.5,10:00,14:30,78,9.0,11.85,-96.1,
4891,"QQQ,MSTR",5,20,5.0,50.0,0.6,0.4,10:00,15:30,80,2.5,11.69,-96.1,
4892,RIVN,9,26,5.0,30.0,0.8,0.5,10:00,14:30,78,9.0,11.85,-96.1,
4893,RIVN,9,26,2.0,50.0,0.6,0.5,10:00,14:30,78,9.0,11.83,-96.1,
4894,RIVN,9,26,2.0,30.0,0.8,0.5,10:00,14:30,78,9.0,11.83,-96.1,
4895,COIN,9,20,5.0,50.0,0.6,0.4,10:00,15:30,81,3.7,11.78,-96.1,
4896,COIN,9,20,5.0,30.0,0.8,0.4,10:00,15:30,81,3.7,11.78,-96.1,
4897,"SPY,QQQ,NVDA",5,26,5.0,50.0,0.8,0.4,10:00,14:30,81,1.2,11.81,-96.1,
4898,COIN,9,20,5.0,50.0,0.8,0.4,10:00,15:30,81,3.7,11.78,-96.1,
4899,"QQQ,MSTR",5,20,5.0,30.0,0.8,0.4,10:00,15:30,80,2.5,11.69,-96.1,
4900,"SPY,QQQ,NVDA",5,26,5.0,30.0,0.8,0.4,10:00,14:30,81,1.2,11.81,-96.1,
4901,MSTR,5,20,2.0,50.0,0.8,0.5,10:00,15:30,70,7.1,11.76,-96.1,
4902,"SPY,QQQ,NVDA",5,26,5.0,50.0,0.6,0.4,10:00,14:30,81,1.2,11.81,-96.1,
4903,"SPY,QQQ,NVDA",5,26,5.0,30.0,0.6,0.4,10:00,14:30,81,1.2,11.81,-96.1,
4904,MSTR,5,20,2.0,30.0,0.8,0.5,10:00,15:30,70,7.1,11.76,-96.1,
4905,"QQQ,MSTR",5,20,5.0,30.0,0.6,0.4,10:00,15:30,80,2.5,11.69,-96.1,
4906,RIVN,9,26,5.0,50.0,0.6,0.5,10:00,14:30,78,9.0,11.85,-96.1,
4907,COIN,9,20,5.0,30.0,0.6,0.4,10:00,15:30,81,3.7,11.78,-96.1,
4908,RIVN,9,26,2.0,50.0,0.8,0.5,10:00,14:30,78,9.0,11.83,-96.1,
4909,RIVN,9,26,5.0,50.0,0.8,0.5,10:00,14:30,78,9.0,11.85,-96.1,
4910,"QQQ,MSTR",5,20,5.0,50.0,0.8,0.4,10:00,15:30,80,2.5,11.69,-96.1,
4911,"MSTR,RIVN,SMCI,COIN",5,26,1.0,50.0,0.8,0.5,10:00,15:30,81,2.5,11.46,-96.2,
4912,PLTR,9,26,2.0,50.0,0.8,0.5,10:00,15:30,75,4.0,11.48,-96.2,
4913,PLTR,9,26,2.0,30.0,0.8,0.5,10:00,15:30,75,4.0,11.48,-96.2,
4914,PLTR,9,26,2.0,30.0,0.6,0.5,10:00,15:30,75,4.0,11.48,-96.2,
4915,TLT,5,26,2.0,30.0,0.6,0.4,10:00,15:30,79,3.8,11.49,-96.2,
4916,GLD,5,20,1.0,30.0,0.8,0.5,10:00,15:30,81,3.7,11.31,-96.2,
4917,COIN,9,20,5.0,30.0,0.8,0.5,10:00,15:30,80,5.0,11.43,-96.2,
4918,TLT,5,26,5.0,30.0,0.8,0.4,10:00,15:30,79,3.8,11.49,-96.2,
4919,"MSTR,RIVN,SMCI,COIN",5,26,1.0,30.0,0.8,0.5,10:00,15:30,81,2.5,11.46,-96.2,
4920,COIN,9,20,5.0,30.0,0.6,0.5,10:00,15:30,80,5.0,11.43,-96.2,
4921,COIN,9,20,5.0,50.0,0.6,0.5,10:00,15:30,80,5.0,11.43,-96.2,
4922,GLD,5,20,1.0,30.0,0.6,0.5,10:00,15:30,81,3.7,11.31,-96.2,
4923,GLD,5,20,1.0,50.0,0.6,0.5,10:00,15:30,81,3.7,11.31,-96.2,
4924,COIN,9,20,5.0,50.0,0.8,0.5,10:00,15:30,80,5.0,11.43,-96.2,
4925,GLD,5,20,1.0,50.0,0.8,0.5,10:00,15:30,81,3.7,11.31,-96.2,
4926,TLT,5,26,5.0,30.0,0.6,0.4,10:00,15:30,79,3.8,11.49,-96.2,
4927,TLT,5,26,2.0,30.0,0.8,0.4,10:00,15:30,79,3.8,11.49,-96.2,
4928,PLTR,9,26,2.0,50.0,0.6,0.5,10:00,15:30,75,4.0,11.48,-96.2,
4929,"QQQ,MSTR",5,20,2.0,50.0,0.8,0.4,10:00,15:30,80,2.5,10.99,-96.3,
4930,"SPY,NVDA",9,20,5.0,50.0,0.6,0.4,10:00,15:30,81,1.2,11.15,-96.3,
4931,"QQQ,MSTR",5,20,2.0,30.0,0.8,0.4,10:00,15:30,80,2.5,10.99,-96.3,
4932,COIN,9,26,5.0,50.0,0.8,0.4,10:00,15:30,81,2.5,11.15,-96.3,
4933,"TSLA,RIVN",5,26,1.0,50.0,0.6,0.5,10:00,15:30,80,5.0,11.12,-96.3,
4934,RIVN,9,20,5.0,50.0,0.8,0.4,10:00,14:30,78,9.0,11.09,-96.3,
4935,NVDA,9,20,5.0,50.0,0.6,0.5,10:00,15:30,79,5.1,11.13,-96.3,
4936,"MSTR,COIN",9,20,5.0,50.0,0.6,0.5,10:00,15:30,81,7.4,11.17,-96.3,
4937,NVDA,9,20,5.0,50.0,0.8,0.5,10:00,15:30,79,5.1,11.13,-96.3,
4938,"QQQ,MSTR",5,20,2.0,30.0,0.6,0.4,10:00,15:30,80,2.5,10.99,-96.3,
4939,NVDA,9,20,5.0,30.0,0.8,0.5,10:00,15:30,79,5.1,11.13,-96.3,
4940,COIN,9,26,5.0,30.0,0.8,0.4,10:00,15:30,81,2.5,11.15,-96.3,
4941,"MSTR,COIN",9,20,5.0,30.0,0.8,0.5,10:00,15:30,81,7.4,11.17,-96.3,
4942,"SPY,NVDA",9,20,5.0,50.0,0.8,0.4,10:00,15:30,81,1.2,11.15,-96.3,
4943,RIVN,9,20,2.0,30.0,0.8,0.4,10:00,14:30,78,9.0,11.08,-96.3,
4944,COIN,9,26,5.0,50.0,0.6,0.4,10:00,15:30,81,2.5,11.15,-96.3,
4945,"TSLA,RIVN",5,26,1.0,30.0,0.6,0.5,10:00,15:30,80,5.0,11.15,-96.3,
4946,RIVN,9,20,5.0,30.0,0.8,0.4,10:00,14:30,78,9.0,11.09,-96.3,
4947,NVDA,9,20,5.0,30.0,0.6,0.5,10:00,15:30,79,5.1,11.13,-96.3,
4948,RIVN,9,20,5.0,50.0,0.6,0.4,10:00,14:30,78,9.0,11.09,-96.3,
4949,COIN,9,26,5.0,30.0,0.6,0.4,10:00,15:30,81,2.5,11.15,-96.3,
4950,"MSTR,COIN",9,20,5.0,30.0,0.6,0.5,10:00,15:30,81,7.4,11.17,-96.3,
4951,RIVN,9,20,2.0,30.0,0.6,0.4,10:00,14:30,78,9.0,11.08,-96.3,
4952,TLT,5,26,5.0,50.0,0.6,0.4,10:00,15:30,79,3.8,11.04,-96.3,
4953,TLT,5,26,2.0,50.0,0.8,0.4,10:00,15:30,79,3.8,11.04,-96.3,
4954,RIVN,9,20,2.0,50.0,0.6,0.4,10:00,14:30,78,9.0,11.08,-96.3,
4955,"SPY,NVDA",9,20,5.0,30.0,0.8,0.4,10:00,15:30,81,1.2,11.15,-96.3,
4956,RIVN,9,20,2.0,50.0,0.8,0.4,10:00,14:30,78,9.0,11.08,-96.3,
4957,TLT,5,26,5.0,50.0,0.8,0.4,10:00,15:30,79,3.8,11.04,-96.3,
4958,TLT,5,26,2.0,50.0,0.6,0.4,10:00,15:30,79,3.8,11.04,-96.3,
4959,"QQQ,MSTR",5,20,2.0,50.0,0.6,0.4,10:00,15:30,80,2.5,10.99,-96.3,
4960,"MSTR,COIN",9,20,5.0,50.0,0.8,0.5,10:00,15:30,81,7.4,11.17,-96.3,
4961,RIVN,9,20,5.0,30.0,0.6,0.4,10:00,14:30,78,9.0,11.09,-96.3,
4962,"SPY,NVDA",9,20,5.0,30.0,0.6,0.4,10:00,15:30,81,1.2,11.15,-96.3,
4963,"MSTR,COIN",9,20,2.0,30.0,0.8,0.5,10:00,15:30,81,4.9,10.87,-96.4,
4964,"MSTR,COIN",9,26,1.0,50.0,0.6,0.5,10:00,15:30,81,3.7,10.72,-96.4,
4965,"MSTR,COIN",9,26,1.0,30.0,0.8,0.5,10:00,15:30,81,3.7,10.72,-96.4,
4966,"MSTR,COIN",9,26,1.0,30.0,0.6,0.5,10:00,15:30,81,3.7,10.72,-96.4,
4967,TLT,9,26,2.0,30.0,0.6,0.5,10:00,15:30,79,6.3,10.79,-96.4,
4968,TLT,9,26,5.0,30.0,0.6,0.5,10:00,15:30,79,6.3,10.79,-96.4,
4969,TLT,9,26,5.0,30.0,0.8,0.5,10:00,15:30,79,6.3,10.79,-96.4,
4970,TLT,9,26,2.0,50.0,0.6,0.5,10:00,15:30,79,6.3,10.79,-96.4,
4971,"MSTR,COIN",9,20,2.0,30.0,0.6,0.5,10:00,15:30,81,4.9,10.87,-96.4,
4972,TLT,9,26,5.0,50.0,0.8,0.5,10:00,15:30,79,6.3,10.79,-96.4,
4973,TLT,5,26,1.0,30.0,0.8,0.4,10:00,15:30,79,3.8,10.77,-96.4,
4974,"MSTR,COIN",9,20,2.0,50.0,0.8,0.5,10:00,15:30,81,4.9,10.87,-96.4,
4975,TLT,9,26,2.0,30.0,0.8,0.5,10:00,15:30,79,6.3,10.79,-96.4,
4976,"MSTR,COIN",9,26,1.0,50.0,0.8,0.5,10:00,15:30,81,3.7,10.72,-96.4,
4977,TLT,9,26,2.0,50.0,0.8,0.5,10:00,15:30,79,6.3,10.79,-96.4,
4978,TLT,5,26,1.0,50.0,0.8,0.4,10:00,15:30,79,3.8,10.73,-96.4,
4979,TLT,9,26,5.0,50.0,0.6,0.5,10:00,15:30,79,6.3,10.79,-96.4,
4980,"MSTR,COIN",9,20,2.0,50.0,0.6,0.5,10:00,15:30,81,4.9,10.87,-96.4,
4981,RIVN,9,20,5.0,50.0,0.6,0.5,10:00,14:30,78,10.3,10.39,-96.5,
4982,TLT,9,26,1.0,30.0,0.6,0.5,10:00,15:30,79,6.3,10.42,-96.5,
4983,"MSTR,COIN",9,20,2.0,50.0,0.8,0.4,10:00,15:30,81,3.7,10.39,-96.5,
4984,RIVN,9,20,1.0,30.0,0.8,0.5,10:00,14:30,78,10.3,10.59,-96.5,
4985,TLT,5,26,1.0,30.0,0.6,0.4,10:00,15:30,79,3.8,10.56,-96.5,
4986,RIVN,9,20,1.0,30.0,0.6,0.5,10:00,14:30,78,10.3,10.59,-96.5,
4987,"MSTR,COIN",9,20,2.0,50.0,0.6,0.4,10:00,15:30,81,3.7,10.39,-96.5,
4988,"MSTR,RIVN,SMCI,COIN",5,20,2.0,30.0,0.8,0.5,10:00,15:30,81,3.7,10.44,-96.5,
4989,"QQQ,TSLA",5,26,5.0,50.0,0.6,0.5,10:00,15:30,81,2.5,10.6,-96.5,
4990,TLT,9,26,1.0,50.0,0.6,0.5,10:00,15:30,79,6.3,10.42,-96.5,
4991,RIVN,9,20,2.0,30.0,0.8,0.5,10:00,14:30,78,10.3,10.38,-96.5,
4992,RIVN,9,20,5.0,30.0,0.8,0.5,10:00,14:30,78,10.3,10.39,-96.5,
4993,"MSTR,COIN",9,20,2.0,30.0,0.6,0.4,10:00,15:30,81,3.7,10.39,-96.5,
4994,TLT,9,26,1.0,30.0,0.8,0.5,10:00,15:30,79,6.3,10.46,-96.5,
4995,RIVN,9,20,2.0,50.0,0.6,0.5,10:00,14:30,78,10.3,10.38,-96.5,
4996,RIVN,9,20,1.0,50.0,0.8,0.5,10:00,14:30,78,10.3,10.59,-96.5,
4997,RIVN,9,20,5.0,30.0,0.6,0.5,10:00,14:30,78,10.3,10.39,-96.5,
4998,RIVN,9,20,2.0,50.0,0.8,0.5,10:00,14:30,78,10.3,10.38,-96.5,
4999,RIVN,9,20,5.0,50.0,0.8,0.5,10:00,14:30,78,10.3,10.39,-96.5,
5000,"MSTR,COIN",9,20,2.0,30.0,0.8,0.4,10:00,15:30,81,3.7,10.39,-96.5,
5001,TLT,5,26,1.0,50.0,0.6,0.4,10:00,15:30,79,3.8,10.56,-96.5,
5002,RIVN,9,20,2.0,30.0,0.6,0.5,10:00,14:30,78,10.3,10.38,-96.5,
5003,RIVN,9,20,1.0,50.0,0.6,0.5,10:00,14:30,78,10.3,10.59,-96.5,
5004,"MSTR,RIVN,SMCI,COIN",5,20,2.0,50.0,0.8,0.5,10:00,15:30,81,3.7,10.44,-96.5,
5005,"MSTR,RIVN,SMCI,COIN",9,20,5.0,30.0,0.6,0.5,10:00,15:30,81,1.2,10.06,-96.6,
5006,"SPY,NVDA",5,26,5.0,30.0,0.8,0.5,10:00,15:30,81,4.9,10.19,-96.6,
5007,"MSTR,RIVN,SMCI,COIN",9,20,5.0,30.0,0.8,0.5,10:00,15:30,81,1.2,10.06,-96.6,
5008,"SPY,NVDA",5,26,5.0,30.0,0.6,0.5,10:00,15:30,81,4.9,10.19,-96.6,
5009,PLTR,9,26,5.0,50.0,0.6,0.5,10:00,15:30,75,4.0,10.1,-96.6,
5010,"MSTR,RIVN,SMCI,COIN",9,20,5.0,50.0,0.8,0.5,10:00,15:30,81,1.2,10.06,-96.6,
5011,"SPY,NVDA",5,26,5.0,50.0,0.6,0.5,10:00,15:30,81,4.9,10.19,-96.6,
5012,PLTR,9,26,5.0,30.0,0.6,0.5,10:00,15:30,75,4.0,10.1,-96.6,
5013,"SPY,NVDA",5,26,5.0,50.0,0.8,0.5,10:00,15:30,81,4.9,10.19,-96.6,
5014,PLTR,9,26,5.0,50.0,0.8,0.5,10:00,15:30,75,4.0,10.1,-96.6,
5015,PLTR,9,26,5.0,30.0,0.8,0.5,10:00,15:30,75,4.0,10.1,-96.6,
5016,"MSTR,RIVN,SMCI,COIN",9,20,5.0,50.0,0.6,0.5,10:00,15:30,81,1.2,10.06,-96.6,
5017,RIVN,5,26,2.0,30.0,0.6,0.5,10:00,15:30,79,3.8,9.79,-96.7,
5018,RIVN,5,26,2.0,50.0,0.6,0.5,10:00,15:30,79,3.8,9.79,-96.7,
5019,RIVN,5,26,2.0,50.0,0.8,0.5,10:00,15:30,79,3.8,9.79,-96.7,
5020,RIVN,5,26,5.0,30.0,0.8,0.5,10:00,15:30,79,3.8,9.79,-96.7,
5021,RIVN,5,26,5.0,50.0,0.6,0.5,10:00,15:30,79,3.8,9.79,-96.7,
5022,RIVN,5,26,5.0,50.0,0.8,0.5,10:00,15:30,79,3.8,9.79,-96.7,
5023,RIVN,5,26,2.0,30.0,0.8,0.5,10:00,15:30,79,3.8,9.79,-96.7,
5024,RIVN,5,26,5.0,30.0,0.6,0.5,10:00,15:30,79,3.8,9.79,-96.7,
5025,RIVN,5,26,5.0,30.0,0.6,0.5,10:00,14:30,79,8.9,9.58,-96.8,
5026,RIVN,5,26,2.0,30.0,0.8,0.5,10:00,14:30,79,8.9,9.58,-96.8,
5027,RIVN,5,26,2.0,50.0,0.6,0.5,10:00,14:30,79,8.9,9.58,-96.8,
5028,RIVN,5,26,5.0,50.0,0.8,0.5,10:00,14:30,79,8.9,9.58,-96.8,
5029,RIVN,5,26,1.0,30.0,0.8,0.5,10:00,15:30,79,3.8,9.5,-96.8,
5030,RIVN,5,26,1.0,50.0,0.8,0.5,10:00,15:30,79,3.8,9.5,-96.8,
5031,RIVN,5,26,5.0,50.0,0.6,0.5,10:00,14:30,79,8.9,9.58,-96.8,
5032,RIVN,5,26,5.0,30.0,0.8,0.5,10:00,14:30,79,8.9,9.58,-96.8,
5033,RIVN,5,26,2.0,30.0,0.6,0.5,10:00,14:30,79,8.9,9.58,-96.8,
5034,RIVN,5,26,1.0,50.0,0.6,0.5,10:00,15:30,79,3.8,9.5,-96.8,
5035,RIVN,5,26,1.0,30.0,0.6,0.5,10:00,15:30,79,3.8,9.5,-96.8,
5036,RIVN,5,26,2.0,50.0,0.8,0.5,10:00,14:30,79,8.9,9.58,-96.8,
5037,"QQQ,MSTR",9,20,2.0,30.0,0.6,0.5,10:00,15:30,79,2.5,9.43,-96.9,
5038,"QQQ,MSTR",9,20,2.0,50.0,0.6,0.5,10:00,15:30,79,2.5,9.43,-96.9,
5039,"QQQ,MSTR",9,20,2.0,50.0,0.8,0.5,10:00,15:30,79,2.5,9.43,-96.9,
5040,"QQQ,MSTR",9,20,2.0,30.0,0.8,0.5,10:00,15:30,79,2.5,9.43,-96.9,
5041,RIVN,9,26,2.0,30.0,0.6,0.4,10:00,15:30,79,5.1,9.06,-97.0,
5042,RIVN,9,26,2.0,50.0,0.8,0.4,10:00,15:30,79,5.1,9.06,-97.0,
5043,RIVN,9,26,1.0,50.0,0.6,0.4,10:00,15:30,79,5.1,9.09,-97.0,
5044,RIVN,9,26,5.0,50.0,0.8,0.4,10:00,15:30,79,5.1,9.06,-97.0,
5045,RIVN,9,26,5.0,50.0,0.6,0.4,10:00,15:30,79,5.1,9.06,-97.0,
5046,RIVN,9,26,1.0,30.0,0.8,0.4,10:00,15:30,79,5.1,9.09,-97.0,
5047,RIVN,9,26,1.0,30.0,0.6,0.4,10:00,15:30,79,5.1,9.09,-97.0,
5048,RIVN,9,26,5.0,30.0,0.6,0.4,10:00,15:30,79,5.1,9.06,-97.0,
5049,RIVN,9,26,1.0,50.0,0.8,0.4,10:00,15:30,79,5.1,9.09,-97.0,
5050,RIVN,9,26,2.0,30.0,0.8,0.4,10:00,15:30,79,5.1,9.06,-97.0,
5051,RIVN,9,26,5.0,30.0,0.8,0.4,10:00,15:30,79,5.1,9.06,-97.0,
5052,RIVN,9,26,2.0,50.0,0.6,0.4,10:00,15:30,79,5.1,9.06,-97.0,
5053,"SPY,QQQ,NVDA",5,26,5.0,50.0,0.6,0.5,10:00,15:30,81,2.5,8.35,-97.2,
5054,"QQQ,MSTR",5,26,2.0,50.0,0.6,0.5,10:00,15:30,80,2.5,8.54,-97.2,
5055,"QQQ,MSTR",5,26,2.0,30.0,0.6,0.5,10:00,15:30,80,2.5,8.54,-97.2,
5056,"SPY,QQQ,NVDA",5,26,5.0,30.0,0.6,0.5,10:00,15:30,81,2.5,8.35,-97.2,
5057,"QQQ,MSTR",5,26,5.0,30.0,0.8,0.4,10:00,15:30,80,1.2,8.31,-97.2,
5058,"SPY,QQQ,NVDA",5,26,5.0,50.0,0.8,0.5,10:00,15:30,81,2.5,8.35,-97.2,
5059,"SPY,QQQ,NVDA",5,26,5.0,30.0,0.8,0.5,10:00,15:30,81,2.5,8.35,-97.2,
5060,"QQQ,MSTR",5,26,2.0,30.0,0.8,0.5,10:00,15:30,80,2.5,8.54,-97.2,
5061,"QQQ,MSTR",5,26,5.0,50.0,0.6,0.4,10:00,15:30,80,1.2,8.31,-97.2,
5062,"QQQ,MSTR",5,26,5.0,50.0,0.8,0.4,10:00,15:30,80,1.2,8.31,-97.2,
5063,"QQQ,MSTR",5,26,2.0,50.0,0.8,0.5,10:00,15:30,80,2.5,8.54,-97.2,
5064,"QQQ,MSTR",5,26,5.0,30.0,0.6,0.4,10:00,15:30,80,1.2,8.31,-97.2,
5065,"SPY,QQQ,NVDA",9,20,5.0,50.0,0.8,0.5,10:00,15:30,81,1.2,8.05,-97.3,
5066,"SPY,QQQ,NVDA",9,20,5.0,50.0,0.6,0.5,10:00,15:30,81,1.2,8.05,-97.3,
5067,TLT,5,26,5.0,30.0,0.8,0.5,10:00,15:30,79,5.1,8.12,-97.3,
5068,RIVN,5,20,2.0,50.0,0.8,0.5,10:00,14:30,79,6.3,8.07,-97.3,
5069,TLT,5,26,1.0,30.0,0.8,0.5,10:00,15:30,79,5.1,8.0,-97.3,
5070,TLT,5,26,2.0,50.0,0.6,0.5,10:00,15:30,79,5.1,8.07,-97.3,
5071,"SPY,QQQ,NVDA",9,20,5.0,30.0,0.6,0.5,10:00,15:30,81,1.2,8.05,-97.3,
5072,RIVN,5,20,5.0,50.0,0.8,0.5,10:00,14:30,79,6.3,8.07,-97.3,
5073,"SPY,QQQ,NVDA",9,20,5.0,30.0,0.8,0.5,10:00,15:30,81,1.2,8.05,-97.3,
5074,RIVN,5,20,5.0,50.0,0.6,0.5,10:00,14:30,79,6.3,8.07,-97.3,
5075,RIVN,9,20,1.0,50.0,0.6,0.4,10:00,15:30,79,3.8,8.08,-97.3,
5076,TLT,5,26,1.0,50.0,0.8,0.5,10:00,15:30,79,5.1,8.12,-97.3,
5077,RIVN,5,20,2.0,30.0,0.8,0.5,10:00,14:30,79,6.3,8.07,-97.3,
5078,TLT,5,26,5.0,50.0,0.8,0.5,10:00,15:30,79,5.1,8.07,-97.3,
5079,TLT,5,26,2.0,30.0,0.6,0.5,10:00,15:30,79,5.1,8.12,-97.3,
5080,RIVN,5,20,5.0,30.0,0.6,0.5,10:00,14:30,79,6.3,8.07,-97.3,
5081,RIVN,5,20,5.0,30.0,0.8,0.5,10:00,14:30,79,6.3,8.07,-97.3,
5082,TLT,5,26,2.0,50.0,0.8,0.5,10:00,15:30,79,5.1,8.07,-97.3,
5083,RIVN,5,20,2.0,50.0,0.6,0.5,10:00,14:30,79,6.3,8.07,-97.3,
5084,RIVN,9,20,1.0,50.0,0.8,0.4,10:00,15:30,79,3.8,8.08,-97.3,
5085,RIVN,5,20,2.0,30.0,0.6,0.5,10:00,14:30,79,6.3,8.07,-97.3,
5086,TLT,5,26,5.0,50.0,0.6,0.5,10:00,15:30,79,5.1,8.07,-97.3,
5087,TLT,5,26,5.0,30.0,0.6,0.5,10:00,15:30,79,5.1,8.12,-97.3,
5088,RIVN,9,20,1.0,30.0,0.6,0.4,10:00,15:30,79,3.8,8.08,-97.3,
5089,RIVN,9,20,1.0,30.0,0.8,0.4,10:00,15:30,79,3.8,8.08,-97.3,
5090,TLT,5,26,2.0,30.0,0.8,0.5,10:00,15:30,79,5.1,8.12,-97.3,
5091,"IWM,PLTR",9,20,2.0,30.0,0.6,0.5,10:00,14:30,80,2.5,7.9,-97.4,
5092,RIVN,5,20,1.0,30.0,0.8,0.5,10:00,14:30,79,6.3,7.89,-97.4,
5093,"IWM,PLTR",9,20,2.0,50.0,0.6,0.5,10:00,14:30,80,2.5,7.9,-97.4,
5094,RIVN,5,20,1.0,50.0,0.6,0.5,10:00,14:30,79,6.3,7.89,-97.4,
5095,"QQQ,MSTR",5,26,5.0,50.0,0.6,0.5,10:00,15:30,80,2.5,7.84,-97.4,
5096,RIVN,5,20,1.0,30.0,0.6,0.5,10:00,14:30,79,6.3,7.89,-97.4,
5097,"QQQ,MSTR",5,26,5.0,30.0,0.6,0.5,10:00,15:30,80,2.5,7.84,-97.4,
5098,"QQQ,MSTR",5,26,5.0,30.0,0.8,0.5,10:00,15:30,80,2.5,7.84,-97.4,
5099,"IWM,PLTR",9,20,2.0,30.0,0.8,0.5,10:00,14:30,80,2.5,7.9,-97.4,
5100,"QQQ,MSTR",5,26,5.0,50.0,0.8,0.5,10:00,15:30,80,2.5,7.84,-97.4,
5101,RIVN,5,20,1.0,50.0,0.8,0.5,10:00,14:30,79,6.3,7.89,-97.4,
5102,"IWM,PLTR",9,20,2.0,50.0,0.8,0.5,10:00,14:30,80,2.5,7.9,-97.4,
5103,TLT,5,26,1.0,30.0,0.6,0.5,10:00,15:30,79,5.1,7.45,-97.5,
5104,"IWM,PLTR",9,20,5.0,30.0,0.6,0.5,10:00,14:30,80,2.5,7.49,-97.5,
5105,"IWM,PLTR",9,20,5.0,30.0,0.8,0.5,10:00,14:30,80,2.5,7.49,-97.5,
5106,"IWM,PLTR",9,20,5.0,50.0,0.8,0.5,10:00,14:30,80,2.5,7.49,-97.5,
5107,TLT,5,26,1.0,50.0,0.6,0.5,10:00,15:30,79,5.1,7.45,-97.5,
5108,"IWM,PLTR",9,20,5.0,50.0,0.6,0.5,10:00,14:30,80,2.5,7.49,-97.5,
5109,COIN,9,26,2.0,30.0,0.6,0.5,10:00,15:30,81,3.7,7.19,-97.6,
5110,COIN,9,26,2.0,50.0,0.8,0.5,10:00,15:30,81,3.7,7.19,-97.6,
5111,"SPY,QQQ,NVDA",5,26,5.0,50.0,0.6,0.5,10:00,14:30,80,2.5,7.25,-97.6,
5112,"SPY,QQQ,NVDA",5,26,5.0,30.0,0.6,0.5,10:00,14:30,80,2.5,7.25,-97.6,
5113,COIN,9,26,2.0,50.0,0.6,0.5,10:00,15:30,81,3.7,7.19,-97.6,
5114,COIN,9,26,2.0,30.0,0.8,0.5,10:00,15:30,81,3.7,7.19,-97.6,
5115,"SPY,QQQ,NVDA",5,26,5.0,30.0,0.8,0.5,10:00,14:30,80,2.5,7.25,-97.6,
5116,"SPY,QQQ,NVDA",5,26,5.0,50.0,0.8,0.5,10:00,14:30,80,2.5,7.25,-97.6,
5117,TLT,5,20,5.0,30.0,0.8,0.5,10:00,15:30,80,3.8,6.8,-97.7,
5118,TLT,5,20,2.0,30.0,0.8,0.5,10:00,15:30,80,3.8,6.8,-97.7,
5119,TLT,5,20,5.0,30.0,0.6,0.5,10:00,15:30,80,3.8,6.8,-97.7,
5120,TLT,5,20,2.0,30.0,0.6,0.5,10:00,15:30,80,3.8,6.8,-97.7,
5121,TLT,5,20,5.0,50.0,0.8,0.5,10:00,15:30,80,3.8,6.62,-97.8,
5122,TLT,5,20,5.0,50.0,0.6,0.5,10:00,15:30,80,3.8,6.62,-97.8,
5123,TLT,5,20,1.0,30.0,0.8,0.5,10:00,15:30,80,3.8,6.56,-97.8,
5124,TLT,5,20,1.0,50.0,0.8,0.5,10:00,15:30,80,3.8,6.55,-97.8,
5125,TLT,5,20,2.0,50.0,0.6,0.5,10:00,15:30,80,3.8,6.62,-97.8,
5126,TLT,5,20,2.0,50.0,0.8,0.5,10:00,15:30,80,3.8,6.62,-97.8,
5127,"QQQ,TSLA",5,26,2.0,30.0,0.6,0.5,10:00,15:30,81,2.5,6.21,-97.9,
5128,TLT,5,20,1.0,30.0,0.6,0.5,10:00,15:30,80,3.8,6.34,-97.9,
5129,RIVN,9,26,2.0,50.0,0.8,0.5,10:00,15:30,79,5.1,6.16,-97.9,
5130,TLT,5,20,1.0,50.0,0.6,0.5,10:00,15:30,80,3.8,6.34,-97.9,
5131,RIVN,9,26,2.0,50.0,0.6,0.5,10:00,15:30,79,5.1,6.16,-97.9,
5132,RIVN,9,26,2.0,30.0,0.8,0.5,10:00,15:30,79,5.1,6.16,-97.9,
5133,RIVN,9,26,2.0,30.0,0.6,0.5,10:00,15:30,79,5.1,6.16,-97.9,
5134,RIVN,9,26,5.0,30.0,0.8,0.5,10:00,15:30,79,5.1,6.16,-97.9,
5135,RIVN,9,26,5.0,30.0,0.6,0.5,10:00,15:30,79,5.1,6.16,-97.9,
5136,COIN,9,26,1.0,30.0,0.6,0.5,10:00,15:30,81,2.5,6.23,-97.9,
5137,COIN,9,26,1.0,50.0,0.8,0.5,10:00,15:30,81,2.5,6.23,-97.9,
5138,COIN,9,26,1.0,30.0,0.8,0.5,10:00,15:30,81,2.5,6.23,-97.9,
5139,RIVN,9,26,5.0,50.0,0.6,0.5,10:00,15:30,79,5.1,6.16,-97.9,
5140,COIN,9,26,1.0,50.0,0.6,0.5,10:00,15:30,81,2.5,6.23,-97.9,
5141,RIVN,9,26,5.0,50.0,0.8,0.5,10:00,15:30,79,5.1,6.16,-97.9,
5142,"QQQ,TSLA",5,26,2.0,50.0,0.6,0.5,10:00,15:30,81,2.5,5.95,-98.0,
5143,RIVN,9,20,1.0,30.0,0.6,0.5,10:00,15:30,78,3.8,5.61,-98.1,
5144,RIVN,9,26,1.0,50.0,0.6,0.5,10:00,15:30,79,3.8,5.82,-98.1,
5145,RIVN,9,20,1.0,50.0,0.6,0.5,10:00,15:30,78,3.8,5.61,-98.1,
5146,RIVN,9,26,1.0,30.0,0.8,0.5,10:00,15:30,79,3.8,5.82,-98.1,
5147,RIVN,9,20,1.0,30.0,0.8,0.5,10:00,15:30,78,3.8,5.61,-98.1,
5148,RIVN,9,20,5.0,50.0,0.6,0.4,10:00,15:30,78,2.6,5.69,-98.1,
5149,RIVN,9,26,1.0,30.0,0.6,0.5,10:00,15:30,79,3.8,5.82,-98.1,
5150,RIVN,9,20,2.0,50.0,0.8,0.4,10:00,15:30,78,2.6,5.69,-98.1,
5151,RIVN,9,26,1.0,50.0,0.8,0.5,10:00,15:30,79,3.8,5.82,-98.1,
5152,RIVN,9,20,2.0,50.0,0.6,0.4,10:00,15:30,78,2.6,5.69,-98.1,
5153,RIVN,9,20,2.0,30.0,0.6,0.4,10:00,15:30,78,2.6,5.69,-98.1,
5154,RIVN,9,20,5.0,50.0,0.8,0.4,10:00,15:30,78,2.6,5.69,-98.1,
5155,RIVN,9,20,5.0,30.0,0.6,0.4,10:00,15:30,78,2.6,5.69,-98.1,
5156,RIVN,9,20,2.0,30.0,0.8,0.4,10:00,15:30,78,2.6,5.69,-98.1,
5157,RIVN,9,20,5.0,30.0,0.8,0.4,10:00,15:30,78,2.6,5.69,-98.1,
5158,RIVN,9,20,1.0,50.0,0.8,0.5,10:00,15:30,78,3.8,5.61,-98.1,
5159,"MSTR,RIVN,SMCI,COIN",5,26,2.0,30.0,0.8,0.5,10:00,15:30,81,2.5,5.11,-98.3,
5160,RIVN,9,20,2.0,30.0,0.8,0.5,10:00,15:30,78,3.8,5.06,-98.3,
5161,RIVN,9,20,5.0,30.0,0.6,0.5,10:00,15:30,78,3.8,5.06,-98.3,
5162,RIVN,9,20,2.0,50.0,0.6,0.5,10:00,15:30,78,3.8,5.06,-98.3,
5163,"MSTR,RIVN,SMCI,COIN",5,26,2.0,50.0,0.8,0.5,10:00,15:30,81,2.5,5.11,-98.3,
5164,"MSTR,RIVN,SMCI,COIN",5,26,2.0,50.0,0.6,0.5,10:00,15:30,81,2.5,5.11,-98.3,
5165,RIVN,9,20,5.0,50.0,0.6,0.5,10:00,15:30,78,3.8,5.06,-98.3,
5166,RIVN,9,20,5.0,50.0,0.8,0.5,10:00,15:30,78,3.8,5.06,-98.3,
5167,RIVN,9,20,5.0,30.0,0.8,0.5,10:00,15:30,78,3.8,5.06,-98.3,
5168,RIVN,9,20,2.0,30.0,0.6,0.5,10:00,15:30,78,3.8,5.06,-98.3,
5169,"MSTR,RIVN,SMCI,COIN",5,26,2.0,30.0,0.6,0.5,10:00,15:30,81,2.5,5.11,-98.3,
5170,RIVN,9,20,2.0,50.0,0.8,0.5,10:00,15:30,78,3.8,5.06,-98.3,
5171,"QQQ,MSTR",5,20,2.0,30.0,0.8,0.5,10:00,15:30,80,1.2,4.93,-98.4,
5172,COIN,9,26,5.0,30.0,0.8,0.5,10:00,15:30,74,0.0,4.85,-98.4,
5173,COIN,9,26,5.0,30.0,0.6,0.5,10:00,15:30,74,0.0,4.85,-98.4,
5174,COIN,9,26,5.0,50.0,0.6,0.5,10:00,15:30,74,0.0,4.85,-98.4,
5175,"QQQ,MSTR",5,20,5.0,50.0,0.8,0.5,10:00,15:30,80,1.2,4.74,-98.4,
5176,"QQQ,MSTR",5,20,5.0,50.0,0.6,0.5,10:00,15:30,80,1.2,4.74,-98.4,
5177,COIN,9,26,5.0,50.0,0.8,0.5,10:00,15:30,74,0.0,4.85,-98.4,
5178,"QQQ,MSTR",5,20,2.0,50.0,0.8,0.5,10:00,15:30,80,1.2,4.93,-98.4,
5179,"QQQ,MSTR",5,20,5.0,30.0,0.6,0.5,10:00,15:30,80,1.2,4.74,-98.4,
5180,"QQQ,MSTR",5,20,5.0,30.0,0.8,0.5,10:00,15:30,80,1.2,4.74,-98.4,
5181,"MSTR,RIVN,SMCI,COIN",5,26,5.0,30.0,0.6,0.5,10:00,15:30,81,1.2,4.65,-98.5,
5182,"MSTR,RIVN,SMCI,COIN",5,26,5.0,50.0,0.6,0.5,10:00,15:30,81,1.2,4.65,-98.5,
5183,"MSTR,RIVN,SMCI,COIN",5,26,5.0,30.0,0.8,0.5,10:00,15:30,81,1.2,4.65,-98.5,
5184,"MSTR,RIVN,SMCI,COIN",5,26,5.0,50.0,0.8,0.5,10:00,15:30,81,1.2,4.65,-98.5,
